publisher_name,genre,game_title,year,total_sales,genre_year_median,vs_median_ratio,entry_performance
08-Apr,Role-Playing,Undertale,2018,0.0200,0.0500,0.40,weak entry
10tacle Studios,Puzzle,Boulder Dash: Rocks!,2007,0.0300,0.0600,0.50,below median
10tacle Studios,Racing,Gtr 2: Fia Gt Racing Game,2006,0.0000,0.0800,0.00,weak entry
11 Bit Studios,Action,This War Of Mine,2016,0.0400,0.0700,0.57,below median
1c Company,Racing,Off-Road Drive,2011,0.0400,0.1300,0.31,weak entry
1c Company,Shooter,Necrovision,2009,0.0100,0.1300,0.08,weak entry
1c Company,Strategy,King'S Bounty: Armored Princess,2009,0.0100,0.0300,0.33,weak entry
1c Maddox Games,Action,Il-2 Sturmovik: Battle Of Stalingrad,2014,0.0000,0.1450,0.00,weak entry
2k Games,Action,The Da Vinci Code,2006,0.1800,0.0800,2.25,strong breakout
2k Games,Action-Adventure,Mafia Iii,2016,3.9800,0.2550,15.61,strong breakout
2k Games,Misc,New Carnival Games,2010,0.8400,0.1100,7.64,strong breakout
2k Games,Party,Carnival Games,2018,0.3700,0.0500,7.40,strong breakout
2k Games,Role-Playing,Dungeon Siege Ii: Broken World,2006,0.0100,0.0600,0.17,weak entry
2k Games,Simulation,Sid Meier'S Railroads!,2006,0.0400,0.0400,1.00,above median
2k Games,Sports,Don King Presents: Prizefighter,2008,0.2500,0.1700,1.47,above median
2k Play,Action,Go Diego Go! Great Dinosaur Rescue,2008,1.0600,0.1600,6.63,strong breakout
2k Play,Adventure,"Go, Diego, Go! Safari Rescue",2007,0.1500,0.0400,3.75,strong breakout
2k Play,Misc,Carnival Games,2008,2.0400,0.1200,17.00,strong breakout
2k Play,Party,Carnival Games: Wild West 3d,2011,0.0900,0.0900,1.00,above median
2k Play,Platform,Dora The Explorer: Dora Saves The Mermaids,2007,1.0500,0.3500,3.00,strong breakout
2k Play,Sports,Carnival Games: Mini Golf,2008,1.5600,0.1700,9.18,strong breakout
2k Play,Strategy,Dora & Kai-Lan'S Pet Shelter,2011,0.1000,0.0750,1.33,above median
2k Sports,Fighting,Wwe 2k14,2013,2.3200,0.1700,13.65,strong breakout
3 O'Clock,Misc,Bikkuriman Daijiten,2007,0.0300,0.0900,0.33,weak entry
49games,Sports,Summer Athletics 2009,2009,0.0300,0.1650,0.18,weak entry
505 Games,Action,Shin Chan: Las Nuevas Aventuras Para Wii!,2008,0.0700,0.1600,0.44,weak entry
505 Games,Action-Adventure,Terraria,2013,0.5500,0.1850,2.97,strong breakout
505 Games,Adventure,"Lupin Iii: Lupin Ni Wa Shi O, Zenigata Ni Wa Koi O",2008,0.0500,0.0400,1.25,above median
505 Games,Fighting,Battle Fantasia,2009,0.0100,0.1400,0.07,weak entry
505 Games,Misc,New Touch Party Game,2007,0.0000,0.0900,0.00,weak entry
505 Games,Platform,¡Shin Chan Flipa En Colores!,2007,0.1400,0.3500,0.40,weak entry
505 Games,Puzzle,The Professor'S Brain Trainer: Logic,2006,0.0200,0.0500,0.40,weak entry
505 Games,Racing,Days Of Thunder: Nascar Edition,2011,0.0000,0.1300,0.00,weak entry
505 Games,Role-Playing,Portal Knights,2017,0.1400,0.0700,2.00,strong breakout
505 Games,Shooter,Arma: Queen'S Gambit,2007,0.0000,0.1250,0.00,weak entry
505 Games,Simulation,Aces Of War,2007,0.0000,0.1050,0.00,weak entry
505 Games,Sports,Championship Foosball,2008,0.0900,0.1700,0.53,below median
505 Games,Strategy,Dawn Of Fantasy,2011,0.0100,0.0750,0.13,weak entry
5pb,Action,Keitai Sousakan 7 Ds: Buddy Sequence,2009,0.0000,0.1700,0.00,weak entry
5pb,Adventure,Kanokon: Esuii,2008,0.0100,0.0400,0.25,weak entry
5pb,Misc,Akatsuki No Goei Trinity,2012,0.0200,0.0200,1.00,above median
5pb,Role-Playing,Item Getter: Bokura No Kagaku To Mahou No Kankei,2009,0.0000,0.0750,0.00,weak entry
5pb,Shooter,Dodonpachi Dai-Oujou: Black Label Extra,2009,0.0200,0.1300,0.15,weak entry
5pb,Visual Novel,Lucian Bee'S: Justice Yellow / Evil Violet,2010,0.0700,0.0450,1.56,above median
704games,Racing,Nascar Heat 2,2017,0.2500,0.0650,3.85,strong breakout
7g//Ames,Misc,Family Quiz,2010,0.0000,0.1100,0.00,weak entry
7g//Ames,Puzzle,Know How 2,2010,0.0100,0.0450,0.22,weak entry
7g//Ames,Simulation,Germany'S Next Topmodel 2011,2011,0.0400,0.0800,0.50,below median
Abel,Adventure,Fukakutei Sekai No Tantei Shinshi: Akugyou Futaasa No Jiken File,2009,0.0100,0.0300,0.33,weak entry
Acquire,Action,Kamiwaza,2006,0.0500,0.0800,0.63,below median
Acquire,Action-Adventure,Akiba'S Trip Plus,2012,0.0800,0.3300,0.24,weak entry
Acquire,Adventure,Akiba'S Trip,2011,0.1400,0.0400,3.50,strong breakout
Acquire,Role-Playing,Dun←Dam: Dungeons & Dam,2009,0.0100,0.0750,0.13,weak entry
Acquire,Strategy,Ken To Mahou To Gakuen Mono. Final: Shinnyusei Wa Ohimesama,2011,0.0800,0.0750,1.07,above median
Activision,Action-Adventure,Family Guy: Back To The Multiverse,2012,0.5200,0.3300,1.58,above median
Activision,Music,The Voice,2014,0.3000,0.1550,1.94,above median
Activision,Party,Wipeout 3 The Game,2012,0.9700,0.2200,4.41,strong breakout
Acttil,Role-Playing,Ray Gigant,2016,0.0500,0.0900,0.56,below median
Aerosoft,Simulation,My Traffic X,2007,0.0000,0.1050,0.00,weak entry
Agatsuma Entertainment,Misc,Anpanman Niko Niko Party,2010,0.0100,0.1100,0.09,weak entry
Agetec,Platform,Cookie & Cream,2007,0.0200,0.3500,0.06,weak entry
Agetec,Racing,Dt Carnage,2009,0.0400,0.1100,0.36,weak entry
Aksys Games,Action,Gladiator Begins,2010,0.1300,0.1900,0.68,below median
Aksys Games,Adventure,Jake Hunter: Detective Chronicles,2008,0.0200,0.0400,0.50,below median
Aksys Games,Fighting,Guilty Gear Xx Accent Core,2007,0.0800,0.0800,1.00,above median
Aksys Games,Misc,Rockin' Pretty,2009,0.0500,0.1100,0.45,weak entry
Aksys Games,Platform,Bit.Trip Saga,2011,0.1400,0.1100,1.27,above median
Aksys Games,Puzzle,Squeeballs Party,2009,0.3700,0.0600,6.17,strong breakout
Aksys Games,Racing,Sorcery Saga: Curse Of The Great Curry God,2013,0.0300,0.0500,0.60,below median
Aksys Games,Role-Playing,Hoshigami: Ruining Blue Earth Remix,2007,0.0100,0.0850,0.12,weak entry
Aksys Games,Shooter,Castle Of Shikigami Iii,2008,0.0400,0.1800,0.22,weak entry
Aksys Games,Simulation,Minicopter: Adventure Flight,2008,0.0500,0.0800,0.63,below median
Aksys Games,Sports,Hooked! Real Motion Fishing,2007,0.2300,0.1700,1.35,above median
Aksys Games,Strategy,Record Of Agarest War Zero,2011,0.2300,0.0750,3.07,strong breakout
Aksys Games,Visual Novel,Zero Escape: Virtue'S Last Reward,2012,0.0300,0.0250,1.20,above median
Alawar Entertainment,Action,Paranormal Pursuit: The Gifted One,2015,0.0200,0.0600,0.33,weak entry
Alawar Entertainment,Adventure,Vampire Saga: Pandora'S Box,2009,0.0000,0.0300,0.00,weak entry
Alawar Entertainment,Strategy,Farm Frenzy 3,2009,0.0400,0.0300,1.33,above median
Alchemist,Action,Nicola Kanshuu: Model * Oshare Audition 2,2011,0.0600,0.1700,0.35,weak entry
Alchemist,Adventure,Aria: The Natural ~Tooi Yume No Mirage~,2006,0.0200,0.0400,0.50,below median
Alchemist,Misc,Nicola Kanshuu: Model * Oshare Audition,2010,0.0600,0.1100,0.55,below median
Alchemist,Shooter,Triggerheart Excelica Enhanced,2009,0.0200,0.1300,0.15,weak entry
Alchemist,Simulation,Gal Gun,2011,0.0400,0.0800,0.50,below median
Alchemist,Visual Novel,Umineko No Naku Koro Ni San: Shinjitsu To Gensou No Yasoukyoku,2011,0.0200,0.0200,1.00,above median
Alliance Digital Media,Misc,Stern Pinball Arcade,2017,0.0600,0.0300,2.00,strong breakout
Alpha Unit,Sports,Nihon Yakyuu Kikou Shounin: Batting Revolution,2009,0.0000,0.1650,0.00,weak entry
Alternative Software,Action,Rugby Union Team Manager 2015,2014,0.0000,0.1450,0.00,weak entry
Alternative Software,Simulation,Rugby Union Team Manager 2017,2016,0.0300,0.0300,1.00,above median
Alternative Software,Sports,Rugby League 3,2010,0.0700,0.1800,0.39,weak entry
Althi Inc.,Misc,Worldneverland: Elnea Kingdom,2018,0.0000,0.0300,0.00,weak entry
Alvion,Misc,Poupee Girl Ds,2009,0.0200,0.1100,0.18,weak entry
Anuman,Adventure,Syberia Iii,2016,0.0500,0.0300,1.67,above median
Aq Interactive,Action,Vampire Rain,2007,0.2100,0.2000,1.05,above median
Aq Interactive,Fighting,Suggoi! Arcana Heart 2,2009,0.0300,0.1400,0.21,weak entry
Aq Interactive,Misc,Higurashi No Naku Koro Ni: Jan,2009,0.0200,0.1100,0.18,weak entry
Aqua Plus,Adventure,To Heart 2: Dungeon Travelers,2015,0.0600,0.0400,1.50,above median
Aqua Plus,Misc,Heartful Simulator Pachi-Slot: To Heart 2,2012,0.0100,0.0200,0.50,below median
Aqua Plus,Role-Playing,Dungeon Travelers 2: The Royal Library & The Monster Seal,2013,0.0800,0.0900,0.89,below median
Aqua Plus,Visual Novel,To Heart 2: Another Days,2009,0.0100,0.0100,1.00,above median
Aquaplus,Action,Utawarerumono Zan,2018,0.0300,0.0500,0.60,below median
Aquaplus,Role-Playing,Utawarerumono Portable,2009,0.0300,0.0750,0.40,weak entry
Aquaplus,Strategy,Tears To Tiara: Kakan No Daichi,2008,0.0800,0.0700,1.14,above median
Arc System Works,Action,Downtown Nekketsu Jidaigek,2015,0.0200,0.0600,0.33,weak entry
Arc System Works,Adventure,Tantei Jinguuji Saburo Ds: Kienai Kokoro,2008,0.0300,0.0400,0.75,below median
Arc System Works,Fighting,Blazblue: Continuum Shift Extend,2012,0.0100,0.1300,0.08,weak entry
Arc System Works,Misc,Phi Brain: Kizuna No Puzzle,2012,0.0100,0.0200,0.50,below median
Arc System Works,Role-Playing,Ranshima Monogatari Rare Land Story: Shoujo No Yakujou,2009,0.0000,0.0750,0.00,weak entry
Arc System Works,Shooter,Castle Of Shikigami Iii,2007,0.0100,0.1250,0.08,weak entry
Arc System Works,Visual Novel,Jake Hunter: Round Of Revenge,2012,0.0200,0.0250,0.80,below median
Arenanet,Role-Playing,Guild Wars 2 - Path Of Fire,2017,0.0100,0.0700,0.14,weak entry
Aria,Adventure,Yoake Yori Ruriiro Na: Brighter Than Dawning Blue,2006,0.0700,0.0400,1.75,above median
Aria,Visual Novel,Daitoshokan No Hitsujikai: Library Party,2018,0.0000,0.0100,0.00,weak entry
Arika,Shooter,Ketsui Death Label,2008,0.0200,0.1800,0.11,weak entry
Artifex Mundi Sp. Z O.O.,Puzzle,9 Clues 2: The Ward,2015,0.0000,0.0000,,strong breakout
Ascaron Entertainment,Simulation,The Train Giant,2012,0.0100,0.0850,0.12,weak entry
Ascii Media Works,Adventure,"Nogizaka Haruka No Himitsu Cosplay, Hajime Mashita",2008,0.0200,0.0400,0.50,below median
Ascii Media Works,Misc,Golden Time: Vivid Memories,2014,0.0100,0.0550,0.18,weak entry
Ascii Media Works,Role-Playing,Dengeki Gakuen Rpg: Cross Of Venus,2009,0.0500,0.0750,0.67,below median
Asgard,Action,Abunai: Koi No Sousa Shitsu,2015,0.0200,0.0600,0.33,weak entry
Asgard,Adventure,Starry * Sky: In Autumn - Psp Edition,2010,0.0300,0.0300,1.00,above median
Asgard,Misc,Unending Bloody Call,2012,0.0100,0.0200,0.50,below median
Asgard,Music,Megpoid The Music#,2013,0.0300,0.3350,0.09,weak entry
Asgard,Visual Novel,Starry * Sky: After Summer Portable,2013,0.0200,0.0200,1.00,above median
Asmik Ace Entertainment,Adventure,Tenshou Gakuen Gekkouroku,2006,0.0400,0.0400,1.00,above median
Aspyr,Adventure,Dreamfall: The Longest Journey,2006,0.0400,0.0400,1.00,above median
Aspyr,Misc,Guitar Hero Iii: Legends Of Rock,2007,0.0200,0.0900,0.22,weak entry
Aspyr,Racing,4x4 Hummer,2009,0.0000,0.1100,0.00,weak entry
Aspyr,Role-Playing,Fighting Fantasy: The Warlock Of Firetop Mountain,2009,0.0900,0.0750,1.20,above median
Aspyr,Shooter,Cryostasis: Sleep Of Reason,2009,0.0000,0.1300,0.00,weak entry
Aspyr,Simulation,Pony Luv,2008,0.0200,0.0800,0.25,weak entry
Aspyr,Strategy,Paraworld,2006,0.0200,0.0200,1.00,above median
Assemble Entertainment,Adventure,Leisure Suit Larry: Wet Dreams Don'T Dry,2018,0.0100,0.0300,0.33,weak entry
Astragon,Adventure,Dark Parables: The Little Mermaid And The Purple Tide,2016,0.0100,0.0300,0.33,weak entry
Asylum Entertainment,Adventure,Doctor Who: Return To Earth,2010,0.1800,0.0300,6.00,strong breakout
Asylum Entertainment,Platform,"Horrid Henry: The Good, The Bad And The Bugly",2011,0.0700,0.1100,0.64,below median
Atlus,Action-Adventure,Code Of Princess,2012,0.2000,0.3300,0.61,below median
Atlus,Misc,Jinsei Game Ds,2006,0.0200,0.0500,0.40,weak entry
Atlus,Music,Persona 4: Dancing All Night,2015,0.3800,0.2200,1.73,above median
Atlus,Platform,Steal Princess,2009,0.0200,0.1350,0.15,weak entry
Atlus,Visual Novel,Utawarerumono: Mask Of Truth,2017,0.2300,0.0200,11.50,strong breakout
Avanquest,Action,Fifi And The Flowertots: Fifi'S Garden Party,2011,0.0000,0.1700,0.00,weak entry
Avanquest,Adventure,The Mystery Of The Crystal Portal,2010,0.0000,0.0300,0.00,weak entry
Avanquest,Misc,Fifi And The Flowertots,2009,0.1000,0.1100,0.91,below median
Avanquest,Puzzle,Jewel Quest Mysteries: Curse Of The Emerald Tear,2010,0.2800,0.0450,6.22,strong breakout
Avanquest,Simulation,Supermodel Makeover By Lauren Luke,2009,0.0200,0.1000,0.20,weak entry
Avanquest,Sports,Dino Dini'S Kick Off Revival,2016,0.0300,0.3250,0.09,weak entry
Avanquest Software,Action,Thomas And Friends: Steaming Around Sodor,2015,0.0400,0.0600,0.67,below median
Avanquest Software,Adventure,Jewel Quest 6: The Sapphire Dragon,2012,0.0100,0.0400,0.25,weak entry
Avanquest Software,Misc,Everything'S Rosie,2013,0.0000,0.0600,0.00,weak entry
Avanquest Software,Puzzle,Mahjong Mysteries: Ancient Egypt,2010,0.0000,0.0450,0.00,weak entry
Avanquest Software,Simulation,Rollercoaster Tycoon 8 Pack,2015,0.0000,0.0200,0.00,weak entry
Badland Games,Adventure,The Sexy Brutale,2017,0.0800,0.0200,4.00,strong breakout
Badland Studio,Platform,Olliolli: Epic Combo Edition,2016,0.0300,0.1200,0.25,weak entry
Bandai Namco Entertainment,Action,Katamari Damacy Reroll,2018,0.1700,0.0500,3.40,strong breakout
Bandai Namco Entertainment,Fighting,Full Metal Panic! Fight: Who Dares Wins,2018,0.0200,0.0700,0.29,weak entry
Bandai Namco Entertainment,Misc,Namco Museum Arcade Pac,2018,0.1100,0.0300,3.67,strong breakout
Bandai Namco Entertainment,Music,Idolish7 Twelve Fantasia!,2018,0.0300,0.0350,0.86,below median
Bandai Namco Entertainment,Platform,Little Nightmares,2018,0.0500,0.0400,1.25,above median
Bandai Namco Entertainment,Racing,Ride 3,2018,0.1000,0.0500,2.00,strong breakout
Bandai Namco Entertainment,Role-Playing,Little Witch Academia: Chamber Of Time,2017,0.0100,0.0700,0.14,weak entry
Bandai Namco Entertainment,Shooter,Black Clover: Quartet Knights,2018,0.0400,0.0900,0.44,weak entry
Bandai Namco Games,Action,Mobile Suit Gundam Seed Battle Destiny,2012,0.1200,0.1600,0.75,below median
Bandai Namco Games,Action-Adventure,Record Of Grancrest War,2018,0.0300,0.0650,0.46,weak entry
Bandai Namco Games,Adventure,Aikatsu! 365 Idol Days,2014,0.1300,0.0200,6.50,strong breakout
Bandai Namco Games,Board Game,Billion Road,2018,0.0100,0.0100,1.00,above median
Bandai Namco Games,Fighting,Kamen Rider: Climax Scramble Zi-O,2018,0.0300,0.0700,0.43,weak entry
Bandai Namco Games,Misc,Aikatsu! My No.1 Stage!,2015,0.0900,0.0500,1.80,above median
Bandai Namco Games,Puzzle,Gotouchi Tetsudou For Nintendo Switch!!,2018,0.0200,0.0700,0.29,weak entry
Bandai Namco Games,Racing,Project Cars,2015,1.8200,0.0600,30.33,strong breakout
Bandai Namco Games,Role-Playing,Kamen Rider Travelers Record,2013,0.0800,0.0900,0.89,below median
Bandai Namco Games,Shooter,Armored Core: Verdict Day,2013,0.1300,0.3950,0.33,weak entry
Bandai Namco Games,Simulation,The Idolm@Ster: Gravure For You! Vol. 6,2012,0.0300,0.0850,0.35,weak entry
Bandai Namco Games,Sports,Kuroko No Basuke: Game Of Miracles,2012,0.1100,0.2850,0.39,weak entry
Bandai Namco Games,Strategy,Sd Gundam G Generation Genesis,2018,0.0400,0.0200,2.00,strong breakout
Bandai Namco Games,Visual Novel,Akb1/48: Idol To Guam De Koishitara...,2011,0.0100,0.0200,0.50,below median
Banpresto,Misc,Nodame Cantabile,2007,0.0100,0.0900,0.11,weak entry
Behaviour Interactive,Shooter,"Warhammer 40,000: Eternal Crusade",2017,0.0000,0.1450,0.00,weak entry
Benesse,Misc,Kiku! Kaku! Kotoba O Fuyasu! Hajimete No Eigo Training,2007,0.1000,0.0900,1.11,above median
Benesse,Simulation,Reading Training,2007,0.0900,0.1050,0.86,below median
Bergsala Lightweight,Racing,Hello Kitty Kruisers,2014,0.0100,0.1500,0.07,weak entry
Best Media,Shooter,Oretachi No Sabage Portable,2008,0.0100,0.1800,0.06,weak entry
Bethesda Softworks,Action,The Evil Within,2014,3.9100,0.1450,26.97,strong breakout
Bethesda Softworks,Adventure,Pirates Of The Caribbean: The Legend Of Jack Sparrow,2006,0.2500,0.0400,6.25,strong breakout
Bethesda Softworks,Misc,Doom 3 Bfg Edition,2012,1.0600,0.0200,53.00,strong breakout
Bethesda Softworks,Mmo,The Elder Scrolls Online,2014,1.0200,0.4800,2.13,strong breakout
Bethesda Softworks,Shooter,Rogue Warrior,2009,0.2400,0.1300,1.85,above median
Bethesda Softworks,Strategy,Star Trek: Tactical Assault,2006,0.0900,0.0200,4.50,strong breakout
Big Ben Interactive,Racing,Aladdin Magic Racer,2011,0.0100,0.1300,0.08,weak entry
Big Ben Interactive,Simulation,Bella Sara 2 - The Magic Of Drasilmare,2013,0.0400,0.0800,0.50,below median
Big Ben Interactive,Sports,My Body Coach,2009,0.0500,0.1650,0.30,weak entry
Big Fish Games,Action,Fabled Legends: The Dark Piper,2014,0.0100,0.1450,0.07,weak entry
Big Fish Games,Adventure,Mystery Case Files: Prime Suspects,2006,0.0000,0.0400,0.00,weak entry
Big Fish Games,Misc,Flying Turtle,2009,0.0000,0.1100,0.00,weak entry
Big Fish Games,Puzzle,Mystery Case Files: Ravenhearst,2007,0.0300,0.0600,0.50,below median
Bigben Interactive,Adventure,Sherlock Holmes: The Devil'S Daughter,2016,0.1200,0.0300,4.00,strong breakout
Bigben Interactive,Racing,Wrc 4: Fia World Rally Championship,2014,0.0000,0.1500,0.00,weak entry
Bigben Interactive,Shooter,Hunting Simulator,2017,0.1300,0.1450,0.90,below median
Bigben Interactive,Sports,Handball 16,2015,0.1100,0.1200,0.92,below median
Bitcomposer Games,Racing,Race On,2009,0.0300,0.1100,0.27,weak entry
Bitcomposer Games,Simulation,Air Conflicts: Secret Wars,2011,0.0300,0.0800,0.38,weak entry
Black Bean Games,Adventure,Diabolik: The Original Sin,2009,0.0000,0.0300,0.00,weak entry
Black Bean Games,Misc,National Geographic Challenge!,2011,0.0100,0.1200,0.08,weak entry
Black Bean Games,Racing,Evolution Gt,2006,0.0000,0.0800,0.00,weak entry
Black Bean Games,Sports,Let'S Dance With Mel B,2012,0.0800,0.2850,0.28,weak entry
Black Bean Games,Strategy,The History Channel: Great Battles Of Rome,2007,0.0000,0.0400,0.00,weak entry
Blade Interactive,Sports,World Snooker Championship: Season 2007-08,2007,0.0000,0.1700,0.00,weak entry
Blast! Entertainment Ltd,Action,Bob The Builder: Festival Of Fun,2008,0.0100,0.1600,0.06,weak entry
Blast! Entertainment Ltd,Adventure,Postman Pat,2008,0.0000,0.0400,0.00,weak entry
Blast! Entertainment Ltd,Misc,Little Britain: The Video Game,2007,0.0000,0.0900,0.00,weak entry
Blast! Entertainment Ltd,Platform,Mr Bean,2008,0.0000,0.4000,0.00,weak entry
Blizzard Entertainment,Role-Playing,Diablo Iii: Ultimate Evil Edition,2014,3.8600,0.1000,38.60,strong breakout
Blizzard Entertainment,Shooter,Overwatch,2016,8.1800,0.4600,17.78,strong breakout
Bold Games,Puzzle,Myth Makers: Orbs Of Doom,2007,0.0500,0.0600,0.83,below median
Bold Games,Racing,Classic British Motor Racing,2007,0.0000,0.1500,0.00,weak entry
Bold Games,Simulation,Aquarium By Ds,2008,0.0600,0.0800,0.75,below median
Bold Games,Sports,Kidz Sports International Soccer,2008,0.0100,0.1700,0.06,weak entry
Boost On,Misc,Isshoni Gohan. Portable,2013,0.0100,0.0600,0.17,weak entry
Brash Entertainment,Action,Jumper: Griffin'S Story,2008,0.2200,0.1600,1.38,above median
Brash Entertainment,Misc,Alvin And The Chipmunks,2007,0.2600,0.0900,2.89,strong breakout
Brash Entertainment,Platform,Space Chimps,2008,0.3800,0.4000,0.95,below median
Broccoli,Action,Meiji Toukyou Renka: Twilight Kiss,2015,0.0200,0.0600,0.33,weak entry
Broccoli,Adventure,Meitantei Evangelion,2007,0.0200,0.0400,0.50,below median
Broccoli,Fighting,Shinseiki Evangelion: Battle Orchestra,2007,0.0200,0.0800,0.25,weak entry
Broccoli,Misc,Uta No Prince-Sama: Music,2011,0.1000,0.1200,0.83,below median
Broccoli,Music,Uta No * Prince-Sama: All Star,2013,0.1200,0.3350,0.36,weak entry
Broccoli,Role-Playing,Game Book Ds: Sword World 2.0,2009,0.0100,0.0750,0.13,weak entry
Broccoli,Simulation,Shinseiki Evangelion Ayanami Ikusei Keikaku Ds With Asuka Hokan Keikaku,2008,0.0300,0.0800,0.38,weak entry
Broccoli,Strategy,Galaxy Angel Ii: Zettairyouiki No Tobira,2006,0.0300,0.0200,1.50,above median
Broccoli,Visual Novel,Uta No Prince-Sama: Debut,2012,0.0900,0.0250,3.60,strong breakout
Buena Vista,Misc,Disney'S Little Einsteins,2006,0.0100,0.0500,0.20,weak entry
Buena Vista,Puzzle,Lumines Ll,2006,0.3000,0.0500,6.00,strong breakout
Bushiroad,Adventure,Detective Opera: Milky Holmes 2,2012,0.0300,0.0400,0.75,below median
Capcom,Action-Adventure,Resident Evil 4,2009,0.0300,0.0150,2.00,strong breakout
Capcom Entertainment,Platform,Mega Man X Legacy Collection 1+2,2018,0.1800,0.0400,4.50,strong breakout
Carbine Studios,Mmo,Wildstar,2014,0.1600,0.4800,0.33,weak entry
Cave,Adventure,Instant Brain,2011,0.0100,0.0400,0.25,weak entry
Cave,Shooter,Mushihimesama Futari Ver 1.5,2009,0.0300,0.1300,0.23,weak entry
Cdv Software Entertainment,Puzzle,I Heart Geeks,2011,0.0300,0.0400,0.75,below median
Cdv Software Entertainment,Shooter,Tarr Chronicles,2007,0.0000,0.1250,0.00,weak entry
Cdv Software Entertainment,Simulation,Darkstar One,2006,0.0300,0.0400,0.75,below median
Chara-Ani,Shooter,Game Tengoku: Cruisinmix,2017,0.0000,0.1450,0.00,weak entry
Chunsoft,Action,Zombi Daisuki,2011,0.0400,0.1700,0.24,weak entry
Chunsoft,Visual Novel,Kyokugen Dasshutsu Adv: Zennin Shiboudesu,2012,0.0600,0.0250,2.40,strong breakout
City Interactive,Action,Sushi Academy,2009,0.0800,0.1700,0.47,weak entry
City Interactive,Adventure,Art Of Murder: Fbi Confidential,2008,0.0000,0.0400,0.00,weak entry
City Interactive,Misc,I Love Beauty: Hollywood Makeover,2009,0.0600,0.1100,0.55,below median
City Interactive,Puzzle,Art Of Murder: Hunt For The Puppeteer,2009,0.0000,0.0600,0.00,weak entry
City Interactive,Racing,Trackmania: Build To Race,2011,0.2300,0.1300,1.77,above median
City Interactive,Shooter,Sas: Secure Tomorrow,2008,0.0000,0.1800,0.00,weak entry
City Interactive,Simulation,Farm Frenzy: Animal Country,2010,0.1500,0.0700,2.14,strong breakout
Ck Games,Misc,Quiz Party,2012,0.0300,0.0200,1.50,above median
Codemasters,Platform,Rainbow Islands Revolution,2006,0.0200,0.1100,0.18,weak entry
Codemasters,Puzzle,Bliss Island,2006,0.0000,0.0500,0.00,weak entry
Codemasters,Simulation,Heatseeker,2007,0.1400,0.1050,1.33,above median
Cokem Interactive,Action,Dr. Seuss: How The Grinch Stole Christmas,2007,0.3100,0.2000,1.55,above median
Cokem Interactive,Misc,Loving Life With Hello Kitty & Friends,2011,0.2400,0.1200,2.00,strong breakout
Comfort,Adventure,Ef - A Fairy Tale Of The Two.,2010,0.0100,0.0300,0.33,weak entry
Comfort,Visual Novel,Arcana Famiglia: Vascello Phantasma No Majutsushi,2012,0.0200,0.0250,0.80,below median
Commseed,Misc,Juggler Ds,2008,0.0100,0.1200,0.08,weak entry
Compile,Adventure,Majin Tantei Nougami Neuro: Battle De Yo!,2008,0.0100,0.0400,0.25,weak entry
Compile Heart,Action,Date-A-Live Twin Edition: Rio Reincarnation,2015,0.0200,0.0600,0.33,weak entry
Compile Heart,Adventure,Sakai Burai Kaiji: Death Or Survival,2008,0.0000,0.0400,0.00,weak entry
Compile Heart,Role-Playing,Cross Edge Dash,2009,0.0100,0.0750,0.13,weak entry
Compile Heart,Visual Novel,Touch Shot! Love Application,2012,0.0300,0.0250,1.20,above median
Conspiracy Entertainment,Misc,Just Sing!,2010,0.1600,0.1100,1.45,above median
Conspiracy Entertainment,Simulation,America'S Next Top Model,2010,0.1000,0.0700,1.43,above median
Conspiracy Entertainment,Sports,Power Play Pool,2007,0.0400,0.1700,0.24,weak entry
Conspiracy Entertainment,Strategy,Panzer Tactics Ds,2007,0.0600,0.0400,1.50,above median
Crave Entertainment,Simulation,Baby Pals,2007,0.2800,0.1050,2.67,strong breakout
Creative Core,Adventure,Akogare Girls Collection: Suteki Ni Nurse Days,2009,0.0000,0.0300,0.00,weak entry
Creative Core,Misc,Nakayoshi All-Stars: Mezase Gakuen Idol,2008,0.0100,0.1200,0.08,weak entry
Creative Core,Role-Playing,Souhashiki Gadget Robo,2008,0.0000,0.0700,0.00,weak entry
Creative Core,Simulation,Mame Goma 2: Uchi No Ko Ga Ichiban!,2008,0.0600,0.0800,0.75,below median
Crimson Cow,Adventure,The Book Of Unwritten Tales: The Critter Chronicles,2011,0.0600,0.0400,1.50,above median
Culture Brain,Adventure,Ginga Tetsudou 999 Ds,2010,0.0200,0.0300,0.67,below median
Culture Brain,Misc,Uchi No 3 Shimai Ds,2008,0.0200,0.1200,0.17,weak entry
Cyberfront,Adventure,Memories Off #5: Encore,2007,0.0200,0.0400,0.50,below median
Cyberfront,Misc,Dj Max Technika Tune,2012,0.0100,0.0200,0.50,below median
Cyberfront,Role-Playing,Princess Maker 4 Special Edition,2008,0.0000,0.0700,0.00,weak entry
Cyberfront,Strategy,Akatsuki No Amaneka To Aoi Kyojin,2010,0.0200,0.0400,0.50,below median
Cygames,Platform,Wondership Q,2015,0.0400,0.0350,1.14,above median
D3 Publisher,Adventure,Last Escort,2006,0.0200,0.0400,0.50,below median
D3 Publisher,Board Game,Mahjong * Dream C Club,2012,0.0200,0.0200,1.00,above median
D3 Publisher,Fighting,Naruto: Clash Of Ninja,2006,0.6800,0.1500,4.53,strong breakout
D3 Publisher,Platform,Flushed Away,2006,0.2600,0.1100,2.36,strong breakout
D3 Publisher,Puzzle,Break 'Em All,2006,0.1200,0.0500,2.40,strong breakout
D3 Publisher,Racing,Ben 10 Galactic Racing,2011,0.5900,0.1300,4.54,strong breakout
D3 Publisher,Role-Playing,Fossil League: Dino Tournament Championship,2007,0.0000,0.0850,0.00,weak entry
D3 Publisher,Simulation,Horse Life,2007,0.1200,0.1050,1.14,above median
D3 Publisher,Sports,Family Party: 30 Great Games Winter Fun,2010,0.2300,0.1800,1.28,above median
D3 Publisher,Strategy,Simple 2000 Series Vol. 120: The Saigo No Nippon Tsuwamono,2007,0.0100,0.0400,0.25,weak entry
D3publisher,Action,Ben 10 Omniverse,2012,0.0000,0.1600,0.00,weak entry
D3publisher,Action-Adventure,Rise Of The Guardians: The Video Game,2012,0.0000,0.3300,0.00,weak entry
D3publisher,Adventure,Dreamworks Madagascar 3: The Video Game,2012,0.0000,0.0400,0.00,weak entry
D3publisher,Fighting,Naruto: Ninja Destiny,2008,0.1900,0.1000,1.90,above median
D3publisher,Misc,Ben 10 Galactic Racing,2012,0.0400,0.0200,2.00,strong breakout
D3publisher,Puzzle,The Mahjong,2018,0.0000,0.0700,0.00,weak entry
D3publisher,Racing,Turbo: Super Stunt Squad,2013,0.1400,0.0500,2.80,strong breakout
D3publisher,Role-Playing,Omega Labyrinth,2015,0.0600,0.0850,0.71,below median
D3publisher,Shooter,Earth Defense Force 2017 Portable,2013,0.0600,0.3950,0.15,weak entry
D3publisher,Simulation,Onna No Ko To Misshitsu Ni Itara **Shichau Kamoshirenai,2012,0.0300,0.0850,0.35,weak entry
D3publisher,Visual Novel,Custom Drive,2012,0.0200,0.0250,0.80,below median
Daedalic,Adventure,Tale Of A Hero,2010,0.0200,0.0300,0.67,below median
Daedalic Entertainment,Adventure,The Rabbit'S Apprentice,2013,0.0300,0.0400,0.75,below median
Daito,Misc,Daito Giken Koushiki Pachi-Slot Simulator: Hihouden,2006,0.1100,0.0500,2.20,strong breakout
Deep Silver,Action,The Magic Roundabout,2008,0.0000,0.1600,0.00,weak entry
Deep Silver,Adventure,Cursed Mountain,2009,0.2100,0.0300,7.00,strong breakout
Deep Silver,Misc,Astrology Ds,2009,0.0300,0.1100,0.27,weak entry
Deep Silver,Platform,Mighty No. 9,2016,0.1600,0.1200,1.33,above median
Deep Silver,Puzzle,Professor Heinz Wolff'S Gravity,2009,0.2200,0.0600,3.67,strong breakout
Deep Silver,Racing,Nail'D,2010,0.2300,0.1400,1.64,above median
Deep Silver,Role-Playing,Risen,2009,0.1400,0.0750,1.87,above median
Deep Silver,Shooter,Duke Nukem Trilogy: Critical Mass,2011,0.0400,0.3050,0.13,weak entry
Deep Silver,Sports,Wsc Real 09: World Snooker Championship,2009,0.0200,0.1650,0.12,weak entry
Deep Silver,Strategy,Elite Forces: Unit 77,2009,0.0600,0.0300,2.00,strong breakout
"Destination Software, Inc",Strategy,Wordmaster,2008,0.0900,0.0700,1.29,above median
Destineer,Action,Taito Legends Power Up,2007,0.0500,0.2000,0.25,weak entry
Destineer,Adventure,Cate West: The Vanishing Files,2008,0.1000,0.0400,2.50,strong breakout
Destineer,Fighting,Animal Boxing,2008,0.0300,0.1000,0.30,weak entry
Destineer,Misc,Fullmetal Alchemist: Trading Card Game,2007,0.0100,0.0900,0.11,weak entry
Destineer,Platform,Giana Sisters Ds,2011,0.0000,0.1100,0.00,weak entry
Destineer,Puzzle,Wordjong,2007,0.1500,0.0600,2.50,strong breakout
Destineer,Racing,Indianapolis 500 Legends,2007,0.2200,0.1500,1.47,above median
Destineer,Role-Playing,Fullmetal Alchemist: Dual Sympathy,2006,0.0900,0.0600,1.50,above median
Destineer,Shooter,Little Red Riding Hood'S Zombie Bbq,2008,0.0400,0.1800,0.22,weak entry
Destineer,Simulation,John Deere: Harvest In The Heartland,2007,0.2900,0.1050,2.76,strong breakout
Destineer,Sports,Fab 5 Soccer,2008,0.0100,0.1700,0.06,weak entry
Detn8 Games,Racing,Speed Zone,2009,0.0700,0.1100,0.64,below median
Detn8 Games,Sports,Ultimate Duck Hunting: Hunting & Retrieving Ducks,2007,0.2200,0.1700,1.29,above median
Devolver Digital,Shooter,Serious Sam Hd: Gold Edition,2010,0.0200,0.2100,0.10,weak entry
Digital Works Entertainment,Action,Claymore: Gingan No Majo,2009,0.0000,0.1700,0.00,weak entry
Digiturbo,Visual Novel,Phantom: Phantom Of Inferno,2012,0.0100,0.0250,0.40,weak entry
Dimple Entertainment,Adventure,Ayaka Shibito Portable,2009,0.0000,0.0300,0.00,weak entry
Dimple Entertainment,Role-Playing,Net Ghost Pipopa: Pipopa Ds @ Daibouken!!!,2009,0.0000,0.0750,0.00,weak entry
Dimple Entertainment,Simulation,Kumatanchi,2008,0.0000,0.0800,0.00,weak entry
Disney Interactive Studios,Action-Adventure,Brave: The Video Game,2012,0.0200,0.3300,0.06,weak entry
Disney Interactive Studios,Adventure,Disney Princess: Enchanted Journey,2007,1.5800,0.0400,39.50,strong breakout
Disney Interactive Studios,Misc,High School Musical: Sing It!,2007,3.6300,0.0900,40.33,strong breakout
Disney Interactive Studios,Music,Disney Violetta: Rhythm & Music,2014,0.0000,0.1550,0.00,weak entry
Disney Interactive Studios,Puzzle,High School Musical: Makin' The Cut!,2007,2.2000,0.0600,36.67,strong breakout
Disney Interactive Studios,Racing,Pure,2008,3.3600,0.1350,24.89,strong breakout
Disney Interactive Studios,Role-Playing,Spectrobes,2007,0.7500,0.0850,8.82,strong breakout
Disney Interactive Studios,Simulation,Disney Friends,2008,0.1700,0.0800,2.13,strong breakout
Dispatch Games,Puzzle,"Soldam: Drop, Connect, Erase",2017,0.0200,0.0200,1.00,above median
Dmm Games,Action,War Thunder,2017,0.0000,0.0700,0.00,weak entry
Dorart,Misc,Minna De Dokusho: Keatai Shousetsu Desu,2008,0.0200,0.1200,0.17,weak entry
Dotemu,Platform,Wonder Boy: The Dragon'S Trap (Remake),2017,0.0900,0.2250,0.40,weak entry
Dovetail Games,Action,Train Simulator 2015,2014,0.0000,0.1450,0.00,weak entry
Dovetail Games,Simulation,Train Simulator 2016,2015,0.0400,0.0200,2.00,strong breakout
Dramatic Create,Action,Tokyo Onmyouji: Tengen Jibashi - Rei No Baai - V Edition,2015,0.0100,0.0600,0.17,weak entry
Dramatic Create,Adventure,Alia'S Carnival! Sacrament,2015,0.0400,0.0400,1.00,above median
Dramatic Create,Misc,Aiyoku No Eustia,2014,0.0100,0.0550,0.18,weak entry
Dramatic Create,Visual Novel,Koezaru Wa Akai Hana: Taiga Wa Mirai O Tsugumu,2014,0.0100,0.0300,0.33,weak entry
Dreamcatcher Interactive,Misc,Drivers Ed Portable,2008,0.0500,0.1200,0.42,weak entry
Dreamcatcher Interactive,Puzzle,Matchstick,2008,0.0100,0.0600,0.17,weak entry
Dreamcatcher Interactive,Racing,Trackmania Turbo: Build To Race,2011,0.0500,0.1300,0.38,weak entry
Dreamcatcher Interactive,Simulation,Ship Simulator 2006,2006,0.0000,0.0400,0.00,weak entry
Dsi Games,Action,Lionel Trains: On Track,2006,0.0400,0.0800,0.50,below median
Dsi Games,Adventure,March Of The Penguins,2006,0.0500,0.0400,1.25,above median
Dsi Games,Fighting,Showtime Championship Boxing,2007,0.1200,0.0800,1.50,above median
Dsi Games,Platform,Barnyard Blast: Swine Of The Night,2008,0.0200,0.4000,0.05,weak entry
Dsi Games,Simulation,B-17: Fortress In The Sky,2007,0.0200,0.1050,0.19,weak entry
Dtmc,Strategy,Championship Manager 2006,2006,0.0000,0.0200,0.00,weak entry
Dtp Entertainment,Adventure,"Element Girl: Love, Fashion And Friends",2008,0.0100,0.0400,0.25,weak entry
Dtp Entertainment,Misc,Dance! It'S Your Stage,2011,0.0200,0.1200,0.17,weak entry
Dtp Entertainment,Puzzle,Crazy Machines,2008,0.0300,0.0600,0.50,below median
Dtp Entertainment,Racing,Crash Time 4: The Syndicate,2010,0.0000,0.1400,0.00,weak entry
Dtp Entertainment,Role-Playing,Divinity Ii: Flames Of Vengeance,2010,0.0300,0.1350,0.22,weak entry
Dtp Entertainment,Simulation,Wedding Planner: Dream Weddings Guaranteed,2010,0.0100,0.0700,0.14,weak entry
Dtp Entertainment,Sports,Summer Athletics,2008,0.0100,0.1700,0.06,weak entry
Dtp Entertainment,Strategy,Stronghold Kingdoms,2011,0.1000,0.0750,1.33,above median
Dusenberry Martin Racing,Racing,Nascar Heat Evolution,2016,0.2500,0.0800,3.13,strong breakout
E-Frontier,Simulation,Machi No Pet-Ya-San Ds 2: Wannyan 333-Hiki Daishuugou!,2009,0.0000,0.1000,0.00,weak entry
Ea Sports,Misc,Fifa Soccer,2012,0.6300,0.0200,31.50,strong breakout
Easy Interactive,Adventure,Curse Of The Amsterdam Diamond,2012,0.0100,0.0400,0.25,weak entry
Ecole,Fighting,Melty Blood: Actress Again,2009,0.0600,0.1400,0.43,weak entry
Edia,Misc,Maplus: Portable Navi,2006,0.0700,0.0500,1.40,above median
Egames,Puzzle,4 Elements,2009,0.0500,0.0600,0.83,below median
Egames,Strategy,Victorian Mysteries: Woman In White,2010,0.0100,0.0400,0.25,weak entry
Egosoft,Simulation,X Rebirth,2013,0.0800,0.0800,1.00,above median
Eidos Interactive Ltd,Action,Conflict: Denied Ops (Jp Sales),2008,0.0000,0.1600,0.00,weak entry
Eidos Interactive Ltd,Platform,Mighty No. 9,2015,0.0500,0.0350,1.43,above median
El Dia,Adventure,Desire: Remaster Version,2017,0.0000,0.0200,0.00,weak entry
El Dia,Visual Novel,Doukoku Soshite... Doukoku Soshite...,2018,0.0200,0.0100,2.00,strong breakout
Electronic Arts,Puzzle,Boom Blox Bash Party,2009,0.4600,0.0600,7.67,strong breakout
Elephant Entertainment,Adventure,Women'S Murder Club: Death In Scarlet,2008,0.0000,0.0400,0.00,weak entry
Empire Interactive,Adventure,Myst,2008,0.1000,0.0400,2.50,strong breakout
Empire Interactive,Simulation,Animal Paradise,2008,0.2500,0.0800,3.13,strong breakout
Empire Interactive,Sports,International Cricket Captain Iii,2007,0.0000,0.1700,0.00,weak entry
Encore,Adventure,Azada,2007,0.0000,0.0400,0.00,weak entry
Enjoy Gaming Ltd.,Puzzle,Jewel Adventures,2013,0.0000,0.1000,0.00,weak entry
Enterbrain,Adventure,Kimikiss,2006,0.0600,0.0400,1.50,above median
Entergram,Adventure,Kimi O Aogi Otome Wa Hime Ni,2016,0.0200,0.0300,0.67,below median
Entergram,Visual Novel,Amaekata Wa Kanojo Nari Ni.,2017,0.0100,0.0200,0.50,below median
Epic Games,Action,Fortnite,2017,0.0200,0.0700,0.29,weak entry
Essential Games,Action,Zombie Hunters 2,2007,0.0200,0.2000,0.10,weak entry
Eurovideo Medien,Adventure,Heaven'S Hope,2016,0.0100,0.0300,0.33,weak entry
Evolved Games,Racing,Crusty Demons,2006,0.0100,0.0800,0.13,weak entry
Evolved Games,Sports,Championship Bowling,2006,0.0000,0.1300,0.00,weak entry
Excalibur Publishing,Racing,Driving Simulator,2010,0.0000,0.1400,0.00,weak entry
Excalibur Publishing,Simulation,Uk Truck Simulator,2010,0.0400,0.0700,0.57,below median
Excalibur Publishing Limited,Simulation,Digger Simulator,2011,0.0100,0.0800,0.13,weak entry
Experience Inc.,Action,Bullet Girls: Phantasia,2018,0.0200,0.0500,0.40,weak entry
Experience Inc.,Adventure,Death Mark,2017,0.0300,0.0200,1.50,above median
Experience Inc.,Misc,Stranger Of Sword City,2014,0.0100,0.0550,0.18,weak entry
Experience Inc.,Role-Playing,Tsurugi No Machi No Ihoujin: Kuro No Kyuuden,2015,0.0400,0.0850,0.47,weak entry
Falcom Corporation,Action,Ys Vs. Sora No Kiseki: Alternative Saga,2010,0.0600,0.1900,0.32,weak entry
Falcom Corporation,Misc,The Legend Of Heroes Vi: Sora No Kiseki The 3rd,2013,0.0100,0.0600,0.17,weak entry
Falcom Corporation,Role-Playing,Eiyuu Densetsu: Sora No Kiseki Fc & Sc Kanzenban,2007,0.0100,0.0850,0.12,weak entry
Fdg Entertainment,Action-Adventure,Monster Boy And The Cursed Kingdom,2018,0.0700,0.0650,1.08,above median
Fields,Misc,Gekiatsu!! Pachi Game Damashi Max: Evangelion 7 X Seimei No Kodou,2012,0.0300,0.0200,1.50,above median
Firefly Studios,Strategy,Stronghold Crusader 2,2014,0.0000,0.0600,0.00,weak entry
Flight-Plan,Role-Playing,Dragon Shadow Spell,2007,0.0800,0.0850,0.94,below median
Flight-Plan,Strategy,Sacred Blaze,2009,0.0400,0.0300,1.33,above median
Focus,Misc,Origin And Fate - 5 Game Pack,2014,0.0000,0.0550,0.00,weak entry
Focus Home Interactive,Action,Of Orcs And Men,2012,0.0000,0.1600,0.00,weak entry
Focus Home Interactive,Adventure,Runaway: The Dream Of The Turtle,2007,0.0000,0.0400,0.00,weak entry
Focus Home Interactive,Misc,Telly Addicts,2008,0.0000,0.1200,0.00,weak entry
Focus Home Interactive,Puzzle,Angry Birds: Rio,2011,0.0900,0.0400,2.25,strong breakout
Focus Home Interactive,Racing,Spintires: Mudrunner - American Wilds,2018,0.1500,0.0500,3.00,strong breakout
Focus Home Interactive,Role-Playing,Divinity: Original Sin,2015,0.4400,0.0850,5.18,strong breakout
Focus Home Interactive,Shooter,Space Hulk: Deathwing,2017,0.0200,0.1450,0.14,weak entry
Focus Home Interactive,Simulation,Cities Xl 2011,2010,0.0200,0.0700,0.29,weak entry
Focus Home Interactive,Sports,Pro Cycling Season 2009: Le Tour De France,2009,0.0000,0.1650,0.00,weak entry
Focus Home Interactive,Strategy,Supreme Commander: Gold Edition,2008,0.0000,0.0700,0.00,weak entry
Focus Multimedia,Action,Minds And Mystery: 5 Game Pack,2014,0.0100,0.1450,0.07,weak entry
Focus Multimedia,Adventure,Mystery Legends: Beauty And The Beast,2012,0.0100,0.0400,0.25,weak entry
Focus Multimedia,Misc,Malice: Two Sisters,2015,0.0000,0.0500,0.00,weak entry
Focus Multimedia,Puzzle,Angels And Despair: 5 Game Pack,2014,0.0100,0.0150,0.67,below median
Fonfun,Adventure,Keiki J.B. Harold Jikenbo: Manhattan Requiem & Kiss Of Murder,2008,0.0000,0.0400,0.00,weak entry
Fonfun,Simulation,World Neverland 2in1 Portable: Olerud Kingdom & Republic Of Pluto,2008,0.0200,0.0800,0.25,weak entry
Foreign Media Games,Adventure,Natalie Brooks: The Treasures Of The Lost Kingdom,2010,0.0100,0.0300,0.33,weak entry
Foreign Media Games,Misc,Magic Encyclopedia: Moonlight,2010,0.0100,0.1100,0.09,weak entry
Foreign Media Games,Puzzle,Youda Farmer,2010,0.0000,0.0450,0.00,weak entry
Foreign Media Games,Simulation,Restaurant Tycoon,2010,0.0000,0.0700,0.00,weak entry
Freeze Tag,Puzzle,Unsolved Mystery Club: Ancient Astronauts,2011,0.0000,0.0400,0.00,weak entry
From Software,Action,Inugamike No Ichizoku,2009,0.0100,0.1700,0.06,weak entry
From Software,Puzzle,Onore No Shinzuru Michi Wo Yuke,2009,0.0100,0.0600,0.17,weak entry
From Software,Role-Playing,King'S Field: Additional I,2006,0.0100,0.0600,0.17,weak entry
From Software,Simulation,Armored Core 3 Portable,2009,0.0800,0.1000,0.80,below median
Frontier Developments,Simulation,Elite: Dangerous,2017,0.2700,0.0700,3.86,strong breakout
Frozenbyte,Platform,Trine 2: Director'S Cut,2012,0.0400,0.4000,0.10,weak entry
Fru Blu Games,Sports,Rugby League Challenge,2009,0.0000,0.1650,0.00,weak entry
Funbox Media,Misc,Atari Flashback Classics: Volume 3,2018,0.1100,0.0300,3.67,strong breakout
Funbox Media,Puzzle,The Cube,2012,0.0200,0.0300,0.67,below median
Funbox Media,Strategy,Space Hulk,2015,0.0100,0.0600,0.17,weak entry
Funcom,Role-Playing,Age Of Conan: Rise Of The Godslayer,2010,0.0300,0.1350,0.22,weak entry
Furyu Corporation,Action,Bunmei Haruka: Aoiza Ibunroku,2011,0.0200,0.1700,0.12,weak entry
Furyu Corporation,Action-Adventure,Doraemon: Shin Nobita No Daimakyou Peko To 5-Nin No Tankenta,2014,0.0400,0.2600,0.15,weak entry
Furyu Corporation,Adventure,Last Bullet,2009,0.0000,0.0300,0.00,weak entry
Furyu Corporation,Misc,Bunmei Kaika: Aoiza Ibunroku Saien,2012,0.0100,0.0200,0.50,below median
Furyu Corporation,Puzzle,Sekai Fushigi Hakken Ds: Densetsu No Hitoshi-Kun Ningyou O Sagase,2009,0.0000,0.0600,0.00,weak entry
Furyu Corporation,Role-Playing,Unchainblades Exxiv,2012,0.0400,0.1350,0.30,weak entry
Furyu Corporation,Simulation,Himoutou! Umaru-Chan: Himoutou Ikusei Keikaku,2015,0.0400,0.0200,2.00,strong breakout
Furyu Corporation,Strategy,Cardfight!! Vanguard: Ride To Victory!!,2013,0.0900,0.0400,2.25,strong breakout
Furyu Corporation,Visual Novel,Hatsukare * Renai Debut Sengen!,2013,0.0200,0.0200,1.00,above median
Futurlab 1,Action,Velocity 2x,2014,0.0000,0.1450,0.00,weak entry
G.Rev,Fighting,Senko No Ronde Duo,2010,0.0300,0.1800,0.17,weak entry
G.Rev,Shooter,Mamoru-Kun Wa Norowarete Shimatta!,2009,0.0100,0.1300,0.08,weak entry
Gadget Soft,Adventure,Yotsunoha: A Journey Of Sincerity,2008,0.0000,0.0400,0.00,weak entry
Gaijinworks,Role-Playing,Summon Night 6: Lost Borders,2017,0.1800,0.0700,2.57,strong breakout
Gakken,Misc,Gakken Ds: Shin Toeic Test Kanzen Kouryaku,2007,0.0200,0.0900,0.22,weak entry
Game Factory,Adventure,Bratz Ponyz,2007,0.2800,0.0400,7.00,strong breakout
Game Factory,Fighting,Legend Of The Dragon,2007,0.0900,0.0800,1.13,above median
Game Factory,Puzzle,Rubik'S World,2008,0.2700,0.0600,4.50,strong breakout
Game Factory,Racing,Biker Mice From Mars,2007,0.0900,0.1500,0.60,below median
Game Factory,Role-Playing,Di-Gata Defenders,2008,0.0600,0.0700,0.86,below median
Game Factory,Simulation,Build-A-Bear Workshop,2007,0.9300,0.1050,8.86,strong breakout
Game Factory,Sports,World Championship Games: A Track & Field Event,2009,0.0900,0.1650,0.55,below median
Game Factory,Strategy,Hired Guns: The Jagged Edge,2007,0.0000,0.0400,0.00,weak entry
Game Factory Interactive,Action,Cannon Fodder 3,2012,0.0000,0.1600,0.00,weak entry
Gamecock,Action,Mushroom Men: Rise Of The Fungi,2008,0.1100,0.1600,0.69,below median
Gamecock,Adventure,Insecticide,2008,0.0600,0.0400,1.50,above median
Gamecock,Misc,Hail To The Chimp,2008,0.1100,0.1200,0.92,below median
Gamecock,Shooter,Dementium: The Ward,2007,0.1700,0.1250,1.36,above median
Gamecock,Strategy,Stronghold Crusader Extreme,2008,0.0200,0.0700,0.29,weak entry
Gameloft,Misc,Guitar Rock Tour,2008,0.1100,0.1200,0.92,below median
Gamemill,Action,Dagedar,2011,0.0800,0.1700,0.47,weak entry
Gamemill,Adventure,Escape The Museum,2010,0.1800,0.0300,6.00,strong breakout
Gamemill,Misc,Country Dance,2011,0.6700,0.1200,5.58,strong breakout
Gamemill,Platform,Xia-Xia,2012,0.0100,0.4000,0.03,weak entry
Gamemill,Puzzle,Cruise Ship Vacation Games,2009,0.1300,0.0600,2.17,strong breakout
Gamemill,Racing,Monster Jam: Crush It,2017,0.1700,0.0650,2.62,strong breakout
Gamemill,Shooter,Pheasants Forever Wingshooter,2010,0.0600,0.2100,0.29,weak entry
Gamemill,Simulation,Rapala Fishing Pro Series,2017,0.1400,0.0700,2.00,strong breakout
Gamemill,Sports,Water Sports,2009,0.1000,0.1650,0.61,below median
Gamemill Entertainment,Action,Gogo'S Crazy Bones,2012,0.0100,0.1600,0.06,weak entry
Gamemill Entertainment,Adventure,Goosebumps: The Game,2015,0.0600,0.0400,1.50,above median
Gamemill Entertainment,Music,Country Dance: All Stars,2012,0.1800,0.1800,1.00,above median
Gamemill Entertainment,Platform,Frozen: Olaf'S Quest,2013,1.2000,0.1600,7.50,strong breakout
Gamemill Entertainment,Racing,Nickelodeon Kart Racers,2018,0.3100,0.0500,6.20,strong breakout
Gamemill Entertainment,Shooter,Big Buck Hunter Arcade,2016,0.0200,0.4600,0.04,weak entry
Gamemill Entertainment,Simulation,Rapala Fishing Pro Series,2018,0.0200,0.0500,0.40,weak entry
Gamersgate,Sports,Championship Manager 2008,2007,0.0000,0.1700,0.00,weak entry
Games Workshop,Action,Warhammer: The End Times - Vermintide,2016,0.1000,0.0700,1.43,above median
Gametrust,Action,Has-Been Heroes,2017,0.2700,0.0700,3.86,strong breakout
Gametrust,Adventure,The Invisible Hours,2017,0.1100,0.0200,5.50,strong breakout
Gearbox Software,Action,Fortnite,2017,1.6600,0.0700,23.71,strong breakout
Gearbox Software,Action-Adventure,Earthfall,2018,0.0700,0.0650,1.08,above median
Gearbox Software,Adventure,Hello Neighbor: Hide & Seek,2018,0.2100,0.0300,7.00,strong breakout
Gearbox Software,Role-Playing,Banner Saga Trilogy,2018,0.0100,0.0500,0.20,weak entry
Gearbox Software,Shooter,Duke Nukem 3d: 20th Anniversary World Tour,2016,0.1800,0.4600,0.39,weak entry
"Genius Products, Inc.",Puzzle,Line Rider 2: Unbound,2008,0.1000,0.0600,1.67,above median
Genki,Misc,Manepa 1000-Mannin No Fx Training,2009,0.0000,0.1100,0.00,weak entry
Genki,Racing,Wangan Midnight,2007,0.0300,0.1500,0.20,weak entry
Genki,Simulation,G1 Grand Prix,2012,0.0500,0.0850,0.59,below median
Genki,Sports,Banushi Life Game: Winner'S Circle,2007,0.0400,0.1700,0.24,weak entry
Genterprise,Misc,Super Auto Salon: Custom Car Contest,2009,0.0000,0.1100,0.00,weak entry
Genterprise,Puzzle,Umihara Kawase Jun: Second Edition Kanzenban,2009,0.0100,0.0600,0.17,weak entry
Genterprise,Racing,Grand Trucker Aniki: Shigoto To Kenka To Koimoyou,2009,0.0000,0.1100,0.00,weak entry
Ghostlight,Racing,Spinout,2008,0.0000,0.1350,0.00,weak entry
Ghostlight,Role-Playing,Record Of Agarest War,2009,0.0700,0.0750,0.93,below median
Ghostlight,Simulation,Mary King'S Riding School,2008,0.0200,0.0800,0.25,weak entry
Ghostlight,Sports,International Athletics,2008,0.0000,0.1700,0.00,weak entry
Giants Software,Simulation,Ski Region Simulator 2012,2011,0.0500,0.0800,0.63,below median
Giga,Adventure,Kiss Bell,2014,0.0200,0.0200,1.00,above median
Giza10,Visual Novel,Ore Wa Shoujo Mangaka,2012,0.0200,0.0250,0.80,below median
Global A Entertainment,Misc,Cosmetic Paradise: Make No Kiseki,2008,0.0100,0.1200,0.08,weak entry
Global A Entertainment,Role-Playing,Nanatama: Chronicle Of Dungeon Maker,2009,0.0100,0.0750,0.13,weak entry
Global A Entertainment,Simulation,Happy My Sweets,2009,0.0000,0.1000,0.00,weak entry
Global Star Software,Misc,Deal Or No Deal,2006,0.0100,0.0500,0.20,weak entry
Gn Software,Adventure,Izumo 2,2006,0.0100,0.0400,0.25,weak entry
Got Game Entertainment,Adventure,Barrow Hill: Curse Of The Ancient Circle,2006,0.0000,0.0400,0.00,weak entry
Got Game Entertainment,Shooter,Arma Ii,2009,0.1300,0.1300,1.00,above median
Graffiti,Adventure,Horrible Histories: Ruthless Romans,2010,0.0100,0.0300,0.33,weak entry
Graffiti,Fighting,Windy X Windam,2010,0.0100,0.1800,0.06,weak entry
Graffiti,Misc,Reader Rabbit Kindergarten,2009,0.2700,0.1100,2.45,strong breakout
Graffiti,Role-Playing,Mazes Of Fate Ds,2008,0.0400,0.0700,0.57,below median
Graffiti,Shooter,C.O.R.E.,2009,0.0400,0.1300,0.31,weak entry
Graffiti,Simulation,Air Conflicts: Aces Of World War Ii,2009,0.0500,0.1000,0.50,below median
Graffiti,Sports,Free Running,2010,0.0400,0.1800,0.22,weak entry
Grand Prix Games,Fighting,Hajime No Ippo Portable: Victorious Spirits,2007,0.0600,0.0800,0.75,below median
Grey Box,Adventure,Rime,2017,0.2900,0.0200,14.50,strong breakout
Griffin International,Sports,Bass Pro Shops: The Hunt,2010,0.0900,0.1800,0.50,below median
Gsp,Adventure,Princess Isabella: A Witch'S Curse,2010,0.0800,0.0300,2.67,strong breakout
Gsp,Misc,Postman Pat: Special Delivery Service,2009,0.0100,0.1100,0.09,weak entry
Gsp,Puzzle,Jewel Link Chronicles: Legend Of Athena,2011,0.0700,0.0400,1.75,above median
Gun Media,Action,Friday The 13th: The Game,2017,0.7500,0.0700,10.71,strong breakout
Gungho,Adventure,Otometeki Koi Kakumei * Love Revo!! Ds,2008,0.0200,0.0400,0.50,below median
Gungho,Misc,"Minna De Jibun No Setsumeisho: B-Kata, A-Kata, Ab-Kata, O-Kata",2008,0.0400,0.1200,0.33,weak entry
Gungho,Role-Playing,Ragnarok: Hikari To Yami No Koujo,2012,0.0700,0.1350,0.52,below median
Gungho,Shooter,Zero Cho Aniki,2009,0.0100,0.1300,0.08,weak entry
Gungho,Sports,100 Kiri Golf Ds,2008,0.0000,0.1700,0.00,weak entry
Gungho Online Entertainment,Action-Adventure,République,2016,0.0200,0.2550,0.08,weak entry
Gungho Online Entertainment,Puzzle,Puzzle & Dragons X: God Chapter / Dragon Chapter,2016,0.3200,0.0400,8.00,strong breakout
Gust,Simulation,Surge Concerto: Ciel Nosurge,2012,0.1000,0.0850,1.18,above median
"H2 Interactive Co., Ltd.",Fighting,Blazblue: Calamity Trigger,2014,0.0100,0.1400,0.07,weak entry
Hackberry,Misc,Pachinko Kaou: Misora Hibari,2007,0.0200,0.0900,0.22,weak entry
Hamster Corporation,Simulation,The Conveni 4,2006,0.0200,0.0400,0.50,below median
Happinet,Action,Kobayashi Ga Kawai Sugite Tsurai!! Game Demo Kyun Moe Max Ga Tomara Nai,2015,0.0000,0.0600,0.00,weak entry
Happinet,Adventure,12-Sai. Honto No Kimochi,2014,0.0700,0.0200,3.50,strong breakout
Happinet,Misc,Niko Puchi Girls Runway,2015,0.0300,0.0500,0.60,below median
Happinet,Puzzle,12-Sai. Torokeru Puzzle Futari No Harmony,2017,0.0100,0.0200,0.50,below median
Happinet,Simulation,Sousaku Alice To Oujisama!,2015,0.0200,0.0200,1.00,above median
Harmonix Music Systems,Music,Rock Band 4,2015,1.3200,0.2200,6.00,strong breakout
Harukaze,Adventure,Nora To Koujo To Noraneko Heart,2017,0.0100,0.0200,0.50,below median
Harukaze,Visual Novel,"Nora, Princess, And Stray Cat",2018,0.0000,0.0100,0.00,weak entry
Hdo Adventure,Puzzle,Hollywood: The Directors Cut,2012,0.0000,0.0300,0.00,weak entry
Headup Games,Action,Twin Sector,2010,0.0000,0.1900,0.00,weak entry
Headup Games,Adventure,The Inner World,2013,0.0300,0.0400,0.75,below median
Hello Games,Action-Adventure,No Man'S Sky,2016,2.2600,0.2550,8.86,strong breakout
Her Interactive,Adventure,Nancy Drew: Danger By Design,2006,0.0000,0.0400,0.00,weak entry
Home Entertainment Suppliers,Sports,Rugby League Live,2010,0.0600,0.1800,0.33,weak entry
Honeybee,Action,Ayakashi Gohan: Oomori!,2015,0.0100,0.0600,0.17,weak entry
Honeybee,Adventure,Dynamic Chord Feat. Reve Parfait: V Edition,2016,0.0200,0.0300,0.67,below median
Hoplite Research,Action,"Warhammer 40,000: Deathwatch",2018,0.0200,0.0500,0.40,weak entry
Hudson Entertainment,Adventure,Miami Law,2009,0.1000,0.0300,3.33,strong breakout
Hudson Entertainment,Puzzle,Lode Runner,2006,0.0200,0.0500,0.40,weak entry
Hudson Entertainment,Role-Playing,Dungeon Explorer: Warriors Of Ancient Arts,2008,0.0700,0.0700,1.00,above median
Hudson Entertainment,Simulation,Team Batista No Eikou: Shinjitsu O Tsumugu 4-Tsu No Karte,2008,0.0000,0.0800,0.00,weak entry
Hudson Entertainment,Sports,Fishing Master World Tour,2009,0.0900,0.1650,0.55,below median
Hunex,Action,Irotoridori No Sekai: World'S End Re-Birth,2015,0.0100,0.0600,0.17,weak entry
Hunex,Adventure,Monobeno: Pure Smile,2014,0.0100,0.0200,0.50,below median
Iceberg Interactive,Adventure,Adam'S Venture Episode 1: The Search For The Lost Garden,2009,0.0000,0.0300,0.00,weak entry
Idea Factory,Action,Mist Of Chaos,2007,0.0100,0.2000,0.05,weak entry
Idea Factory,Adventure,Mitsu X Mitsu Drops: Love X Love Honey Life,2006,0.0100,0.0400,0.25,weak entry
Idea Factory,Misc,Moetan Ds,2008,0.0000,0.1200,0.00,weak entry
Idea Factory,Platform,Ora Ga Omae O Mamoru,2009,0.0000,0.1350,0.00,weak entry
Idea Factory,Simulation,Arcobaleno!,2009,0.0100,0.1000,0.10,weak entry
Idea Factory,Visual Novel,Amnesia Later,2012,0.0500,0.0250,2.00,strong breakout
Idea Factory International,Action,Hyperdimension Neptunia Re;Birth 3: V Generation,2015,0.1000,0.0600,1.67,above median
Idea Factory International,Role-Playing,Hyperdimension Neptunia Re;Birth2: Sisters Generation,2015,0.0500,0.0850,0.59,below median
Ides,Misc,Habu Yoshiharu Shougi De Kitaeru: Ketsudanryoku Ds,2009,0.0000,0.1100,0.00,weak entry
Ie Institute,Action,Housekeeping,2006,0.0400,0.0800,0.50,below median
Ie Institute,Misc,Chuugaku Eitango Target 1800 Ds,2006,0.0700,0.0500,1.40,above median
Ientertainment Network,Simulation,Warbirds: Dogfights,2010,0.0000,0.0700,0.00,weak entry
Ignition Entertainment,Action,Mercury Meltdown,2006,0.0600,0.0800,0.75,below median
Ignition Entertainment,Adventure,Obscure: The Aftermath,2008,0.1200,0.0400,3.00,strong breakout
Ignition Entertainment,Fighting,The King Of Fighters '98 Ultimate Match,2009,0.1200,0.1400,0.86,below median
Ignition Entertainment,Misc,Flipper Critters,2007,0.0300,0.0900,0.33,weak entry
Ignition Entertainment,Role-Playing,Blue Dragon Plus,2009,0.2100,0.0750,2.80,strong breakout
Igs,Role-Playing,Apb Reloaded,2011,0.0400,0.1600,0.25,weak entry
Image Epoch,Role-Playing,Sol Trigger,2012,0.1000,0.1350,0.74,below median
Imageepoch Inc.,Music,Soni Pro,2014,0.0100,0.1550,0.06,weak entry
Imageepoch Inc.,Role-Playing,Toushin Toshi,2014,0.0300,0.1000,0.30,weak entry
Imagineer,Misc,Kouekizaidan Houjin Nihon Kanji Nouryoku Kentei Kyoukai: Kanken Training 2,2017,0.0100,0.0300,0.33,weak entry
Imel,Adventure,Wagamama High Spec,2017,0.0100,0.0200,0.50,below median
Independent Arts Software Gmbh,Simulation,Horse Life 4,2015,0.0100,0.0200,0.50,below median
Insomniac Games,Action,Song Of The Deep,2016,0.3500,0.0700,5.00,strong breakout
Interchannel,Action,Hokuto No Ken: Raoh Gaiden - Ten No Haoh,2009,0.0100,0.1700,0.06,weak entry
Interchannel,Adventure,Clannad,2006,0.0400,0.0400,1.00,above median
Interchannel,Misc,Sukashishipanman Ds: Shokotak Koto Nakagawa Shouko Produce!,2009,0.0000,0.1100,0.00,weak entry
Interchannel,Simulation,Chi'S Sweet Home: Chi Ga Ouchi Ni Yatte Kita!,2008,0.0000,0.0800,0.00,weak entry
Interchannel-Holon,Strategy,Palais De Reine,2007,0.0100,0.0400,0.25,weak entry
Introversion Software,Simulation,Prison Architect,2016,0.0700,0.0300,2.33,strong breakout
Irem Software Engineering,Action,Zettai Zetsumei Toshi 3: Kowareyuku Machi To Kanojyo No Uta,2009,0.0700,0.1700,0.41,weak entry
Irem Software Engineering,Misc,Pachipara 13: Super Umi No Pachi-Pro Fuuunroku,2006,0.0600,0.0500,1.20,above median
Irem Software Engineering,Role-Playing,Narisokonai Eiyuutan: Taiyou To Tsuki No Monogatari,2009,0.0100,0.0750,0.13,weak entry
Irem Software Engineering,Strategy,R-Type Tactics Ii: Operation Bitter Chocolate,2009,0.0100,0.0300,0.33,weak entry
Iwin,Puzzle,Jewel Quest Ii,2007,0.0100,0.0600,0.17,weak entry
Iwin,Simulation,Beauty Factory,2007,0.0000,0.1050,0.00,weak entry
Jack Of All Games,Shooter,Veggy World,2011,0.0200,0.3050,0.07,weak entry
Jaleco,Role-Playing,Ougon No Kizuna,2009,0.0000,0.0750,0.00,weak entry
Joindots,Party,Funfair Party Games,2013,0.0000,0.1250,0.00,weak entry
Just Flight,Simulation,C-130 Hercules,2008,0.0000,0.0800,0.00,weak entry
Kadokawa Games,Action,Fate/Kaleid Liner Prisma Illya,2014,0.0100,0.1450,0.07,weak entry
Kadokawa Games,Adventure,Reco Love: Blue Ocean,2016,0.0400,0.0300,1.33,above median
Kadokawa Games,Misc,Mirai Nikki: 13 Hitome No Nikki Shoyuusha Re-Write,2012,0.0100,0.0200,0.50,below median
Kadokawa Games,Music,Love Live! School Idol Paradise,2014,0.1200,0.1550,0.77,below median
Kadokawa Games,Role-Playing,Entaku No Seito: The Eternal Legend,2012,0.0200,0.1350,0.15,weak entry
Kadokawa Games,Simulation,Motto! Sonicomi,2014,0.0200,0.0250,0.80,below median
Kadokawa Games,Visual Novel,D.C. Iii: Da Capo Iii,2013,0.0300,0.0200,1.50,above median
Kadokawa Shoten,Action,Shin Lucky * Star: Moe Drill ~Tabidachi~,2007,0.0700,0.2000,0.35,weak entry
Kadokawa Shoten,Misc,Suzumiya Haruhi-Chan No Mahjong,2011,0.0200,0.1200,0.17,weak entry
Kadokawa Shoten,Shooter,Strike Witches: Shirogane No Tsubasa,2012,0.0200,0.3350,0.06,weak entry
Kadokawa Shoten,Sports,Derby Stallion Gold,2014,0.1500,0.4350,0.34,weak entry
Kadokawa Shoten,Visual Novel,Steins;Gate,2011,0.1900,0.0200,9.50,strong breakout
Kaga Create,Action,A Good Librarian Like A Good Shepherd: Library Party,2015,0.0400,0.0600,0.67,below median
Kaga Create,Adventure,Renai 0 Kilometer,2014,0.0100,0.0200,0.50,below median
Kaga Create,Misc,1/2 Summer +,2013,0.0100,0.0600,0.17,weak entry
Kalypso,Action,Boulder Dash-Xl,2011,0.0100,0.1700,0.06,weak entry
Kalypso,Adventure,Ceville,2009,0.0200,0.0300,0.67,below median
Kalypso,Misc,Patrician Iv: Gold Edition,2011,0.0100,0.1200,0.08,weak entry
Kalypso,Racing,Racing Team Manager,2008,0.0000,0.1350,0.00,weak entry
Kalypso,Simulation,Darkstar One: Broken Alliance,2010,0.2000,0.0700,2.86,strong breakout
Kalypso,Strategy,Tropico 3,2009,0.0400,0.0300,1.33,above median
Kalypso Media,Action,Vikings: Wolves Of Midgard,2017,0.0800,0.0700,1.14,above median
Kalypso Media,Adventure,The Pillars Of The Earth,2017,0.0600,0.0200,3.00,strong breakout
Kalypso Media,Puzzle,The Inner World: The Last Wind Monk,2017,0.0400,0.0200,2.00,strong breakout
Kalypso Media,Role-Playing,Dungeons 2,2015,0.0000,0.0850,0.00,weak entry
Kalypso Media,Simulation,Port Royale 3,2012,0.1500,0.0850,1.76,above median
Kalypso Media,Strategy,Tropico 4: Modern Times,2012,0.0200,0.0400,0.50,below median
Kamui,Misc,Sekai No Hate Made Itte Q! Chinjuu Hunter Mono No Daibouken,2010,0.0300,0.1100,0.27,weak entry
Karin Entertainment,Adventure,Princess Nightmare,2008,0.0100,0.0400,0.25,weak entry
Kemco,Visual Novel,Saiaku Naru Saiyaku Ningen Ni Sasagu,2018,0.0100,0.0100,1.00,above median
Kids Station,Adventure,Gakuen Alice: Kirakira * Memory Kiss,2006,0.0100,0.0400,0.25,weak entry
King Art Games,Adventure,The Raven: Legacy Of A Master Thief,2014,0.0000,0.0200,0.00,weak entry
King Art Games,Strategy,Battle Worlds: Kronos,2013,0.0100,0.0400,0.25,weak entry
King Games,Action,Big Bumpin',2006,0.0000,0.0800,0.00,weak entry
Klei Entertainment,Adventure,Don'T Starve,2018,0.0500,0.0300,1.67,above median
Knowledge Adventure,Misc,Jump Start Pet Rescue,2009,0.4400,0.1100,4.00,strong breakout
Koch Media,Adventure,Revolution: 25th Anniversary Collection,2016,0.0200,0.0300,0.67,below median
Koch Media,Music,Andrew Lloyd Webber Musicals: Sing And Dance,2012,0.0000,0.1800,0.00,weak entry
Koch Media,Racing,Motogp 17,2017,0.2000,0.0650,3.08,strong breakout
Koch Media,Shooter,S.T.A.L.K.E.R.: Clear Sky,2008,0.0300,0.1800,0.17,weak entry
Koch Media,Simulation,Goat Simulator: The Bundle,2016,0.0100,0.0300,0.33,weak entry
Koch Media,Sports,Wsc Real 08: World Snooker Championship,2008,0.0000,0.1700,0.00,weak entry
Koch Media,Strategy,Military History: Commander - Europe At War,2009,0.0000,0.0300,0.00,weak entry
Koei,Racing,Fatal Inertia,2007,0.1300,0.1500,0.87,below median
Koei,Visual Novel,Tokimeki Restaurant: Project Tristars,2018,0.0100,0.0100,1.00,above median
Koei Tecmo,Action,Samurai Warriors 3z Special,2012,0.0300,0.1600,0.19,weak entry
Koei Tecmo,Misc,La Corda D'Oro 2ff,2017,0.0100,0.0300,0.33,weak entry
Koei Tecmo,Role-Playing,Shin Atelier Rorona: Hajimari No Monogatari,2015,0.0200,0.0850,0.24,weak entry
Koei Tecmo,Sports,Winning Post 8 2018,2018,0.0400,0.1200,0.33,weak entry
Koei Tecmo,Strategy,Nobunaga'S Ambition: Taishi,2017,0.0100,0.0300,0.33,weak entry
Koei Tecmo,Visual Novel,Harukanaru Toki No Naka De Ultimate,2018,0.0100,0.0100,1.00,above median
Konami Digital Entertainment,Action,Metal Gear Online,2008,0.0000,0.1600,0.00,weak entry
Konami Digital Entertainment,Action-Adventure,Metal Gear Solid: Snake Eater 3d,2012,0.3900,0.3300,1.18,above median
Konami Digital Entertainment,Misc,Metal Gear Solid Hd Edition,2011,0.1100,0.1200,0.92,below median
Konami Digital Entertainment,Puzzle,Super Bomberman R,2017,0.8700,0.0200,43.50,strong breakout
Konami Digital Entertainment,Role-Playing,Gens? Suikoden: The Woven Web Of A Century,2012,0.1300,0.1350,0.96,below median
Konami Digital Entertainment,Simulation,Birds Of Steel,2012,0.3900,0.0850,4.59,strong breakout
Konami Digital Entertainment,Sports,Jikkyou Powerful Pro Yakyuu 2012,2012,0.4500,0.2850,1.58,above median
Konami Digital Entertainment,Strategy,New Little King'S Story,2012,0.0400,0.0400,1.00,above median
Konami Digital Entertainment,Visual Novel,Tokimeki Memorial Girl'S Side Premium: 3rd Story,2012,0.0700,0.0250,2.80,strong breakout
Land Ho,Misc,Adidas Micoach,2012,0.0000,0.0200,0.00,weak entry
Leadman Games,Platform,Salt And Sanctuary,2018,0.0300,0.0400,0.75,below median
League Of Geeks,Strategy,Armello,2018,0.0200,0.0200,1.00,above median
Legacy Interactive,Action,Igor: The Game,2008,0.0400,0.1600,0.25,weak entry
Legacy Interactive,Adventure,"Murder, She Wrote",2009,0.0500,0.0300,1.67,above median
Legacy Interactive,Simulation,Pet Pals: Animal Doctor,2008,0.1400,0.0800,1.75,above median
Level 5,Action,Danball Senki Boost,2011,0.2200,0.1700,1.29,above median
Level 5,Adventure,Tago Akira No Atama No Taisou Dai-1-Shuu: Nazotoki Sekai Isshuu Ryokou,2009,0.0300,0.0300,1.00,above median
Level 5,Misc,Guild 01,2012,0.0500,0.0200,2.50,strong breakout
Level 5,Music,Yokai Watch Dance: Just Dance Special Version,2015,0.0400,0.2200,0.18,weak entry
Level 5,Puzzle,Sloane To Machale No Nazo No Monogatari,2009,0.2000,0.0600,3.33,strong breakout
Level 5,Role-Playing,Inazuma Eleven 2: Kyoui No Shinryokusha - Fire / Blizzard,2009,1.1800,0.0750,15.73,strong breakout
Level 5,Simulation,Girls Rpg: Cinderellife,2012,0.0600,0.0850,0.71,below median
Level 5,Sports,Inazuma Eleven 3: Sekai E No Chousen!! The Ogre,2010,0.4700,0.1800,2.61,strong breakout
Level 5,Strategy,Little Battlers Experience: Wars,2013,0.1300,0.0400,3.25,strong breakout
Lexicon Entertainment,Adventure,Another World: 15th Anniversary Edition,2006,0.0000,0.0400,0.00,weak entry
Licensed 4u,Adventure,Natalie Brooks: Mystery At Hillcrest High,2012,0.0200,0.0400,0.50,below median
Lighthouse Interactive,Adventure,Overclocked: A History Of Violence,2008,0.0000,0.0400,0.00,weak entry
Lighthouse Interactive,Simulation,Ship Simulator 2008,2008,0.0100,0.0800,0.13,weak entry
Little Orbit,Action,Winx Club: Saving Alfea,2014,0.0100,0.1450,0.07,weak entry
Little Orbit,Action-Adventure,Adventure Time: The Secret Of The Nameless,2014,0.0200,0.2600,0.08,weak entry
Little Orbit,Adventure,Adventure Time: The Secret Of The Nameless Kingdom,2014,0.1500,0.0200,7.50,strong breakout
Little Orbit,Misc,Monster High 13 Wishes,2013,0.0400,0.0600,0.67,below median
Little Orbit,Role-Playing,Falling Skies: The Game,2016,0.0000,0.0900,0.00,weak entry
Little Orbit,Simulation,Busy Scissors,2010,0.1500,0.0700,2.14,strong breakout
M2,Action,Ketsui Deathtiny: Kizuna Jigoku Tachi,2018,0.0100,0.0500,0.20,weak entry
M2,Strategy,Battle Garegga Rev.2016,2016,0.0100,0.0500,0.20,weak entry
Mad Catz,Simulation,Damage Inc.: Pacific Squadron Wwii,2012,0.0700,0.0850,0.82,below median
Mad Catz,Sports,Real World Golf,2006,0.1400,0.1300,1.08,above median
Mages,Visual Novel,Memories Off: Innocent File,2018,0.0200,0.0100,2.00,strong breakout
Majesco,Role-Playing,Away: Shuffle Dungeon,2008,0.0300,0.0700,0.43,weak entry
Majesco Entertainment,Misc,Hello Kitty Picnic With Sanrio Friends,2012,0.0000,0.0200,0.00,weak entry
Majesco Entertainment,Music,Zumba Fitness Core,2012,0.1200,0.1800,0.67,below median
Majesco Entertainment,Simulation,Gardening Mama 2: Forest Friends,2014,0.0100,0.0250,0.40,weak entry
Mamba Games,Adventure,The Void,2009,0.0300,0.0300,1.00,above median
Marvel Entertainment,Action,Luminous Arc Infinity,2015,0.0600,0.0600,1.00,above median
Marvelous,Action,Fate/Extella Link,2018,0.0600,0.0500,1.20,above median
Marvelous,Misc,Senran Kagura: Peach And Reflexions Limited Double Pack,2018,0.0200,0.0300,0.67,below median
Marvelous,Simulation,Harvest Moon: The Land Of Origin,2012,0.2300,0.0850,2.71,strong breakout
Marvelous Entertainment,Action,Senran Kagura 2: Deep Crimson,2015,0.1800,0.0600,3.00,strong breakout
Marvelous Entertainment,Misc,Bakumatsu Rock,2014,0.0100,0.0550,0.18,weak entry
Marvelous Entertainment,Music,Ia/Vt Colorful,2015,0.0800,0.2200,0.36,weak entry
Marvelous Entertainment,Role-Playing,Fate/Extra Ccc,2013,0.1200,0.0900,1.33,above median
Marvelous Interactive,Action,Busou Renkin: Youkoso Papillon Park E,2007,0.0200,0.2000,0.10,weak entry
Marvelous Interactive,Adventure,"Negima!? Chou Mahora Taisen Kattoiin, Keiyaku Shikkou Dechai Masuu",2006,0.0400,0.0400,1.00,above median
Marvelous Interactive,Fighting,Katekyoo Hitman Reborn! Dream Hyper Battle!,2007,0.0200,0.0800,0.25,weak entry
Marvelous Interactive,Misc,Bakumatsu Rock: Ultra Soul,2014,0.0300,0.0550,0.55,below median
Marvelous Interactive,Role-Playing,Mahou Sensei Negima! Private Lesson 2: Ojama Shimasu Parasite De Chu,2006,0.0300,0.0600,0.50,below median
Marvelous Interactive,Simulation,Mushishi: Amefuru Sato,2008,0.0200,0.0800,0.25,weak entry
Marvelous Interactive,Sports,Ookiku Furikabutte: Honto No Ace Ni Nareru Kamo,2007,0.0300,0.1700,0.18,weak entry
Masque Publishing,Simulation,Igt Slots: Lucky Larry'S Lobstermania,2011,0.0400,0.0800,0.50,below median
Mastertronic,Adventure,Frankenstein: The Dismembered Bride,2009,0.0000,0.0300,0.00,weak entry
Mastertronic,Misc,Gamesaid: Triple Pack,2010,0.0000,0.1100,0.00,weak entry
Mastertronic,Puzzle,Nightfall Mysteries: Curse Of The Opera,2010,0.0000,0.0450,0.00,weak entry
Mastertronic,Role-Playing,Deus Ex Complete,2009,0.0000,0.0750,0.00,weak entry
Mastertronic,Shooter,Alien Breed Trilogy,2011,0.0200,0.3050,0.07,weak entry
Mastiff,Adventure,Home Sweet Home (2017),2018,0.0700,0.0300,2.33,strong breakout
Mastiff,Puzzle,Dr. Sudoku,2006,0.0100,0.0500,0.20,weak entry
Mastiff,Sports,Deer Drive,2009,0.7500,0.1650,4.55,strong breakout
Matatabi,Adventure,Utsusemi No Mawari,2017,0.0100,0.0200,0.50,below median
Maximum Family Games,Misc,50 Classic Games,2012,0.0100,0.0200,0.50,below median
Maximum Family Games,Shooter,Deer Drive: Legends,2012,0.0300,0.3350,0.09,weak entry
Maximum Games,Action,Aragami,2016,0.0400,0.0700,0.57,below median
Maximum Games,Action-Adventure,Agony,2018,0.0500,0.0650,0.77,below median
Maximum Games,Adventure,Loading Human,2016,0.0800,0.0300,2.67,strong breakout
Maximum Games,Platform,Putty Squad,2014,0.0300,0.1300,0.23,weak entry
Maximum Games,Racing,Atv Drift & Tricks,2017,0.0900,0.0650,1.38,above median
Maximum Games,Shooter,Dead Alliance,2017,0.0800,0.1450,0.55,below median
Maximum Games,Simulation,Farming Simulator 17: Big Bud,2017,0.0100,0.0700,0.14,weak entry
Maximum Games,Sports,Rugby 15,2015,0.3200,0.1200,2.67,strong breakout
Maximum Games,Strategy,Armagallant: Decks Of Destiny,2017,0.0200,0.0300,0.67,below median
Mc2 Entertainment,Adventure,Nostradamus: The Last Prophecy,2007,0.0000,0.0400,0.00,weak entry
Media Works,Adventure,Shakugan No Shana,2006,0.0300,0.0400,0.75,below median
Mediascape,Fighting,Touhou Shinpiroku ~ Urban Legend In Limbo,2016,0.0200,0.0500,0.40,weak entry
Mediascape,Role-Playing,Touhou Genso Wanderer Tod: Reloaded,2016,0.0100,0.0900,0.11,weak entry
Megahouse,Misc,Othello De Othello Ds,2008,0.0000,0.1200,0.00,weak entry
Mentor Interactive,Adventure,Naraba'S World: The Mysterious Palace,2012,0.0000,0.0400,0.00,weak entry
Mentor Interactive,Misc,My Virtual Tutor: Reading Adventure First To Second Grade,2009,0.4000,0.1100,3.64,strong breakout
Mentor Interactive,Puzzle,Crazy Machines,2011,0.0200,0.0400,0.50,below median
Mercury Games,Puzzle,Paint By Ds,2008,0.0000,0.0600,0.00,weak entry
Mercury Games,Racing,Crazy Frog Racer,2006,0.0000,0.0800,0.00,weak entry
Merge Games,Action,Unbox: Newbie'S Adventure,2017,0.0500,0.0700,0.71,below median
Merge Games,Platform,Candle: The Power Of The Flame,2018,0.0100,0.0400,0.25,weak entry
Merge Games,Role-Playing,Darkest Dungeon,2018,0.0300,0.0500,0.60,below median
Meridian4,Shooter,Alpha Prime,2007,0.0000,0.1250,0.00,weak entry
Meridian4,Simulation,Bus Driver,2008,0.0100,0.0800,0.13,weak entry
Meridian4,Strategy,Trapped Dead,2011,0.0200,0.0750,0.27,weak entry
Merscom Llc,Adventure,Shutter Island,2009,0.2000,0.0300,6.67,strong breakout
Merscom Llc,Simulation,Trainz Railwayz,2007,0.0000,0.1050,0.00,weak entry
Michaelsoft,Role-Playing,Wizardry Xth: Unlimited Students,2006,0.0100,0.0600,0.17,weak entry
Microforum,Racing,3d Pixel Racing,2011,0.0000,0.1300,0.00,weak entry
Microids,Action-Adventure,Asterix And Obelix Xxl2,2018,0.1000,0.0650,1.54,above median
Microids,Adventure,Agatha Christie: The Abc Murders,2016,0.0200,0.0300,0.67,below median
Microids,Puzzle,Paddington: Adventures In London,2015,0.0400,0.0000,,strong breakout
Microids,Racing,Gear.Club Unlimited,2017,0.1500,0.0650,2.31,strong breakout
Microids,Role-Playing,Syberia Iii,2017,0.0600,0.0700,0.86,below median
Microsoft,Music,Dance Central 2,2011,2.0400,1.0850,1.88,above median
Microsoft,Role-Playing,Kingdom Under Fire: Circle Of Doom,2008,0.3700,0.0700,5.29,strong breakout
Microsoft Game Studios,Misc,Scene It? Lights Camera Action,2007,0.4800,0.0900,5.33,strong breakout
Microsoft Game Studios,Music,Lips: Number One Hits,2009,0.5500,0.5500,1.00,above median
Microsoft Studios,Action,Sunset Overdrive,2014,1.1600,0.1450,8.00,strong breakout
Microsoft Studios,Action-Adventure,Kinect: Disneyland Adventures,2011,2.4100,2.4100,1.00,above median
Microsoft Studios,Adventure,Rush: A Disney Pixar Adventure,2017,0.1700,0.0200,8.50,strong breakout
Microsoft Studios,Fighting,Killer Instinct (2013),2014,0.1100,0.1400,0.79,below median
Microsoft Studios,Misc,Kinect Sports: Ultimate Collection,2012,0.0000,0.0200,0.00,weak entry
Microsoft Studios,Platform,Kinect Rush: A Disney Pixar Adventure,2012,0.5800,0.4000,1.45,above median
Microsoft Studios,Racing,Forza Motorsport 4,2011,4.6000,0.1300,35.38,strong breakout
Microsoft Studios,Role-Playing,Fable: The Journey,2012,0.2900,0.1350,2.15,strong breakout
Microsoft Studios,Shooter,Halo: Combat Evolved Anniversary,2011,2.4100,0.3050,7.90,strong breakout
Microsoft Studios,Simulation,Kinectimals: Now With Bears!,2011,0.3600,0.0800,4.50,strong breakout
Microsoft Studios,Sports,Kinect Sports: Season Two,2011,2.3300,0.1500,15.53,strong breakout
Microsoft Studios,Strategy,Halo Wars 2,2017,0.5100,0.0300,17.00,strong breakout
Midas Interactive Entertainment,Misc,Clever Kids: Dino Land,2007,0.0000,0.0900,0.00,weak entry
Midas Interactive Entertainment,Racing,Gt-R 400,2006,0.0000,0.0800,0.00,weak entry
Midas Interactive Entertainment,Simulation,Wwii: Battle Over The Pacific,2008,0.0000,0.0800,0.00,weak entry
Midas Interactive Entertainment,Sports,Skate Park City,2008,0.0000,0.1700,0.00,weak entry
Midway Games,Adventure,Happy Feet,2006,0.7000,0.0400,17.50,strong breakout
Milestone,Racing,Mxgp 3: The Official Motocross Videogame,2017,0.2600,0.0650,4.00,strong breakout
Milestone,Shooter,Radirgy Noa Wii,2010,0.0100,0.2100,0.05,weak entry
Milestone S.R.L,Racing,Mxgp 2,2016,0.2400,0.0800,3.00,strong breakout
Milestone S.R.L.,Racing,Motogp 15,2015,0.2800,0.0600,4.67,strong breakout
Milkstone Studios,Shooter,Ziggurat,2015,0.0100,0.4900,0.02,weak entry
Minato Station,Adventure,Kimi Ga Aruji De Shitsuji Ga Ore De: Oshie Nikki,2008,0.0200,0.0400,0.50,below median
Minato Station,Visual Novel,Shinken De Watashi Ni Koi Shinasai! R,2012,0.0200,0.0250,0.80,below median
Mindscape,Misc,Deal Or No Deal: The Banker Is Back!,2008,0.2100,0.1200,1.75,above median
Mindscape,Simulation,Ready Steady Cook: The Game,2009,0.0000,0.1000,0.00,weak entry
Mindstorm Studios,Sports,Cricket Revolution,2009,0.0000,0.1650,0.00,weak entry
Mirai Shounen,Misc,Moe Star: Moeru Toudai Eigojuku,2008,0.0200,0.1200,0.17,weak entry
Mlb Advanced Media,Sports,R.B.I. Baseball 18,2018,0.3300,0.1200,2.75,strong breakout
Mlb.Com,Sports,R.B.I. Baseball 2016,2016,0.1000,0.3250,0.31,weak entry
Modus Games,Action-Adventure,Override: Mech City Brawl,2018,0.0500,0.0650,0.77,below median
Mojang,Adventure,Minecraft: Story Mode,2015,3.7300,0.0400,93.25,strong breakout
Mojang,Sandbox,Minecraft,2016,1.4700,1.4700,1.00,above median
Moss,Misc,Grand Theft Auto: Liberty City Stories / Vice City Stories,2014,0.0100,0.0550,0.18,weak entry
Moss,Shooter,Caladrius,2013,0.0100,0.3950,0.03,weak entry
Mto,Action,San-X Land: Theme Park De Asobou!,2006,0.0400,0.0800,0.50,below median
Mto,Misc,Rhythm De Cooking,2008,0.0000,0.1200,0.00,weak entry
Mto,Simulation,Ochaken No Heya Ds,2006,0.1200,0.0400,3.00,strong breakout
Mtv Games,Misc,Rock Band,2007,5.2000,0.0900,57.78,strong breakout
Mumbo Jumbo,Action,Johnny Bravo In The Hukka-Mega-Mighty-Ultra-Extreme Date-O-Rama,2009,0.0900,0.1700,0.53,below median
Mumbo Jumbo,Adventure,Samantha Swift And The Hidden Roses Of Athena,2008,0.0000,0.0400,0.00,weak entry
Mumbo Jumbo,Platform,Crazy Chicken: Atlantis Quest,2009,0.0500,0.1350,0.37,weak entry
Mumbo Jumbo,Puzzle,Luxor: The Wrath Of Set,2006,0.0200,0.0500,0.40,weak entry
Mumbo Jumbo,Racing,Crazy Chicken: Star Karts,2009,0.0300,0.1100,0.27,weak entry
Mumbo Jumbo,Simulation,Build-A-Lot,2008,0.0100,0.0800,0.13,weak entry
Mumbo Jumbo,Sports,Polar Bowler,2008,0.0200,0.1700,0.12,weak entry
Mumbo Jumbo,Strategy,Farm Frenzy,2008,0.0400,0.0700,0.57,below median
Myelin Media,Misc,Stacked With Daniel Negreanu,2006,0.1300,0.0500,2.60,strong breakout
Namco Bandai,Action,Eureka Seven Vol. 1: The New Wave,2006,0.0000,0.0800,0.00,weak entry
Namco Bandai,Adventure,Snoopy Vs The Red Baron,2006,0.0500,0.0400,1.25,above median
Namco Bandai,Misc,Heisei Kyouiku Linkai Ds,2006,0.2100,0.0500,4.20,strong breakout
Namco Bandai,Party,Pac-Man Party 3d,2011,0.1500,0.0900,1.67,above median
Namco Bandai,Platform,Go Go Cosmo Cops!,2009,0.0000,0.1350,0.00,weak entry
Namco Bandai,Puzzle,Gunpey,2006,0.0500,0.0500,1.00,above median
Namco Bandai,Racing,Igpx: Immortal Grand Prix,2006,0.0000,0.0800,0.00,weak entry
Namco Bandai,Role-Playing,Digimon World Ds (Jp Sales),2006,0.2300,0.0600,3.83,strong breakout
Namco Bandai,Shooter,Point Blank Ds (Jp Sales),2006,0.0700,0.0600,1.17,above median
Namco Bandai,Simulation,Mobile Suit Gundam: Crossfire,2006,0.2000,0.0400,5.00,strong breakout
Namco Bandai,Sports,Dorabase Ds: Dramatic Stadium,2007,0.2100,0.1700,1.24,above median
Namco Bandai,Strategy,Mage Knight: Destiny'S Soldier,2006,0.0200,0.0200,1.00,above median
Namco Bandai Games,Action,Choujikuu Yousai Macross: Ai Oboete Imasu Ka,2012,0.0500,0.1600,0.31,weak entry
Namco Bandai Games,Action-Adventure,Hunter X Hunter: Wonder Adventure,2012,0.0400,0.3300,0.12,weak entry
Namco Bandai Games,Adventure,Accel World: Ginyoku No Kakusei,2012,0.0600,0.0400,1.50,above median
Namco Bandai Games,Fighting,.Hack: Sekai No Mukou Ni + Versus,2012,0.0300,0.1300,0.23,weak entry
Namco Bandai Games,Misc,Evangelion Shin Gekijoban: 3nd Impact,2011,0.0000,0.1200,0.00,weak entry
Namco Bandai Games,Music,Taiko No Tatsujin Wii: Super Deluxe Edition,2012,0.6600,0.1800,3.67,strong breakout
Namco Bandai Games,Platform,Gon: Bakubakubakubaku Adventure,2012,0.0200,0.4000,0.05,weak entry
Namco Bandai Games,Puzzle,Touch My Katamari,2012,0.1400,0.0300,4.67,strong breakout
Namco Bandai Games,Racing,Ridge Racer,2012,0.1800,0.2700,0.67,below median
Namco Bandai Games,Role-Playing,2nd Super Robot Wars Original Generation,2012,0.3000,0.1350,2.22,strong breakout
Namco Bandai Games,Shooter,Inversion,2012,0.1300,0.3350,0.39,weak entry
Namco Bandai Games,Simulation,Aikatsu! Cinderella Lesson,2012,0.2000,0.0850,2.35,strong breakout
Namco Bandai Games,Sports,Hajime No Ippo: The Fighting! (2014),2014,0.0400,0.4350,0.09,weak entry
Namco Bandai Games,Strategy,Dai-2-Ji Super Robot Taisen Og,2012,0.2200,0.0400,5.50,strong breakout
Namco Bandai Games,Visual Novel,Ao No Exorcist: Genkoku No Labyrinth,2012,0.0400,0.0250,1.60,above median
Natsume,Adventure,Afrika,2009,0.2200,0.0300,7.33,strong breakout
Natsume,Misc,"Hi! Hamtaro - Little Hamsters,Big Adventures: Ham-Ham Challenge",2008,0.0700,0.1200,0.58,below median
Natsume,Platform,Ruff Trigger: The Vanocore Conspiracy,2006,0.0200,0.1100,0.18,weak entry
Navarre Corp,Adventure,Hidden Objects: Mystery Stories,2010,0.6600,0.0300,22.00,strong breakout
Navarre Corp,Simulation,Combat Wings: Battle Of Britain,2008,0.0000,0.0800,0.00,weak entry
Navarre Corp,Sports,Deadliest Catch: Alaskan Storm,2008,0.0500,0.1700,0.29,weak entry
Naxat Soft,Misc,Naxat Soft Reachmania Vol. 1: Cr Galaxy Angel,2008,0.0100,0.1200,0.08,weak entry
Ncs,Misc,Rekishi Adventure: Quiz San Goku Shi Tsuu Ds,2008,0.0000,0.1200,0.00,weak entry
Neko Entertainment,Action,Marvel Superheroes 3d: Grandmaster'S Challenge,2010,0.0200,0.1900,0.11,weak entry
Neko Entertainment,Misc,Maestro! Jump In Music,2009,0.0000,0.1100,0.00,weak entry
Neko Entertainment,Puzzle,Aqua Panic!,2009,0.0200,0.0600,0.33,weak entry
Neocore Games,Action,"Warhammer 40,000: Inquisitor - Martyr",2018,0.0400,0.0500,0.80,below median
Netrevo,Misc,Tsuyo Kiss 3 Portable,2012,0.0100,0.0200,0.50,below median
Nexon,Role-Playing,Maplestory Ds,2010,0.0300,0.1350,0.22,weak entry
Nicalis,Action,Ittle Dew 2+,2017,0.0600,0.0700,0.86,below median
Nicalis,Fighting,Blade Strangers,2018,0.0600,0.0700,0.86,below median
Nicalis,Platform,Cave Story+,2017,0.1500,0.2250,0.67,below median
Nighthawk Interactive,Action,Azure Striker Gunvolt: Striker Pack,2017,0.0600,0.0700,0.86,below median
Nighthawk Interactive,Platform,Runbow,2017,0.0200,0.2250,0.09,weak entry
Nighthawk Interactive,Puzzle,The Talos Principle,2015,0.0400,0.0000,,strong breakout
Nighthawk Interactive,Racing,Atv Renegades,2017,0.0200,0.0650,0.31,weak entry
Nighthawk Interactive,Simulation,Air Conflicts: Secret Wars,2017,0.0400,0.0700,0.57,below median
Nighthawk Interactive,Sports,Mutant Football League: Dynasty Edition,2018,0.2000,0.1200,1.67,above median
Nihon Falcom Corp,Action,Nayuta No Kiseki,2012,0.1400,0.1600,0.88,below median
Nihon Falcom Corporation,Role-Playing,The Legend Of Heroes: Ao No Kiseki,2014,0.0600,0.1000,0.60,below median
Nintendo,Action-Adventure,Fatal Frame 2: Wii Edition,2012,0.1100,0.3300,0.33,weak entry
Nintendo,Music,Rhythm Tengoku,2006,0.3000,0.3000,1.00,above median
Nintendo,Party,Sing Party,2012,0.3000,0.2200,1.36,above median
Nippon Columbia,Action,Hoppechan: Minna De Odekake! Waku Waku Hoppe Land!!,2014,0.0700,0.1450,0.48,weak entry
Nippon Columbia,Adventure,Akogare Girls Collection: Pika Pika Nurse Monogatari - Shounika Haitsumo Oosawagi,2016,0.0200,0.0300,0.67,below median
Nippon Columbia,Misc,Kobitodzukan: Kobito Kansatsu Set,2012,0.2800,0.0200,14.00,strong breakout
Nippon Columbia,Puzzle,"Sumikko Gurashi: Koko, Dokonan Desu?",2017,0.1200,0.0200,6.00,strong breakout
Nippon Columbia,Simulation,Hoppechan: Tsukutte! Asonde! Punipuni Town!!,2013,0.1500,0.0800,1.88,above median
Nippon Cultural Broadcasting Extend,Adventure,Heiligenstadt No Uta,2017,0.0100,0.0200,0.50,below median
Nippon Ichi Software,Action,Labyrinth Of Refrain: Coven Of Dusk,2016,0.0300,0.0700,0.43,weak entry
Nippon Ichi Software,Adventure,Amagoushi No Yakata,2007,0.0200,0.0400,0.50,below median
Nippon Ichi Software,Misc,Maruhan Pachinko & Pachi-Slot Hisshou Guide Kanshuu: The Pachinko Hall,2009,0.0000,0.1100,0.00,weak entry
Nippon Ichi Software,Platform,The Liar Princess And The Blind Prince,2018,0.0100,0.0400,0.25,weak entry
Nippon Ichi Software,Role-Playing,Blade Dancer: Lineage Of Light,2006,0.0600,0.0600,1.00,above median
Nippon Ichi Software,Simulation,The Conveni Ds: Otona No Keiei Ryoku Training,2008,0.0100,0.0800,0.13,weak entry
Nippon Ichi Software,Strategy,Musou Tourou,2009,0.0100,0.0300,0.33,weak entry
Nippon Ichi Software,Visual Novel,Tokushu Houdoubu,2012,0.0300,0.0250,1.20,above median
Nis America,Action,Prinny: Can I Really Be The Hero? (Us Sales),2009,0.0600,0.1700,0.35,weak entry
Nis America,Action-Adventure,Rodea The Sky Soldier,2015,0.1900,0.1550,1.23,above median
Nis America,Adventure,Disgaea Infinite,2010,0.1000,0.0300,3.33,strong breakout
Nis America,Fighting,Bleach: Soul Resurreccion,2011,0.5100,0.2100,2.43,strong breakout
Nis America,Misc,Disgaea D2,2013,0.2200,0.0600,3.67,strong breakout
Nis America,Platform,Prinny: Can I Really Be The Hero?,2009,0.1100,0.1350,0.81,below median
Nis America,Puzzle,Puchi Puchi Virus,2009,0.0900,0.0600,1.50,above median
Nis America,Shooter,Danganronpa Another Episode: Ultra Despair Girls,2015,0.2200,0.4900,0.45,weak entry
Nis America,Strategy,Grimgrimoire,2007,0.0500,0.0400,1.25,above median
Nis America,Visual Novel,Tears To Tiara Ii: Heir Of The Overlord,2014,0.1500,0.0300,5.00,strong breakout
Nitroplus,Misc,Dramatical Murder Re:Code,2014,0.0100,0.0550,0.18,weak entry
Nobilis,Adventure,Case Closed: One Truth Prevails,2009,0.0100,0.0300,0.33,weak entry
Nobilis,Platform,Trine,2009,0.0100,0.1350,0.07,weak entry
Nobilis,Simulation,Hotel Giant Ds,2008,0.0100,0.0800,0.13,weak entry
Nobilis,Strategy,Hotel Giant 2,2010,0.0300,0.0400,0.75,below median
Nordcurrent,Misc,Ninja Captains,2009,0.0000,0.1100,0.00,weak entry
Nordcurrent,Sports,King Of Pool,2009,0.0000,0.1650,0.00,weak entry
Nordic Games,Action,Legend Of Kay Anniversary,2015,0.2300,0.0600,3.83,strong breakout
Nordic Games,Action-Adventure,Darksiders Ii: Deathinitive Edition,2015,0.3200,0.1550,2.06,strong breakout
Nordic Games,Adventure,The Book Of Unwritten Tales 2,2014,0.0000,0.0200,0.00,weak entry
Nordic Games,Misc,Dance Party: Club Hits,2009,0.0000,0.1100,0.00,weak entry
Nordic Games,Music,We Sing Pop!,2012,0.2500,0.1800,1.39,above median
Nordic Games,Racing,Kart Racer,2009,0.0500,0.1100,0.45,weak entry
Nordic Games,Role-Playing,Arcania: Gothic 4,2015,0.0500,0.0850,0.59,below median
Nordic Games,Shooter,Painkiller: Hell & Damnation,2012,0.0100,0.3350,0.03,weak entry
Nordic Games,Sports,Mx Vs. Atv Supercross Encore,2015,0.1300,0.1200,1.08,above median
Nordic Games,Strategy,Battle Worlds: Kronos,2016,0.0200,0.0500,0.40,weak entry
Noviy Disk,Action,Ninja Blade,2009,0.0000,0.1700,0.00,weak entry
Now Production,Sports,Kodawari Saihai Simulation: Ocha No Ma Pro Yakyuu Ds,2009,0.0100,0.1650,0.06,weak entry
Numantian Games,Role-Playing,Lords Of Xulima,2014,0.0000,0.1000,0.00,weak entry
O-Games,Action,Hysteria Hospital: Emergency Ward,2009,0.1600,0.1700,0.94,below median
O-Games,Adventure,The Mysterious Case Of Dr. Jekyll And Mr. Hyde,2011,0.0500,0.0400,1.25,above median
O-Games,Misc,My Dress-Up,2008,0.0700,0.1200,0.58,below median
O-Games,Platform,Cid The Dummy,2009,0.0600,0.1350,0.44,weak entry
O-Games,Puzzle,Challenge Me: Brain Puzzles,2009,0.0600,0.0600,1.00,above median
O-Games,Racing,Hurry Up Hedgehog!,2009,0.0200,0.1100,0.18,weak entry
O-Games,Simulation,Girls Only,2010,0.0300,0.0700,0.43,weak entry
O-Games,Sports,Pdc World Championship Darts 2008,2009,0.2400,0.1650,1.45,above median
O~3 Entertainment,Strategy,Tank Beat,2007,0.0300,0.0400,0.75,below median
O3 Entertainment,Puzzle,Konductra,2006,0.0200,0.0500,0.40,weak entry
O3 Entertainment,Simulation,Pocket Pets,2007,0.1100,0.1050,1.05,above median
Obsidian Entertainment,Role-Playing,Pillars Of Eternity,2014,0.0200,0.1000,0.20,weak entry
Office Create,Simulation,Cooking Mama 5,2013,0.0300,0.0800,0.38,weak entry
Ongakukan,Simulation,Railfan,2006,0.0100,0.0400,0.25,weak entry
Otomate,Misc,Natsuzora No Monologue,2013,0.0100,0.0600,0.17,weak entry
Otomate Idea Factory,Adventure,Fortissimo,2018,0.0100,0.0300,0.33,weak entry
Outright Games,Action,Ben 10 (2017),2017,0.1600,0.0700,2.29,strong breakout
Outright Games,Action-Adventure,Hotel Transylvania 3: Monsters Overboard,2018,0.0900,0.0650,1.38,above median
Outright Games,Adventure,Adventure Time: Pirates Of The Enchiridion,2018,0.0900,0.0300,3.00,strong breakout
Outright Games,Platform,Paw Patrol On A Roll,2018,0.2400,0.0400,6.00,strong breakout
Outright Games,Sports,Crayola Scoot,2018,0.0500,0.1200,0.42,weak entry
Oxygen Interactive,Action,Pirates: Duels On The High Seas,2009,0.0300,0.1700,0.18,weak entry
Oxygen Interactive,Misc,Alan Hansen'S Sports Challenge,2007,0.0000,0.0900,0.00,weak entry
Oxygen Interactive,Platform,Chronos Twins: One Hero.Two Worlds.,2007,0.0000,0.3500,0.00,weak entry
Oxygen Interactive,Sports,Prostroke Golf: World Tour 2007,2006,0.0000,0.1300,0.00,weak entry
P2 Games,Misc,Jacqueline Wilson'S Tracy Beaker: The Game,2009,0.0700,0.1100,0.64,below median
P2 Games,Shooter,Burn Zombie Burn!,2010,0.0100,0.2100,0.05,weak entry
Paon,Misc,Daito Giken Koushiki Pachi-Slot Simulator: Hihouden - Ossu! Banchou - Yoshimune Ds,2007,0.1000,0.0900,1.11,above median
Paon Corporation,Misc,Daito Giken Koushiki Pachi-Slot Simulator Hihouden: Taiyou O Motomeru Monotachi,2013,0.0300,0.0600,0.50,below median
Paradox Development,Simulation,Cities: Skylines Snowfall,2016,0.0100,0.0300,0.33,weak entry
Paradox Interactive,Adventure,Magicka Collection,2011,0.0200,0.0400,0.50,below median
Paradox Interactive,Misc,East India Company Collection,2010,0.0300,0.1100,0.27,weak entry
Paradox Interactive,Role-Playing,Mount & Blade,2008,0.0200,0.0700,0.29,weak entry
Paradox Interactive,Simulation,City Life 2008 Edition,2008,0.0000,0.0800,0.00,weak entry
Paramount Digital Entertainment,Action,Rango: The Video Game,2011,0.5600,0.1700,3.29,strong breakout
Perfect World Entertainment,Role-Playing,Torchlight,2009,0.0700,0.0750,0.93,below median
Perp Games,Action,Apex Construct,2018,0.0500,0.0500,1.00,above median
Perp Games,Racing,Vr Karts,2017,0.0400,0.0650,0.62,below median
Perpetual,Adventure,Don'T Knock Twice,2018,0.0300,0.0300,1.00,above median
Perpetual,Shooter,Operation Warcade,2018,0.0400,0.0900,0.44,weak entry
Petit Reve,Adventure,Crank In,2017,0.0000,0.0200,0.00,weak entry
Phantom 8 Studio,Action,Past Cure,2018,0.0500,0.0500,1.00,above median
Phantom Efx,Shooter,Darkest Of Days,2009,0.1000,0.1300,0.77,below median
Phenomedia,Adventure,Jade Rousseau,2011,0.0000,0.0400,0.00,weak entry
Piacci,Action,Kujiragami No Tearstilla,2016,0.0200,0.0700,0.29,weak entry
Piacci,Adventure,Fairlylife: Miracledays,2010,0.0100,0.0300,0.33,weak entry
Piacci,Misc,Ima Sugu Oniichan Ni Imoto Da Tte Iitai!,2014,0.0100,0.0550,0.18,weak entry
Piacci,Visual Novel,Kanojo Step,2018,0.0000,0.0100,0.00,weak entry
Pinnacle,Misc,Peppa Pig: The Game,2008,0.8700,0.1200,7.25,strong breakout
Pinnacle,Sports,Football Director Ds,2008,0.1000,0.1700,0.59,below median
Planet Entertainment,Party,Party Arcade,2018,0.0600,0.0500,1.20,above median
Planet Entertainment,Simulation,Bass Pro Shops: The Strike - Championship Edition,2018,0.0700,0.0500,1.40,above median
Playlogic Game Factory,Action,Aliens In The Attic,2009,0.1300,0.1700,0.76,below median
Playlogic Game Factory,Adventure,Obscure: The Aftermath,2009,0.0900,0.0300,3.00,strong breakout
Playlogic Game Factory,Puzzle,Sudoku Ball Detective,2009,0.1000,0.0600,1.67,above median
Playlogic Game Factory,Racing,Vertigo,2009,0.0500,0.1100,0.45,weak entry
Playlogic Game Factory,Role-Playing,Age Of Pirates: Caribbean Tales,2006,0.0000,0.0600,0.00,weak entry
Playlogic Game Factory,Shooter,Xyanide,2006,0.0000,0.0600,0.00,weak entry
Playlogic Game Factory,Sports,Pool Hall Pro,2009,0.0500,0.1650,0.30,weak entry
Playlogic Game Factory,Strategy,Ancient Wars: Sparta,2007,0.0000,0.0400,0.00,weak entry
Playv,Misc,Mind Your Language: Learn English! / French! / German! / Spanish! /Japanese!,2009,0.0200,0.1100,0.18,weak entry
Playv,Puzzle,Around The World In 80 Days,2010,0.1600,0.0450,3.56,strong breakout
Plenty,Misc,Quiz Present Variety Q-Sama!! Ds: Pressure Study X Atama Gai Kunaru Drill Sp,2011,0.0200,0.1200,0.17,weak entry
Pm Studios,Misc,Dj Max Fever,2009,0.1300,0.1100,1.18,above median
Pm Studios,Music,Superbeat: Xonic,2015,0.0000,0.2200,0.00,weak entry
Pm Studios,Strategy,Mercenaries Saga Chronicles,2018,0.0100,0.0200,0.50,below median
Polykid,Platform,Poi,2017,0.0700,0.2250,0.31,weak entry
Popcap Games,Adventure,Amazing Adventures: The Forgotten Ruins,2008,0.2400,0.0400,6.00,strong breakout
Popcap Games,Misc,Popcap Arcade Vol 2,2009,0.0300,0.1100,0.27,weak entry
Popcap Games,Puzzle,Bejeweled 2 Deluxe,2006,0.0200,0.0500,0.40,weak entry
Popcap Games,Strategy,Plants Vs. Zombies,2010,0.2700,0.0400,6.75,strong breakout
Pqube,Action,Gal Gun: Double Peace,2016,0.0700,0.0700,1.00,above median
Pqube,Adventure,Root Letter,2016,0.1100,0.0300,3.67,strong breakout
Pqube,Fighting,Arcana Heart 3,2011,0.0500,0.2100,0.24,weak entry
Pqube,Misc,Just Sing! Vol. 2,2011,0.0400,0.1200,0.33,weak entry
Pqube,Puzzle,Hidden Photo,2011,0.0000,0.0400,0.00,weak entry
Pqube,Racing,Wrc 6,2016,0.0200,0.0800,0.25,weak entry
Pqube,Role-Playing,Valthirian Arc: Hero School Story,2018,0.0200,0.0500,0.40,weak entry
Pqube,Simulation,Gal Gun 2,2018,0.0300,0.0500,0.60,below median
Pqube,Sports,Summer Challenge: Athletics Tournament,2011,0.0700,0.1500,0.47,weak entry
Pqube,Visual Novel,Chaos;Child,2017,0.0900,0.0200,4.50,strong breakout
Prototype,Action,Flowers: Natsu-Hen,2015,0.0100,0.0600,0.17,weak entry
Prototype,Adventure,Air,2007,0.0200,0.0400,0.50,below median
Prototype,Visual Novel,The Three Kingdoms Love Story ~ The Art Of Otome!,2011,0.0100,0.0200,0.50,below median
Psyonix Studios,Sports,Rocket League,2015,0.1200,0.1200,1.00,above median
Quinrose,Action,Genji Koi Emaki,2015,0.0100,0.0600,0.17,weak entry
Quinrose,Adventure,"Asaki, Yumemishi",2011,0.0100,0.0400,0.25,weak entry
Quinrose,Misc,Abunai: Koi No Sousa Shitsu,2012,0.0100,0.0200,0.50,below median
Quinrose,Visual Novel,Hyakki Yagyou Kaidan Romance,2012,0.0100,0.0250,0.40,weak entry
Qute,Shooter,Eschatos,2011,0.0100,0.3050,0.03,weak entry
Railsimulator.Com,Simulation,Railworks 2: Train Simulator,2010,0.0100,0.0700,0.14,weak entry
Rain Games,Platform,Teslagrad,2014,0.0100,0.1300,0.08,weak entry
Ravenscourt,Music,Let'S Sing 2016,2015,0.1000,0.2200,0.45,weak entry
Ready At Dawn,Action,Deformers,2017,0.1200,0.0700,1.71,above median
Rebellion,Shooter,Rogue Trooper Redux,2017,0.0400,0.1450,0.28,weak entry
Rebellion Developments,Shooter,Sniper Elite Iii,2014,0.0100,0.4450,0.02,weak entry
Rebellion Games,Role-Playing,Hyper Light Drifter,2016,0.0100,0.0900,0.11,weak entry
Recom,Misc,Janline,2008,0.0000,0.1200,0.00,weak entry
Red Entertainment,Adventure,Scared Rider Xechs,2010,0.0200,0.0300,0.67,below median
Red Flagship,Action,Eve: Burst Error R,2016,0.0200,0.0700,0.29,weak entry
Red Hook Studios,Role-Playing,Darkest Dungeon,2018,0.0400,0.0500,0.80,below median
Red Mile Entertainment,Action,Jackass The Game,2007,0.5000,0.2000,2.50,strong breakout
Red Mile Entertainment,Sports,Lucinda Green'S Equestrian Challenge,2007,0.0000,0.1700,0.00,weak entry
Reef Entertainment,Adventure,Captain Morgane And The Golden Turtle,2012,0.0800,0.0400,2.00,strong breakout
Reef Entertainment,Shooter,Sniper Elite,2010,0.1100,0.2100,0.52,below median
Rejet,Adventure,Ken Ga Kimi: Momoyo Tsuzuri,2016,0.0100,0.0300,0.33,weak entry
Rejet,Visual Novel,Dance With Devils,2016,0.0200,0.0400,0.50,below median
Revolution (Japan),Adventure,Tsuyo Kiss 2 Gakki: Swift Love,2009,0.0200,0.0300,0.67,below median
Revolution Software,Adventure,Broken Sword: The Serpent'S Curse,2014,0.0000,0.0200,0.00,weak entry
Rising Star,Misc,Angel Cat Sugar,2009,0.0000,0.1100,0.00,weak entry
Rising Star,Platform,Flipping Death,2018,0.0300,0.0400,0.75,below median
Rising Star,Puzzle,Pang: Magical Michael,2010,0.0000,0.0450,0.00,weak entry
Rising Star,Role-Playing,Bomberman Story Ds,2008,0.0200,0.0700,0.29,weak entry
Rising Star,Shooter,Space Invaders Evolution,2006,0.0000,0.0600,0.00,weak entry
Rising Star,Simulation,Pilot Academy,2006,0.0100,0.0400,0.25,weak entry
Rising Star,Strategy,Ys Strategy,2006,0.0000,0.0200,0.00,weak entry
Rising Star Games,Action,Deadly Premonition: The Director'S Cut,2013,0.1600,0.1500,1.07,above median
Rising Star Games,Adventure,Zero Escape: Zero Time Dilemma,2017,0.0300,0.0200,1.50,above median
Rising Star Games,Misc,Steamworld Collection,2016,0.0600,0.0500,1.20,above median
Rising Star Games,Platform,Steamworld Dig 2,2018,0.0300,0.0400,0.75,below median
Rising Star Games,Puzzle,Jewel Master: Cradle Of Persia,2014,0.0500,0.0150,3.33,strong breakout
Rising Star Games,Racing,Trailblazers,2018,0.0300,0.0500,0.60,below median
Rising Star Games,Shooter,Assault Suit Leynos,2016,0.0500,0.4600,0.11,weak entry
Rising Star Games,Simulation,Cooking Mama: Sweet Shop,2017,0.0700,0.0700,1.00,above median
Rocket Company,Action,Chokkan! Asonde Relaxuma,2008,0.0100,0.1600,0.06,weak entry
Rocket Company,Adventure,Tenkaichi * Sengoku Lovers,2010,0.0300,0.0300,1.00,above median
Rocket Company,Misc,Tokyo Friend Park Ii Ds,2006,0.0200,0.0500,0.40,weak entry
Rocket Company,Racing,Mini Yonkyu Ds,2009,0.0100,0.1100,0.09,weak entry
Rocket Company,Role-Playing,Medarot Ds: Kabuto / Kuwagata Ver.,2010,0.1200,0.1350,0.89,below median
Rocket Company,Simulation,Watashi No Relaxuma,2007,0.0400,0.1050,0.38,weak entry
Rocket Company,Sports,Billy'S Boot Camp: Wii De Enjoy Diet!,2011,0.0700,0.1500,0.47,weak entry
Rockstar Games,Action-Adventure,Red Dead Redemption 2,2018,19.7100,0.0650,303.23,strong breakout
Rombax Games,Racing,Test Drive: Ferrari Legends,2012,0.0400,0.2700,0.15,weak entry
Rondomedia,Action,Vikings 4: Tribes Of The North,2015,0.0000,0.0600,0.00,weak entry
Rondomedia,Adventure,The Great Mystery Hidden Object Package 5,2015,0.0300,0.0400,0.75,below median
Rondomedia,Misc,100 Classic Games,2011,0.0400,0.1200,0.33,weak entry
Rondomedia,Puzzle,Fishdom 2 Deluxe,2010,0.0200,0.0450,0.44,weak entry
Rondomedia,Simulation,Emergency 2012,2010,0.0200,0.0700,0.29,weak entry
Rooster Teeth Games,Puzzle,Bendy And The Ink Machine,2018,0.5100,0.0700,7.29,strong breakout
Rovio Mobile,Puzzle,Angry Birds: Star Wars,2012,0.0000,0.0300,0.00,weak entry
Rtl,Simulation,Apassionata: Die Galanacht Der Pferde,2009,0.0500,0.1000,0.50,below median
Russel,Action,Strike Witches: Aoi No Dengekisen - Shin Taichou Funtousuru!,2009,0.0300,0.1700,0.18,weak entry
Russel,Adventure,Shirogane No Soleil: Contract To The Future - Mirai E No Keiyaku,2008,0.0100,0.0400,0.25,weak entry
Russel,Puzzle,Nintama Rantarou: Nintama No Tame No Ninjutsu Training,2009,0.0100,0.0600,0.17,weak entry
Sandlot Games,Simulation,Cake Mania 3,2008,0.0000,0.0800,0.00,weak entry
Scholastic Inc.,Action,Digging For Dinosaurs,2010,0.3600,0.1900,1.89,above median
Scholastic Inc.,Adventure,Goosebumps Horrorland,2008,0.5500,0.0400,13.75,strong breakout
Scholastic Inc.,Misc,My Amusement Park,2010,0.0600,0.1100,0.55,below median
Scs Software,Simulation,Euro Truck Simulator,2013,0.4800,0.0800,6.00,strong breakout
Secret Stash Games,Puzzle,Nervous Brickdown,2007,0.0200,0.0600,0.33,weak entry
Secret Stash Games,Strategy,Glory Days 2,2007,0.0900,0.0400,2.25,strong breakout
Sega,Action-Adventure,Sonic Boom: Rise Of Lyric,2014,0.3100,0.2600,1.19,above median
Sega,Music,K-On! After School Live!! Hd Ver.,2012,0.0300,0.1800,0.17,weak entry
Shin'En,Racing,Fast Racing Neo,2015,0.0100,0.0600,0.17,weak entry
Shogakukan,Misc,Ds Kageyama Method: Dennou Hanpuku - Masu X Masu Hyaku Masu Keisan,2006,0.2000,0.0500,4.00,strong breakout
Sidhe Interactive,Sports,Jonah Lomu Rugby Challenge,2011,0.0400,0.1500,0.27,weak entry
Sierra Entertainment,Platform,Ice Age 2: The Meltdown,2006,0.4000,0.1100,3.64,strong breakout
Silky`S,Action,Nanairo Reincarnation,2015,0.0100,0.0600,0.17,weak entry
Silverstar,Adventure,Hachi-One Diver Ds,2009,0.0000,0.0300,0.00,weak entry
Skybound Games,Simulation,Slime Rancher,2018,0.2000,0.0500,4.00,strong breakout
Slitherine Software,Strategy,Military History: Commander - Europe At War,2009,0.0300,0.0300,1.00,above median
Snail Games Usa,Adventure,Ark Park,2018,0.0500,0.0300,1.67,above median
Snk Playmore,Action,Tsukibuto,2009,0.0000,0.1700,0.00,weak entry
Snk Playmore,Adventure,Dokidoki Majo Shinpan!,2007,0.0500,0.0400,1.25,above median
Snk Playmore,Misc,Snk Arcade Classics Vol. 1,2008,0.4100,0.1200,3.42,strong breakout
Snk Playmore,Role-Playing,Kimi No Yuusha,2008,0.0100,0.0700,0.14,weak entry
Snk Playmore,Strategy,Snk Vs. Capcom Card Fighters Ds,2007,0.1000,0.0400,2.50,strong breakout
Soedesco,Action,Pharaonic,2017,0.0400,0.0700,0.57,below median
Soedesco,Action-Adventure,The Girl And The Robot,2017,0.0300,0.0700,0.43,weak entry
Soedesco,Fighting,Omen Of Sorrow,2018,0.0400,0.0700,0.57,below median
Soedesco,Platform,Owlboy,2018,0.1000,0.0400,2.50,strong breakout
Soedesco,Puzzle,Toki Tori 2+,2016,0.0000,0.0400,0.00,weak entry
Soedesco,Role-Playing,Aerea,2017,0.0300,0.0700,0.43,weak entry
Soedesco,Shooter,Ziggurat,2016,0.0100,0.4600,0.02,weak entry
Soedesco,Simulation,Real Farm,2017,0.1500,0.0700,2.14,strong breakout
Soedesco,Strategy,8-Bit Armies,2018,0.0600,0.0200,3.00,strong breakout
Sold Out,Action,Overcooked,2016,0.0900,0.0700,1.29,above median
Sold Out,Platform,Yooka-Laylee,2017,0.1000,0.2250,0.44,weak entry
Sold Out,Role-Playing,Immortal Unchained,2018,0.0700,0.0500,1.40,above median
Sold Out,Shooter,Mothergunship,2018,0.0200,0.0900,0.22,weak entry
Sold Out,Simulation,Overcooked! 2,2018,0.5300,0.0500,10.60,strong breakout
Sold Out,Strategy,Aven Colony,2017,0.1200,0.0300,4.00,strong breakout
Sony Computer Entertainment,Action-Adventure,Siren: Blood Curse,2008,0.2800,0.2800,1.00,above median
Sony Computer Entertainment,Music,Everybody Dance,2011,0.1300,1.0850,0.12,weak entry
Sony Computer Entertainment,Party,Ape Escape Academy,2006,0.3300,0.2350,1.40,above median
Sony Computer Entertainment America,Adventure,Until Dawn,2014,0.0000,0.0200,0.00,weak entry
Sony Computer Entertainment America,Misc,Killzone: Mercenary,2013,0.9200,0.0600,15.33,strong breakout
Sony Computer Entertainment America,Platform,Puppeteer,2013,0.2700,0.1600,1.69,above median
Sony Computer Entertainment America,Sports,Mlb 12: The Show,2012,1.1300,0.2850,3.96,strong breakout
Sony Computer Entertainment Europe,Action-Adventure,Gravity Rush Remastered,2016,0.0200,0.2550,0.08,weak entry
Sony Computer Entertainment Europe,Music,Singstar: Ultimate Party,2014,0.0900,0.1550,0.58,below median
Sony Interactive Entertainment,Action,Battlezone,2016,0.1600,0.0700,2.29,strong breakout
Sony Interactive Entertainment,Action-Adventure,Robinson: The Journey,2016,0.2700,0.2550,1.06,above median
Sony Interactive Entertainment,Adventure,Here They Lie,2016,0.0400,0.0300,1.33,above median
Sony Interactive Entertainment,Misc,Playstation Vr Worlds,2016,2.1600,0.0500,43.20,strong breakout
Sony Interactive Entertainment,Music,Parappa The Rapper Remastered,2017,0.0200,0.1000,0.20,weak entry
Sony Interactive Entertainment,Party,Knowledge Is Power,2017,0.6100,0.6100,1.00,above median
Sony Interactive Entertainment,Platform,Knack 2,2017,0.4700,0.2250,2.09,strong breakout
Sony Interactive Entertainment,Puzzle,Tetris Effect,2018,0.2500,0.0700,3.57,strong breakout
Sony Interactive Entertainment,Racing,Driveclub Vr,2016,0.2700,0.0800,3.38,strong breakout
Sony Interactive Entertainment,Shooter,Eve: Valkyrie,2016,0.2100,0.4600,0.46,weak entry
Sony Interactive Entertainment,Simulation,Job Simulator,2017,0.1200,0.0700,1.71,above median
Sony Interactive Entertainment,Sports,Hustle Kings Vr,2016,0.0000,0.3250,0.00,weak entry
Sony Interactive Entertainment,Strategy,No Heroes Allowed! Vr,2017,0.0200,0.0300,0.67,below median
Sony Online Entertainment,Mmo,Dc Universe Online,2011,0.7400,0.3700,2.00,strong breakout
Sony Online Entertainment,Strategy,Field Commander,2006,0.1600,0.0200,8.00,strong breakout
Southpeak Games,Fighting,Phantom Breaker,2012,0.0400,0.1300,0.31,weak entry
Southpeak Games,Misc,4 In 1 Action Pack,2012,0.0000,0.0200,0.00,weak entry
Southpeak Interactive,Action,Scurge: Hive,2006,0.0600,0.0800,0.75,below median
Southpeak Interactive,Adventure,Igor: The Game,2008,0.1000,0.0400,2.50,strong breakout
Southpeak Interactive,Misc,Dream Pinball 3d,2008,0.1700,0.1200,1.42,above median
Southpeak Interactive,Puzzle,Roogoo,2008,0.0000,0.0600,0.00,weak entry
Southpeak Interactive,Role-Playing,Two Worlds,2007,0.7200,0.0850,8.47,strong breakout
Southpeak Interactive,Simulation,My Baby Boy,2008,0.3400,0.0800,4.25,strong breakout
Southpeak Interactive,Strategy,Imperium Romanum,2008,0.0100,0.0700,0.14,weak entry
Spike,Action,Kenka Banchou 2: Full Throttle,2007,0.0900,0.2000,0.45,weak entry
Spike,Adventure,Princess Ballerina: Yumemiru 4-Jin No Primadonna,2008,0.0000,0.0400,0.00,weak entry
Spike,Misc,Gotouchi Kenkei Ds,2006,0.0300,0.0500,0.60,below median
Spike,Role-Playing,Elvandia Story,2007,0.0200,0.0850,0.24,weak entry
Spike,Sports,Hanshin Tigers Ds,2008,0.0100,0.1700,0.06,weak entry
Spike Chunsoft,Action,Attack On Titan: The Last Wings Of Mankind,2013,0.4500,0.1500,3.00,strong breakout
Spike Chunsoft,Action-Adventure,Ukiyo No Roushi,2015,0.0300,0.1550,0.19,weak entry
Spike Chunsoft,Adventure,Danganronpa 1-2 Reload,2017,0.0000,0.0200,0.00,weak entry
Spike Chunsoft,Fighting,Kenka Banchou 6: Soul & Blood,2015,0.0800,0.1400,0.57,below median
Spike Chunsoft,Role-Playing,Zanki Zero: Last Beginning,2018,0.0200,0.0500,0.40,weak entry
Spike Chunsoft,Visual Novel,Kenka Bancho Otome,2016,0.0400,0.0400,1.00,above median
Sprite,Visual Novel,Aokana: Four Rhythm Across The Blue,2016,0.0500,0.0400,1.25,above median
Square Enix,Action,Snoopy Ds: Snoopy To Nakama Tachi Ni Ai Ni Ikou!,2008,0.0000,0.1600,0.00,weak entry
Square Enix,Action-Adventure,Sleeping Dogs,2012,1.9100,0.3300,5.79,strong breakout
Square Enix,Fighting,Dissidia: Final Fantasy Universal Tuning,2009,0.0600,0.1400,0.43,weak entry
Square Enix,Misc,Dragon Quest & Final Fantasy In Itadaki Street Portable,2006,0.1100,0.0500,2.20,strong breakout
Square Enix,Music,Theatrhythm Final Fantasy: Curtain Call,2014,0.4100,0.1550,2.65,strong breakout
Square Enix,Puzzle,Yosumin. Ds,2007,0.0100,0.0600,0.17,weak entry
Square Enix,Racing,Sébastien Loeb Rally Evo,2016,0.0600,0.0800,0.75,below median
Square Enix,Shooter,Dirge Of Cerberus: Final Fantasy Vii,2006,0.9700,0.0600,16.17,strong breakout
Square Enix,Simulation,Densha De Go! Tokubetsu-Hen: Fukkatsu Shouwa No Yamatesen,2010,0.0200,0.0700,0.29,weak entry
Square Enix,Strategy,Front Mission,2007,0.0400,0.0400,1.00,above median
Stack,Visual Novel,Island Days,2014,0.0000,0.0300,0.00,weak entry
Stainless Games,Action,Carmageddon: Max Damage,2016,0.0200,0.0700,0.29,weak entry
Stardock,Simulation,The Political Machine 2008,2008,0.0000,0.0800,0.00,weak entry
Stardock,Strategy,Sins Of A Solar Empire: Trinity,2010,0.0300,0.0400,0.75,below median
Starfish,Adventure,Kouenji Joshi Soccer 2: Koi Wa Nebagiba Kouenji,2007,0.0000,0.0400,0.00,weak entry
Starfish,Role-Playing,Elminage Ds Remix: Yami No Fuo To Kamigami No Yubiwa,2008,0.0000,0.0700,0.00,weak entry
Sting,Role-Playing,Knights In The Nightmare: Dhe Series Special Pack,2008,0.0100,0.0700,0.14,weak entry
Storm City Games,Action,Alpha And Omega,2010,0.0700,0.1900,0.37,weak entry
Storm City Games,Adventure,The Island Of Dr. Frankenstein,2009,0.0300,0.0300,1.00,above median
Storm City Games,Misc,Vegas Party,2009,0.1600,0.1100,1.45,above median
Storm City Games,Platform,Gummy Bears Magical Medallion,2011,0.0200,0.1100,0.18,weak entry
Storm City Games,Puzzle,Bermuda Triangle: Saving The Coral,2009,0.0100,0.0600,0.17,weak entry
Storm City Games,Racing,Atv Quad Kings,2010,0.1100,0.1400,0.79,below median
Storm City Games,Shooter,System Flaw,2009,0.1000,0.1300,0.77,below median
Storm City Games,Sports,Gummy Bears Mini Golf,2010,0.0900,0.1800,0.50,below median
Storm City Games,Strategy,T.A.C. Heroes : Big Red One,2010,0.0200,0.0400,0.50,below median
Strategy First,Adventure,Jack Keane,2008,0.0300,0.0400,0.75,below median
Strategy First,Racing,Ford Racing Off Road,2008,0.2000,0.1350,1.48,above median
Strategy First,Role-Playing,Sacred Gold,2006,0.0200,0.0600,0.33,weak entry
Studio Artdink,Simulation,Neo Atlas 1469,2018,0.0100,0.0500,0.20,weak entry
Studio Wildcard,Action-Adventure,Ark: Survival Evolved,2018,0.0800,0.0650,1.23,above median
Success,Action,Touch Detective Funghi Rhythm,2014,0.0100,0.1450,0.07,weak entry
Success,Puzzle,Touch Detective: Nameko Shigeru,2013,0.0700,0.1000,0.70,below median
Success,Role-Playing,Metal Saga: Hagane No Kisetsu,2006,0.0300,0.0600,0.50,below median
Summitsoft,Simulation,Blades Of Thunder Ii,2006,0.0100,0.0400,0.25,weak entry
Sunrise Interactive,Fighting,Mai-Otome Hime: Otome Butou Shi,2006,0.0200,0.1500,0.13,weak entry
Sunrise Interactive,Racing,Shinseiki Gpx Cyber Formula: Road To The Infinity 4,2007,0.0200,0.1500,0.13,weak entry
Sunrise Interactive,Strategy,Battle Of Sunrise,2008,0.0000,0.0700,0.00,weak entry
Svg Distribution,Adventure,Lost Identities,2011,0.0100,0.0400,0.25,weak entry
Svg Distribution,Misc,Vegas Casino,2007,0.0300,0.0900,0.33,weak entry
Svg Distribution,Sports,Reel Fishing: The Great Outdoors,2006,0.0500,0.1300,0.38,weak entry
Sweets,Adventure,Gift: Prism,2006,0.0200,0.0400,0.50,below median
System 3,Platform,Putty Squad,2013,0.1700,0.1600,1.06,above median
System 3 Arcade Software,Platform,Impossible Mission,2007,0.0600,0.3500,0.17,weak entry
System 3 Arcade Software,Racing,System 3 Presents Ferrari Challenge Trofeo Pirelli,2008,0.0400,0.1350,0.30,weak entry
System 3 Arcade Software,Sports,Tennis Masters,2007,0.0000,0.1700,0.00,weak entry
System Soft,Adventure,Moe Moe 2-Ji Taisen (Ryoku) * Deluxe,2008,0.0300,0.0400,0.75,below median
System Soft,Role-Playing,Tir Na Nog Yuukyuu No Jin,2009,0.0000,0.0750,0.00,weak entry
System Soft,Simulation,Gendai Daisenryaku: Isshoku Sokuhatsu - Gunji Balance Houkai,2009,0.0000,0.1000,0.00,weak entry
System Soft,Strategy,Daisenryaku Vii Exceed,2008,0.0000,0.0700,0.00,weak entry
System Soft Alpha,Misc,Moe Moe 2-Ji Daisenryaku 3,2017,0.0100,0.0300,0.33,weak entry
System Soft Alpha,Visual Novel,Sengoku Hime 3: Tenka O Kirisaku Hikari To Kage,2012,0.0200,0.0250,0.80,below median
Systemsoft,Misc,Sengoku Hime 3: Tenka O Kirisaku Hikari To Kage,2012,0.0100,0.0200,0.50,below median
Systemsoft Alpha,Action,Sangoku Hime 4: Tenka Ryouran - Tenmei No Koi Emaki,2016,0.0200,0.0700,0.29,weak entry
Systemsoft Alpha,Adventure,Sengoku Hime 4: Souha Hyakkei Hanamamoru Chikai,2014,0.0000,0.0200,0.00,weak entry
Systemsoft Alpha,Misc,Sengoku Hime: Senkou No Taika - Akatsuki No Haryuu,2012,0.0100,0.0200,0.50,below median
Taito,Adventure,Rozen Maiden: Duellwalzer,2006,0.0200,0.0400,0.50,below median
Taito,Fighting,Rozen Maiden: Gebetgarten,2007,0.0100,0.0800,0.13,weak entry
Taito,Puzzle,Exit Ds,2008,0.1000,0.0600,1.67,above median
Takara Tomy,Action,Yuu Yuu Hakusho Ds: Ankoku Bujutsukai Hen,2006,0.0200,0.0800,0.25,weak entry
Takara Tomy,Adventure,Edogawa Ranpo No Kaijin Nijuu Mensou Ds,2008,0.0000,0.0400,0.00,weak entry
Takara Tomy,Fighting,Katekyoo Hitman Reborn! Ds: Flame Rumble Kaien Ring Soudatsuen!,2007,0.0800,0.0800,1.00,above median
Takara Tomy,Misc,Jinsei Game Q Ds: Shouwa No Dekigoto,2007,0.0100,0.0900,0.11,weak entry
Takara Tomy,Music,Pripara Mezase! Idol Grand Prix No.1!,2015,0.1300,0.2200,0.59,below median
Takara Tomy,Racing,Penny Racers Party: Turbo-Q Speedway,2008,0.0800,0.1350,0.59,below median
Takara Tomy,Role-Playing,Naruto Rpg 3: Rejiuu Vs Konoha Shoutai,2006,0.0900,0.0600,1.50,above median
Takara Tomy,Simulation,Tetsudou Musume Ds: Terminal Memory,2008,0.0000,0.0800,0.00,weak entry
Takara Tomy,Sports,Major Dream: Major Ds Dream Baseball,2008,0.0200,0.1700,0.12,weak entry
Take-Two Interactive,Misc,Junior Brain Trainer,2009,1.0300,0.1100,9.36,strong breakout
Takuyo,Adventure,Hoshiiro No Okurimono,2007,0.0100,0.0400,0.25,weak entry
Takuyo,Visual Novel,Cafe Cuillere,2018,0.0100,0.0100,1.00,above median
Tdk Core,Misc,Minna No Ds Seminar: Kanpeki Eitango Ryoku,2006,0.0600,0.0500,1.20,above median
Tdk Core,Simulation,Mame Goma: Honobo No Nikki,2007,0.0300,0.1050,0.29,weak entry
Team 17,Simulation,Overcooked Special Edition,2018,0.1100,0.0500,2.20,strong breakout
Team Meat,Platform,Super Meat Boy,2016,0.0100,0.1200,0.08,weak entry
Team17 Digital Ltd,Strategy,Worms: Wmd,2016,0.0700,0.0500,1.40,above median
Team17 Software,Action,The Escapists: The Walking Dead,2016,0.0100,0.0700,0.14,weak entry
Team17 Software,Platform,Yooka-Laylee,2018,0.2900,0.0400,7.25,strong breakout
Team17 Software,Strategy,Worms Reloaded,2010,0.0500,0.0400,1.25,above median
Techland,Role-Playing,Torment: Tides Of Numenera,2017,0.0200,0.0700,0.29,weak entry
Techland,Simulation,Pure Farming 2018,2018,0.0700,0.0500,1.40,above median
Technical Associates Inc,Adventure,Shirogane X Spirits!,2016,0.0200,0.0300,0.67,below median
Tecmo,Adventure,Ds Nishimura Kyotaro Suspense Shin Tantei Series: Kyoto Atami Zekkai No Kotou - Satsui No Wana,2007,0.2200,0.0400,5.50,strong breakout
Tecmo Koei,Adventure,Harukanaru Toki No Naka De 6,2015,0.0500,0.0400,1.25,above median
Tecmo Koei,Fighting,Dead Or Alive 5,2012,0.3300,0.1300,2.54,strong breakout
Tecmo Koei,Misc,Nobunaga No Yabou Online: Houou No Shou,2012,0.0100,0.0200,0.50,below median
Tecmo Koei,Role-Playing,Harukanaru Toki No Naka De 4: Aizouban,2010,0.0400,0.1350,0.30,weak entry
Tecmo Koei,Shooter,Quantum Theory,2010,0.2800,0.2100,1.33,above median
Tecmo Koei,Simulation,Winning Post 8 2016,2016,0.0700,0.0300,2.33,strong breakout
Tecmo Koei,Sports,Winning Post 7 2010,2010,0.1200,0.1800,0.67,below median
Tecmo Koei,Strategy,Ishin No Arashi: Shippuu Ryuumeden,2010,0.0100,0.0400,0.25,weak entry
Tecmo Koei,Visual Novel,Harukanaru Toki No Naka De 5: Kazahanaki,2012,0.0300,0.0250,1.20,above median
Telegames,Strategy,Ultimate Card Games Ds,2008,0.0800,0.0700,1.14,above median
Telltale Games,Action,Jurassic Park: The Game,2011,0.1600,0.1700,0.94,below median
Telltale Games,Adventure,Sam & Max: Season Two,2009,0.0000,0.0300,0.00,weak entry
Telltale Games,Misc,The Walking Dead: Season Two,2014,0.8700,0.0550,15.82,strong breakout
Tequila Works,Adventure,The Invisible Hours,2018,0.0500,0.0300,1.67,above median
Tera Box,Misc,Doala De Wii,2009,0.0000,0.1100,0.00,weak entry
Tgl,Adventure,Kono Aozora Ni Yakusoku O: Tenohira No Rakuen,2009,0.0100,0.0300,0.33,weak entry
The Adventure Company,Puzzle,Safecracker: The Ultimate Puzzle Adventure,2008,0.0800,0.0600,1.33,above median
The Fullbright Company,Adventure,Gone Home,2013,0.0000,0.0400,0.00,weak entry
"Thekla, Inc.",Misc,The Witness,2016,0.0000,0.0500,0.00,weak entry
Thomas Happ Games,Action,Axiom Verge,2015,0.0500,0.0600,0.83,below median
Thq,Action-Adventure,Darksiders Ii,2012,1.8000,0.3300,5.45,strong breakout
Thq Nordic,Action,Quantum Break,2016,0.0200,0.0700,0.29,weak entry
Thq Nordic,Action-Adventure,Darksiders: Warmastered Edition,2016,0.1500,0.2550,0.59,below median
Thq Nordic,Adventure,Black Mirror,2017,0.0800,0.0200,4.00,strong breakout
Thq Nordic,Music,We Sing (2016),2016,0.0300,0.1600,0.19,weak entry
Thq Nordic,Platform,De Blob 2,2018,0.0300,0.0400,0.75,below median
Thq Nordic,Racing,Baja: Edge Of Control Hd,2017,0.0800,0.0650,1.23,above median
Thq Nordic,Role-Playing,The Dwarves,2016,0.0600,0.0900,0.67,below median
Thq Nordic,Shooter,Thehunter: Call Of The Wild,2017,0.4500,0.1450,3.10,strong breakout
Thq Nordic,Simulation,This Is The Police,2017,0.0300,0.0700,0.43,weak entry
Thq Nordic,Sports,8 To Glory: The Official Game Of The Pbr,2018,0.0600,0.1200,0.50,below median
Thq Nordic,Strategy,Halo Wars 2,2017,0.0200,0.0300,0.67,below median
Tivola,Misc,Lernerfolg Vorschule: Capt'N Sharky,2009,0.0500,0.1100,0.45,weak entry
Toby Fox,Role-Playing,Undertale,2017,0.0200,0.0700,0.29,weak entry
Tommo,Misc,Interactive Storybook Ds Series 1,2007,0.0700,0.0900,0.78,below median
Tommo,Shooter,Spy Games: Elevator Mission,2007,0.0600,0.1250,0.48,weak entry
Tommo,Sports,Pangya: Fantasy Golf,2009,0.1400,0.1650,0.85,below median
Tomy Corporation,Action,Naruto Shippuuden: Ninja Council 4,2009,0.2200,0.1700,1.29,above median
Tomy Corporation,Misc,My Doitall,2009,0.0300,0.1100,0.27,weak entry
Tomy Corporation,Simulation,Lovely Lisa,2008,0.1200,0.0800,1.50,above median
Topware,Role-Playing,Enclave: Shadows Of Twilight,2011,0.0000,0.1600,0.00,weak entry
Topware,Strategy,Ufo: Afterlight,2007,0.0000,0.0400,0.00,weak entry
Topware Interactive,Role-Playing,Raven'S Cry,2015,0.0100,0.0850,0.12,weak entry
Touchstone,Shooter,Turok,2008,1.4300,0.1800,7.94,strong breakout
Tradewest,Racing,Crash Time Iii,2010,0.0000,0.1400,0.00,weak entry
Tradewest,Sports,Freddie Flintoff'S Powerplay Cricket,2010,0.0000,0.1800,0.00,weak entry
Treva Entertainment,Simulation,My Riding Stables: Life With Horses,2018,0.0900,0.0500,1.80,above median
Tri Synergy,Adventure,Last Half Of Darkness: Tomb Of Zojir,2009,0.0000,0.0300,0.00,weak entry
Tri Synergy,Simulation,Farming Simulator,2009,0.0000,0.1000,0.00,weak entry
Tri Synergy,Strategy,Ufo: Extraterrestrials,2007,0.0100,0.0400,0.25,weak entry
Triangle Service,Shooter,"Shooting Love, 200x",2009,0.0100,0.1300,0.08,weak entry
Trion Worlds,Action,Defiance,2013,1.1600,0.1500,7.73,strong breakout
Trion Worlds,Strategy,End Of Nations,2012,0.0100,0.0400,0.25,weak entry
Tripwire Interactive,Shooter,Red Orchestra 2: Heroes Of Stalingrad,2011,0.1300,0.3050,0.43,weak entry
Tru Blu Entertainment,Sports,Don Bradman Cricket 14,2014,0.0200,0.4350,0.05,weak entry
Tryfirst,Fighting,Wrestle Angels: Survivor 2,2008,0.0300,0.1000,0.30,weak entry
Tryfirst,Misc,Yume O Kanaeru Zou,2009,0.0000,0.1100,0.00,weak entry
Tryfirst,Platform,Koisuru Purin! Koi Wa Daibouken! Dr. Kanmi No Yabou!?,2008,0.0000,0.4000,0.00,weak entry
Tulip Games,Puzzle,4 Elements,2013,0.0200,0.1000,0.20,weak entry
Turbine Inc.,Role-Playing,The Lord Of The Rings Online: Mines Of Moria,2008,0.0200,0.0700,0.29,weak entry
Type-Moon,Visual Novel,Fate/Hollow Ataraxia,2014,0.1200,0.0300,4.00,strong breakout
U&I Entertainment,Racing,Grip: Combat Racing,2018,0.0300,0.0500,0.60,below median
Ubisoft,Action-Adventure,Assassin'S Creed Iii,2012,13.0600,0.3300,39.58,strong breakout
Ubisoft,Board Game,Monopoly For Nintendo Switch,2017,0.3000,0.3000,1.00,above median
Ubisoft,Music,Just Dance 4,2012,8.9300,0.1800,49.61,strong breakout
Ufo Interactive,Action,Kurupoto Cool Cool Stars,2007,0.0600,0.2000,0.30,weak entry
Ufo Interactive,Misc,Classic Action: Devilish,2007,0.0700,0.0900,0.78,below median
Ufo Interactive,Platform,Anubis Ii,2007,0.0700,0.3500,0.20,weak entry
Ufo Interactive,Puzzle,Sudoku Mania,2006,0.1000,0.0500,2.00,strong breakout
Ufo Interactive,Role-Playing,Warriors Of The Lost Empire,2007,0.0600,0.0850,0.71,below median
Ufo Interactive,Shooter,Heavenly Guardian,2008,0.0700,0.1800,0.39,weak entry
Ufo Interactive,Simulation,Florist Shop,2010,0.0100,0.0700,0.14,weak entry
Uig Entertainment,Simulation,Farming 2017 - The Simulation,2016,0.0400,0.0300,1.33,above median
Unfinished Pixel,Adventure,Agatha Christie'S The Abc Murders,2016,0.1300,0.0300,4.33,strong breakout
Unfinished Pixel,Racing,Flatout 4: Total Insanity,2017,0.0200,0.0650,0.31,weak entry
United Developers,Action,Bloodbath,2014,0.0000,0.1450,0.00,weak entry
Unknown,Adventure,Escape The Museum,2008,0.0000,0.0400,0.00,weak entry
Unknown,Misc,Clue / Mouse Trap / Perfection / Aggravation,2006,0.0100,0.0500,0.20,weak entry
Unknown,Puzzle,The Magician'S Handbook: Cursed Valley,2007,0.0000,0.0600,0.00,weak entry
Unknown,Racing,18 Wheels Of Steel: Triple Pack,2011,0.0000,0.1300,0.00,weak entry
Unknown,Role-Playing,Heroes Of Might And Magic V: Tribes Of The East,2007,0.0000,0.0850,0.00,weak entry
Unknown,Shooter,Xg Blast!,2010,0.0000,0.2100,0.00,weak entry
Unknown,Simulation,Crane Simulator 2009,2009,0.0000,0.1000,0.00,weak entry
Unknown,Sports,Fit & Fun,2011,0.0100,0.1500,0.07,weak entry
Valcon Games,Adventure,Pirates: Legend Of The Black Buccaneer,2006,0.0200,0.0400,0.50,below median
Valcon Games,Misc,Ultimate Board Game Collection,2006,0.0100,0.0500,0.20,weak entry
Valcon Games,Shooter,Raiden Fighters Aces,2009,0.0900,0.1300,0.69,below median
Valcon Games,Simulation,Horse Life Adventures,2009,0.2400,0.1000,2.40,strong breakout
Valcon Games,Sports,Bode Miller Alpine Skiing,2006,0.0300,0.1300,0.23,weak entry
Valcon Games,Strategy,History Great Empires: Rome,2009,0.0500,0.0300,1.67,above median
Valusoft,Adventure,Voodoo Chronicles: First Sign,2011,0.0400,0.0400,1.00,above median
Valusoft,Puzzle,Merv Griffin'S Crosswords,2008,0.0300,0.0600,0.50,below median
Valusoft,Role-Playing,Legend: Hand Of God,2008,0.0200,0.0700,0.29,weak entry
Valusoft,Strategy,Hard Truck Tycoon,2006,0.0000,0.0200,0.00,weak entry
Valve,Shooter,Team Fortress 2,2008,0.0000,0.1800,0.00,weak entry
Views,Action,Zettai Meikyuu: Himitsu No Oya Yubi Hime,2015,0.0000,0.0600,0.00,weak entry
Views,Misc,Kajiri Kamui Kagura: Akebono No Hikari,2013,0.0100,0.0600,0.17,weak entry
Views,Visual Novel,Dies Irae: Amantes Amentes,2012,0.0200,0.0250,0.80,below median
Villa Gorilla,Action,Yoku'S Island Express,2018,0.0400,0.0500,0.80,below median
Vir2l Studios,Action,Medieval Games,2009,0.1600,0.1700,0.94,below median
Vir2l Studios,Racing,Ducati Moto,2008,0.0300,0.1350,0.22,weak entry
Vir2l Studios,Sports,Amf Bowling Pinbusters!,2008,0.0700,0.1700,0.41,weak entry
Virgin Play,Action,Lola & Virginia,2009,0.0000,0.1700,0.00,weak entry
Virgin Play,Adventure,Hello Pocoyo!,2008,0.0000,0.0400,0.00,weak entry
Virgin Play,Sports,Real Madrid: The Game,2009,0.0000,0.1650,0.00,weak entry
Virtual Play Games,Misc,Intellivision Lives!,2010,0.0000,0.1100,0.00,weak entry
Virtual Play Games,Sports,Canada Hunt,2010,0.0200,0.1800,0.11,weak entry
Virtual Play Games,Strategy,City Builder,2010,0.0400,0.0400,1.00,above median
Virtual Playground,Puzzle,Real Crimes: Jack The Ripper,2010,0.0000,0.0450,0.00,weak entry
Visco,Shooter,The Haunted: Hell'S Reach,2011,0.0200,0.3050,0.07,weak entry
Viva Media,Adventure,Mata Hari: Betrayal Is Only A Kiss Away,2009,0.0200,0.0300,0.67,below median
Viva Media,Misc,Nuclear Dawn,2011,0.0000,0.1200,0.00,weak entry
Viva Media,Puzzle,Sacra Terra: Angelic Night,2011,0.0300,0.0400,0.75,below median
Viva Media,Racing,Gt Legends,2006,0.0200,0.0800,0.25,weak entry
Viva Media,Shooter,S.T.A.L.K.E.R.: Call Of Pripyat,2010,0.0600,0.2100,0.29,weak entry
Viva Media,Simulation,Supermarket Mania,2009,0.0000,0.1000,0.00,weak entry
Viva Media,Strategy,Grand Ages: Rome,2009,0.0000,0.0300,0.00,weak entry
Vivendi Games,Adventure,King'S Quest Collection,2006,0.0000,0.0400,0.00,weak entry
Vivendi Games,Shooter,F.E.A.R.,2006,0.3400,0.0600,5.67,strong breakout
Warashi,Shooter,Triggerheart Exelica,2007,0.0200,0.1250,0.16,weak entry
Wargaming.Net,Shooter,World Of Tanks,2011,0.2800,0.3050,0.92,below median
Warner Bros. Interactive,Action,Justice League Heroes: The Flash,2006,0.0300,0.0800,0.38,weak entry
Warner Bros. Interactive,Adventure,Lego Batman: The Videogame,2008,13.5500,0.0400,338.75,strong breakout
Warner Bros. Interactive,Education,Sesame Street: Once Upon A Monster,2011,0.5200,0.5200,1.00,above median
Warner Bros. Interactive,Fighting,Mortal Kombat,2011,2.7000,0.2100,12.86,strong breakout
Warner Bros. Interactive,Puzzle,Game Party 3,2009,1.7200,0.0600,28.67,strong breakout
Warner Bros. Interactive,Racing,Flatout: Head On,2008,0.2900,0.1350,2.15,strong breakout
Warner Bros. Interactive,Role-Playing,Justice League Heroes,2006,0.3200,0.0600,5.33,strong breakout
Warner Bros. Interactive,Shooter,F.E.A.R. 2: Project Origin,2009,1.0800,0.1300,8.31,strong breakout
Warner Bros. Interactive,Strategy,Lego Battles,2009,1.2900,0.0300,43.00,strong breakout
Warner Bros. Interactive Entertainment,Action,Batman: Arkham City Armored Edition,2012,0.3700,0.1600,2.31,strong breakout
Warner Bros. Interactive Entertainment,Action-Adventure,Harry Potter For Kinect,2009,0.0000,0.0150,0.00,weak entry
Warner Bros. Interactive Entertainment,Adventure,Marvel'S Guardians Of The Galaxy: The Telltale Series,2017,0.1700,0.0200,8.50,strong breakout
Warner Bros. Interactive Entertainment,Fighting,Mortal Kombat (2011),2011,5.0200,0.2100,23.90,strong breakout
Warner Bros. Interactive Entertainment,Misc,Lego The Lord Of The Rings,2012,4.1000,0.0200,205.00,strong breakout
Warner Bros. Interactive Entertainment,Party,Game Party Champions,2012,0.1300,0.2200,0.59,below median
Warner Bros. Interactive Entertainment,Platform,Lego City Undercover,2017,1.7000,0.2250,7.56,strong breakout
Warner Bros. Interactive Entertainment,Puzzle,Scribblenauts: Unlimited,2012,1.0200,0.0300,34.00,strong breakout
Warner Bros. Interactive Entertainment,Racing,Cars 3: Driven To Win,2017,0.7100,0.0650,10.92,strong breakout
Warner Bros. Interactive Entertainment,Shooter,Fortnite,2018,0.6900,0.0900,7.67,strong breakout
Warner Bros. Interactive Entertainment,Simulation,Lego Friends,2013,0.0600,0.0800,0.75,below median
Wayforward Technologies,Platform,Shantae And The Pirate'S Curse,2016,0.1000,0.1200,0.83,below median
Wired Productions,Action,Super Dungeon Bros,2016,0.0300,0.0700,0.43,weak entry
Wired Productions,Action-Adventure,Max: The Curse Of Brotherhood,2018,0.0100,0.0650,0.15,weak entry
Wired Productions,Adventure,The Town Of Light,2017,0.0300,0.0200,1.50,above median
Wired Productions,Misc,Wordhunters,2018,0.0100,0.0300,0.33,weak entry
Wired Productions,Party,Just Deal With It,2018,0.0100,0.0500,0.20,weak entry
Wired Productions,Role-Playing,Victor Vran: Overkill Edition,2018,0.0600,0.0500,1.20,above median
Wolfgame,Visual Novel,Va-11 Hall-A,2017,0.0100,0.0200,0.50,below median
Xs Games,Simulation,Rebel Raiders: Operation Nighthawk,2006,0.0300,0.0400,0.75,below median
Xseed Games,Action,Retro Game Challenge,2009,0.1100,0.1700,0.65,below median
Xseed Games,Adventure,Ju-On: The Grudge,2009,0.1000,0.0300,3.33,strong breakout
Xseed Games,Fighting,Victorious Boxers: Revolution,2007,0.1400,0.0800,1.75,above median
Xseed Games,Misc,Korg Ds-10 Synthesizer,2008,0.2200,0.1200,1.83,above median
Xseed Games,Music,Senran Kagura: Bon Appétit!,2014,0.0300,0.1550,0.19,weak entry
Xseed Games,Platform,Shantae: Half-Genie Hero,2016,0.1100,0.1200,0.92,below median
Xseed Games,Puzzle,Ivy The Kiwi?,2010,0.1100,0.0450,2.44,strong breakout
Xseed Games,Role-Playing,Shadow Hearts: From The New World,2006,0.1400,0.0600,2.33,strong breakout
Xseed Games,Shooter,Earth Defense Force 4.1: The Shadow Of New Despair,2015,0.1100,0.4900,0.22,weak entry
Xseed Games,Simulation,The Sky Crawlers: Innocent Aces,2010,0.1200,0.0700,1.71,above median
Xseed Games,Sports,Fishing Resort,2011,0.3900,0.1500,2.60,strong breakout
Xseed Games,Strategy,Populous Ds,2008,0.0900,0.0700,1.29,above median
Xseed Games,Visual Novel,London Detective Mysteria,2018,0.0100,0.0100,1.00,above median
Yacht Club Games,Action,Azure Striker Gunvolt: Striker Pack,2016,0.0300,0.0700,0.43,weak entry
Yamasa Entertainment,Misc,Yamasa Digi Portable: Matsuri No Tatsujin - Win-Chan No Natsumatsuri,2006,0.0200,0.0500,0.40,weak entry
Yeti,Action,Secret Game: Killer Queen,2008,0.0100,0.1600,0.06,weak entry
Yeti,Adventure,Mystereet,2006,0.0100,0.0400,0.25,weak entry
Yeti,Fighting,Koihime Enbu,2016,0.0300,0.0500,0.60,below median
Yeti,Visual Novel,Root Double: Before Crime * After Days,2012,0.0100,0.0250,0.40,weak entry
Yuke'S,Fighting,Wrestle Kingdom,2006,0.0300,0.1500,0.20,weak entry
Yuke'S,Puzzle,Neves,2007,0.0200,0.0600,0.33,weak entry
Yuke'S,Racing,D1 Professional Drift Grand Prix Series,2006,0.0300,0.0800,0.38,weak entry
Yuke'S,Role-Playing,Neverland Card Battles,2008,0.0700,0.0700,1.00,above median
Zenrin,Misc,Minna No Chizu,2006,0.0400,0.0500,0.80,below median
Zoo Digital Publishing,Misc,M&M'S Beach Party,2009,0.0400,0.1100,0.36,weak entry
Zoo Digital Publishing,Puzzle,Margot'S Word Brain,2008,0.1300,0.0600,2.17,strong breakout
Zoo Digital Publishing,Simulation,Dream Salon,2009,0.1900,0.1000,1.90,above median
Zoo Digital Publishing,Sports,Skate City Heroes,2008,0.1200,0.1700,0.71,below median
Zoo Games,Action,Pacific Liberator,2009,0.0300,0.1700,0.18,weak entry
Zoo Games,Adventure,Dream Chronicles,2010,0.0200,0.0300,0.67,below median
Zoo Games,Misc,Calvin Tucker'S Redneck Jamboree,2008,0.3100,0.1200,2.58,strong breakout
Zoo Games,Puzzle,Margot'S Word Brain,2008,0.0700,0.0600,1.17,above median
Zoo Games,Racing,Chrysler Classic Racing,2008,0.0800,0.1350,0.59,below median
Zoo Games,Shooter,Arcade Shooting Gallery,2008,0.1900,0.1800,1.06,above median
Zoo Games,Simulation,Wedding Dash,2009,0.2100,0.1000,2.10,strong breakout
Zoo Games,Sports,Basketball Hall Of Fame Ultimate Hoops Challenge,2010,0.0700,0.1800,0.39,weak entry
Zushi Games,Action,Oktoberfest,2009,0.0000,0.1700,0.00,weak entry
Zushi Games,Misc,Food Coach: Healthy Living Made Easy,2010,0.0000,0.1100,0.00,weak entry
Zushi Games,Puzzle,Jig-A-Pix: Pets,2009,0.0400,0.0600,0.67,below median
