game_id,game_title,genre,is_console,release_date,comparable_releases_30d
2692,Disney Sing It,Misc,t,2008-10-21,444
7026,Monopoly,Misc,t,2008-10-20,440
9298,Rock Band Track Pack Volume 2,Misc,t,2008-11-17,440
143,Ac/Dc Live: Rock Band Track Pack,Misc,t,2008-11-16,440
13006,Wwe Smackdown Vs. Raw 2009,Sports,t,2008-11-09,432
4447,Guitar Hero: World Tour,Misc,t,2008-10-26,412
9293,Rock Band 3,Misc,t,2010-10-26,388
769,Band Hero,Misc,t,2009-11-03,380
4141,Generator Rex: Agent Of Providence,Action,t,2011-11-01,360
3654,Fifa Soccer 11,Sports,t,2010-09-28,360
8993,Rapala Pro Bass Fishing 2010,Sports,t,2010-09-28,360
8848,Puss In Boots,Misc,t,2011-10-25,360
7555,Nba 2k11,Sports,t,2010-10-05,360
10009,Shrek Superslam,Action,t,2005-10-25,355
6040,Lego Harry Potter: Years 5-7,Action,t,2011-11-11,354
938,Ben 10 Alien Force: Vilgax Attacks,Action,t,2009-10-27,350
747,Bakugan: Battle Brawlers,Action,t,2009-10-20,350
10561,Star Wars The Clone Wars: Republic Heroes,Action,t,2009-10-06,348
5626,Karaoke Revolution Presents American Idol Encore 2,Misc,t,2008-11-18,348
12812,Wipeout 2,Misc,t,2011-10-11,340
11443,The Incredibles: Rise Of The Underminer,Action,t,2005-11-01,335
11574,The Naked Brothers Band: The Video Game,Misc,t,2008-10-20,333
9847,Shaun White Snowboarding,Sports,t,2008-11-16,330
3653,Fifa Soccer 10,Sports,t,2009-10-20,330
1174,Bolt,Adventure,t,2008-11-18,315
10422,Spider-Man: Web Of Shadows,Action,t,2008-10-21,310
6058,Lego Rock Band,Misc,t,2009-11-03,308
6306,Madagascar: Escape 2 Africa,Action,t,2008-11-04,305
2721,Dj Hero,Misc,t,2009-10-27,304
8361,Pes 2009: Pro Evolution Soccer,Sports,t,2008-11-11,300
746,Bakugan Battle Brawlers: Defenders Of The Core,Action,t,2010-11-02,295
7031,Monopoly Streets,Misc,t,2010-10-26,294
4672,Hasbro Family Game Night 3,Misc,t,2010-10-26,294
2722,Dj Hero 2,Misc,t,2010-10-19,291
10164,Skylanders: Spyro'S Adventure,Action,t,2011-10-16,288
4615,Harry Potter And The Half-Blood Prince,Action,t,2009-06-30,288
626,Astro Boy: The Video Game,Action,t,2009-10-20,284
11617,The Secret Saturdays: Beasts Of The 5th Sun,Action,t,2009-10-20,284
8370,Peter Jackson'S King Kong: The Official Game Of The Movie,Action,t,2005-11-21,280
10444,Spongebob'S Truth Or Square (Us Sales),Action,t,2009-10-26,280
946,Ben 10: Protector Of Earth,Action,t,2007-10-30,276
5527,Just Dance Kids 2,Misc,t,2011-10-25,273
11761,The X-Factor,Misc,t,2010-10-29,273
11135,Teenage Mutant Ninja Turtles 3: Mutant Nightmare,Action,t,2005-11-01,272
1409,Cabela'S Adventure Camp,Misc,t,2011-11-01,270
3514,Family Game Night 4: The Game Show,Misc,t,2011-11-01,270
6312,Madden Nfl 09,Sports,t,2008-08-12,270
1827,Cloudy With A Chance Of Meatballs,Adventure,t,2009-09-15,265
6497,Marvel Super Hero Squad,Adventure,t,2009-10-20,264
3651,Fifa Soccer 09,Sports,t,2008-10-14,264
7523,Natgeo Challenge! Wild Life,Misc,t,2010-11-09,261
6061,Lego Star Wars Ii: The Original Trilogy,Action,t,2006-09-12,259
4004,G-Force,Action,t,2009-07-21,258
1423,Cabela'S Dangerous Hunts 2009,Sports,t,2008-09-23,256
11994,Tomb Raider: Underworld,Adventure,t,2008-11-18,256
12307,Udraw Studio: Instant Artist,Misc,t,2011-11-15,255
348,Alvin And The Chipmunks: Chipwrecked,Misc,t,2011-11-15,255
727,Backyard Nfl Football '09,Sports,t,2008-10-21,252
789,Barbie Horse Adventures: Riding Camp,Sports,t,2008-10-21,252
5620,Karaoke Revolution,Misc,t,2009-11-24,252
10417,Spider-Man: Edge Of Time,Action,t,2011-10-04,250
1664,Chaotic: Shadow Warriors,Action,t,2009-11-17,248
10585,Star Wars: The Force Unleashed Ii,Action,t,2010-10-26,248
8518,Planet 51,Action,t,2009-11-17,248
6029,Lego Batman: The Videogame,Adventure,t,2008-09-23,246
2042,Create,Misc,t,2010-11-16,246
9621,Scene It? Bright Lights! Big Screen!,Misc,t,2009-11-17,246
12151,Transformers: Revenge Of The Fallen,Action,t,2009-06-23,245
4612,Harry Potter And The Deathly Hallows - Part 1,Action,t,2010-11-09,244
4670,Hasbro Family Game Night,Misc,t,2008-11-11,242
6063,Lego Star Wars: The Complete Saga,Action,t,2007-11-06,240
7599,Nba Live 09,Sports,t,2008-10-07,240
10418,Spider-Man: Friend Or Foe,Action,t,2007-10-02,240
2411,Def Jam Rapstar,Misc,t,2010-10-05,237
6499,Marvel Super Hero Squad: The Infinity Gauntlet,Action,t,2010-11-16,236
6036,Lego Dimensions,Action,t,2015-09-27,235
9036,Rayman Raving Rabbids: Tv Party,Misc,t,2008-11-18,234
12406,Up,Adventure,t,2009-05-26,234
12326,Ultimate Band,Misc,t,2008-11-18,234
945,Ben 10: Alien Force,Action,t,2008-10-28,232
3649,Fifa Soccer 08,Sports,t,2007-10-09,230
2706,Disney Universe,Action,t,2011-10-25,228
2231,Dancing With The Stars: We Dance!,Misc,t,2008-10-21,226
6311,Madden Nfl 08,Sports,t,2007-08-14,224
7554,Nba 2k10,Sports,t,2009-10-06,224
6028,Lego Batman 3: Beyond Gotham,Action,t,2014-11-11,224
504,Are You Smarter Than A 5th Grader? Make The Grade,Misc,t,2008-10-20,224
1430,Cabela'S North American Adventures,Sports,t,2010-09-14,220
6042,Lego Indiana Jones 2: The Adventure Continues,Adventure,t,2009-11-17,220
1424,Cabela'S Dangerous Hunts 2011,Sports,t,2010-10-19,219
8614,Popstar Guitar,Misc,t,2008-10-28,216
180,Adventure Time: Finn & Jake Investigations,Action,t,2015-10-20,216
12020,Tony Hawk'S Proving Ground,Sports,t,2007-10-15,215
10000,Shrek'S Carnival Craze Party Games,Misc,t,2008-10-28,214
4789,High School Musical 3: Senior Year Dance!,Misc,t,2008-10-28,214
734,Backyard Sports Football: Rookie Rush,Sports,t,2010-10-26,213
688,Avatar: The Last Airbender - The Burning Earth,Action,t,2007-10-16,213
10443,Spongebob'S Truth Or Square,Action,t,2009-10-26,213
12025,Tony Hawk: Shred,Sports,t,2010-10-26,213
12799,Winter Sports 2: The Next Challenge,Sports,t,2008-11-18,210
6806,Michael Jackson: The Experience,Misc,t,2010-11-23,210
9846,Shaun White Skateboarding,Sports,t,2010-10-24,210
4446,Guitar Hero: Warriors Of Rock,Misc,t,2010-09-28,207
928,Bee Movie Game,Action,t,2007-10-30,207
6043,Lego Indiana Jones: The Original Adventures,Adventure,t,2008-06-03,204
11544,The Lord Of The Rings: The Return Of The King,Action,t,2003-11-05,204
7633,Ncaa Basketball 09,Sports,t,2008-11-17,204
6443,Manhunt 2,Action,t,2007-10-29,201
4182,Ghostbusters: The Video Game,Action,t,2009-06-16,200
2684,Disney Infinity 3.0,Action,t,2015-08-30,200
2796,Dora'S Big Birthday Adventure,Misc,t,2010-10-26,198
9796,Sesame Street: Cookie'S Counting Carnival,Misc,t,2010-10-20,196
9797,Sesame Street: Elmo'S A-To-Zoo Adventure,Misc,t,2010-10-20,196
7831,Nhl 2k9,Sports,t,2008-09-08,196
8632,Power Gig: Rise Of The Sixstring,Misc,t,2010-10-19,196
4437,Guitar Hero Iii: Legends Of Rock,Misc,t,2007-10-28,196
10453,"Spongebob Squarepants: Lights, Camera, Pants!",Misc,t,2005-10-21,196
2696,Disney Sing It: Pop Hits,Misc,t,2009-10-06,195
3655,Fifa Soccer 12,Sports,t,2011-09-27,192
1253,Bratz: Girlz Really Rock,Action,t,2008-10-13,192
6186,Looney Tunes: Acme Arsenal,Action,t,2007-10-09,189
12222,True Crime: New York City,Action,t,2005-11-15,189
8748,Pro Evolution Soccer 2011,Sports,t,2010-11-02,189
6899,Minute To Win It,Misc,t,2010-11-02,188
12719,Wheel Of Fortune,Misc,t,2010-11-02,188
7347,Mysims Skyheroes,Action,t,2010-09-28,188
5316,Jeopardy!,Misc,t,2010-11-02,188
6498,Marvel Super Hero Squad: Comic Combat,Action,t,2011-11-15,186
9305,Rock Revolution,Misc,t,2008-10-15,186
2404,Deepak Chopra'S Leela,Misc,t,2011-11-08,184
11277,The Black Eyed Peas Experience,Misc,t,2011-11-08,184
7569,Nba 2k9,Sports,t,2008-10-07,183
5270,James Bond 007: Blood Stone,Action,t,2010-11-02,183
7550,Nba 09: The Inside,Sports,t,2008-10-07,183
10446,Spongebob Squarepants Featuring Nicktoons: Globs Of Doom,Action,t,2008-10-20,183
2689,Disney Princess: Enchanting Storybooks,Misc,t,2011-11-01,182
4673,Hasbro Family Game Night Fun Pack,Misc,t,2011-11-01,182
13037,X-Men: Destiny,Action,t,2011-09-27,180
6413,Major League Baseball 2k8,Sports,t,2008-03-03,180
11540,The Lord Of The Rings: Aragorn'S Quest,Action,t,2010-09-14,180
7598,Nba Live 08,Sports,t,2007-10-01,180
11809,Tiger Woods Pga Tour 09,Sports,t,2008-08-26,180
9735,Sega Superstars Tennis,Sports,t,2008-03-18,180
9635,Scooby-Doo! First Frights,Adventure,t,2009-09-22,180
12064,Tornado Outbreak,Action,t,2009-09-29,177
10583,Star Wars: The Force Unleashed,Action,t,2008-09-16,174
4009,G.I. Joe: The Rise Of Cobra,Action,t,2009-08-04,174
728,Backyard Nfl Football '10,Sports,t,2009-10-20,174
8465,Pictionary: Ultimate Edition,Misc,t,2011-11-15,172
1433,Cabela'S Outdoor Adventures (2009),Sports,t,2009-09-08,172
12202,Trivial Pursuit,Misc,t,2009-03-10,172
3660,Fifa Soccer 2004,Sports,t,2003-11-04,172
7601,Nba Live 10,Sports,t,2009-10-06,171
11819,Tiger Woods Pga Tour 2003,Sports,t,2002-10-27,171
7047,Monster High: New Ghoul In School,Action,t,2015-10-27,170
6046,Lego Jurassic World,Action,t,2015-06-12,168
10508,Ssx On Tour,Sports,t,2005-10-11,168
5108,Indiana Jones And The Staff Of Kings,Action,t,2009-06-09,168
10113,Singstar Latino,Misc,t,2009-11-17,166
9317,Rocksmith,Misc,t,2011-10-18,166
3511,Family Feud: 2012 Edition,Misc,t,2011-10-18,166
4355,Grease Dance,Misc,t,2011-10-18,166
12017,Tony Hawk'S Pro Skater 4,Sports,t,2002-10-23,165
10127,Singstar Take That,Misc,t,2009-11-06,164
4621,Harry Potter: Quidditch World Cup,Sports,t,2003-10-28,164
12148,Transformers: Devastation,Action,t,2015-10-06,164
10116,Singstar Motown,Misc,t,2009-11-10,164
4590,Hannah Montana: The Movie,Adventure,t,2009-04-07,164
8315,Pbr: Out Of The Chute,Sports,t,2008-10-28,164
3152,Ea Sports Active 2,Sports,t,2010-11-16,162
12735,Who Wants To Be A Millionaire: 3rd Edition,Misc,t,2010-10-05,160
11275,The Bigs 2,Sports,t,2009-07-07,160
4599,Happy Feet Two,Adventure,t,2011-11-08,160
17,007: Quantum Of Solace,Shooter,t,2008-11-04,160
12733,Who Wants To Be A Millionaire: 1st Edition,Misc,t,2010-10-05,160
3536,Fantastic Four: Rise Of The Silver Surfer,Action,t,2007-06-15,160
10103,Singstar Abba,Misc,t,2008-12-02,158
10506,Ssx 3,Sports,t,2003-10-20,156
1416,Cabela'S Big Game Hunter 2010,Sports,t,2009-09-29,156
12224,True Crime: Streets Of La,Action,t,2003-11-03,156
6754,Metal Gear Solid Hd Edition,Misc,t,2011-11-23,156
9301,Rock Band: Metal Track Pack,Misc,t,2009-09-22,156
7825,Nhl 2k10,Sports,t,2009-09-15,156
5623,Karaoke Revolution Glee: Volume 3,Misc,t,2011-11-22,156
8681,Press Your Luck 2010 Edition,Misc,t,2009-10-27,156
12734,Who Wants To Be A Millionaire: 2nd Edition,Misc,t,2008-11-28,156
12123,Toy Story 3: The Video Game,Action,t,2010-06-15,155
11313,The Cursed Crusade,Action,t,2011-10-25,154
7525,National Geographic Challenge!,Misc,t,2011-11-23,154
4433,Guitar Hero 5,Misc,t,2009-09-01,152
11588,The Penguins Of Madagascar: Dr. Blowhole Returns - Again!,Action,t,2011-09-13,152
1918,Conan,Action,t,2007-10-23,152
7858,"Ni Hao, Kai-Lan: Super Game Day",Misc,t,2009-10-26,152
349,Alvin And The Chipmunks: The Squeakquel,Misc,t,2009-12-01,152
12904,World Poker Tour,Misc,t,2005-10-18,150
826,Batman: Arkham City,Action,t,2011-10-18,150
8498,Pirates Of The Caribbean: At World'S End,Action,t,2007-05-22,150
4614,Harry Potter And The Goblet Of Fire,Adventure,t,2005-11-08,150
4276,Golden Balls,Misc,t,2008-12-05,150
9418,Rugby World Cup 2015,Sports,t,2015-09-04,150
2096,Csi: Fatal Conspiracy,Adventure,t,2010-10-26,150
1569,Casper'S Scare School: Spooky Sports Day,Sports,t,2010-10-19,150
7648,Ncaa Football 09,Sports,t,2008-07-15,148
6017,Legend Of The Guardians: The Owls Of Ga'Hoole,Action,t,2010-09-14,148
9567,Samurai Warriors 4-Ii,Action,t,2015-09-29,147
10387,Spawn: Armageddon,Action,t,2003-11-21,147
10385,Spartan: Total Warrior,Action,t,2005-10-25,146
3471,Fairytale Fights,Action,t,2009-10-27,146
11808,Tiger Woods Pga Tour 08,Sports,t,2007-08-28,145
5513,Just Cause,Action,t,2006-09-27,144
7568,Nba 2k8,Sports,t,2007-10-02,144
6407,Major League Baseball 2k11,Sports,t,2011-03-08,144
9749,Sengoku Basara 3 Utage,Action,t,2011-11-10,144
8748,Pro Evolution Soccer 2011,Sports,t,2010-10-05,144
6752,Metal Gear Solid Hd Collection,Action,t,2011-11-08,142
11743,The Warriors,Action,t,2005-10-17,142
10442,Spongebob'S Surf & Skate Roadtrip,Action,t,2011-11-08,142
6753,Metal Gear Solid Hd Collection,Action,t,2011-11-08,142
10146,Skate It,Sports,t,2008-11-19,142
7610,Nba Live 2003,Sports,t,2002-10-08,141
5273,James Cameron'S Avatar: The Game,Action,t,2009-12-01,140
11292,The Chronicles Of Narnia: Prince Caspian,Adventure,t,2008-05-15,140
3670,Fifa World Cup Germany 2006,Sports,t,2006-04-24,140
6039,Lego Harry Potter: Years 1-4,Adventure,t,2010-06-29,140
2695,Disney Sing It: Party Hits,Misc,t,2010-09-28,140
1585,Castlevania: Curse Of Darkness,Action,t,2005-11-01,140
10420,Spider-Man: Shattered Dimensions,Action,t,2010-09-07,140
3512,Family Fortunes,Misc,t,2009-10-23,140
11805,Tiger Woods Pga Tour 06,Sports,t,2005-09-20,138
3944,From Russia With Love,Action,t,2005-11-01,138
11562,The Matrix: Path Of Neo,Action,t,2005-11-07,138
3648,Fifa Soccer 06,Sports,t,2005-10-04,138
5624,Karaoke Revolution Party,Misc,t,2005-11-08,138
1551,Cars: Race-O-Rama,Racing,t,2009-10-13,138
7560,Nba 2k16,Sports,t,2015-09-29,136
7776,Nfl Blitz 20-03,Sports,t,2002-08-12,136
6327,Madden Nfl 2003,Sports,t,2002-08-12,136
11811,Tiger Woods Pga Tour 10,Sports,t,2009-06-08,135
11293,"The Chronicles Of Narnia: The Lion, The Witch And The Wardrobe",Adventure,t,2005-11-14,135
1111,Blitz: The League Ii,Sports,t,2008-10-13,134
9495,Saints Row 2,Action,t,2008-10-14,134
4274,Golden Axe: Beast Rider,Action,t,2008-10-14,134
6994,Moe Moe 2-Ji Taisen (Ryoku) * Deluxe,Adventure,t,2008-11-27,132
9411,Rugby League Live,Sports,t,2010-11-02,132
12209,Tron: Evolution,Action,t,2010-12-07,132
7806,Nhl 07,Sports,t,2006-09-12,132
7556,Nba 2k12,Sports,t,2011-10-04,132
11060,Tak And The Guardians Of Gross,Action,t,2008-10-13,130
5922,Kung Fu Panda: Legendary Warriors,Action,t,2008-11-05,130
11134,Teenage Mutant Ninja Turtles 2: Battle Nexus,Action,t,2004-10-19,128
8755,Pro Evolution Soccer 2016,Sports,t,2015-09-15,128
4445,Guitar Hero: Van Halen,Misc,t,2009-12-22,128
9396,Rudolph The Red-Nosed Reindeer,Action,t,2010-10-26,128
779,Barbie And Her Sisters Puppy Rescue,Action,t,2015-11-03,128
7815,Nhl 16,Sports,t,2015-09-15,128
591,Assassin'S Creed Ii,Action,t,2009-11-17,128
3632,Fifa 16,Sports,t,2015-09-22,128
7596,Nba Live 07,Sports,t,2006-09-25,128
9499,Saints Row: The Third,Action,t,2011-11-15,126
606,Assassin'S Creed: Revelations,Action,t,2011-11-15,126
12294,Ty The Tasmanian Tiger 3: Night Of The Quinkan,Action,t,2005-10-12,126
6757,Metal Gear Solid V: The Phantom Pain,Action,t,2015-09-01,126
12229,Truth Or Lies,Misc,t,2010-09-14,126
7342,Mysims Agents,Adventure,t,2009-09-29,126
8701,Prince Of Persia: The Forgotten Sands,Action,t,2010-05-18,125
3783,Fist Of The North Star: Ken'S Rage,Action,t,2010-11-02,124
9607,Saw,Action,t,2009-10-06,124
1590,Castlevania: Lords Of Shadow,Action,t,2010-10-05,124
3275,Enslaved: Odyssey To The West,Action,t,2010-10-05,124
1056,Bladestorm: The Hundred Years' War,Action,t,2007-11-06,124
1314,Brutal Legend,Action,t,2009-10-13,124
9756,Sengoku Basara: Samurai Heroes,Action,t,2010-10-12,124
12911,World Series Of Poker 2008: Battle For The Bracelets,Action,t,2007-11-06,124
1422,Cabela'S Dangerous Hunts 2,Action,t,2005-11-16,124
4426,Guinness World Records: The Videogame,Action,t,2008-11-11,124
12021,Tony Hawk'S Underground,Sports,t,2003-10-27,123
7823,Nhl 2004,Sports,t,2003-09-22,123
11820,Tiger Woods Pga Tour 2004,Sports,t,2003-09-22,123
12721,Where'S Waldo? The Fantastic Journey,Adventure,t,2009-09-22,122
8483,Pingu No Waku Waku Carnival!,Misc,t,2008-11-06,122
795,Barbie: Groom And Glam Pups,Action,t,2010-11-16,122
5435,Jinsei Game Wii Ex,Misc,t,2008-11-13,122
9758,Sengoku Efuda Yuugi: Hototogisu Ran,Misc,t,2008-11-13,122
93,50 Cent: Bulletproof,Action,t,2005-11-17,122
9192,Rhythm De Cooking,Misc,t,2008-11-13,122
5482,Juggler Ds,Misc,t,2008-11-13,122
605,Assassin'S Creed: Brotherhood,Action,t,2010-11-16,122
8402,Petz: Horse Club,Misc,t,2008-11-11,122
10140,Six Flags Fun Park,Misc,t,2008-11-11,122
7329,My Stop Smoking Coach: Allen Carr'S Easyway,Misc,t,2008-11-11,122
1117,Block Party,Misc,t,2008-11-11,122
7336,My Word Coach,Misc,t,2007-11-06,122
4984,I Did It Mum! Picture Book,Misc,t,2008-11-07,121
1249,Bratz Kidz,Misc,t,2008-11-11,121
1813,Clever Kids: Farmyard Fun,Misc,t,2008-11-07,121
10125,Singstar Singalong With Disney,Misc,t,2008-11-07,121
1814,Clever Kids: Pirates,Misc,t,2008-11-07,121
4361,Green Lantern: Rise Of The Manhunters,Action,t,2011-06-07,120
7405,Namco Museum: Virtual Arcade,Misc,t,2008-11-04,120
7848,Nhl Hitz Pro,Sports,t,2003-09-25,120
5895,Korg Ds-10 Synthesizer,Misc,t,2008-11-04,120
2347,Dead Rising 2: Off The Record,Action,t,2011-10-11,120
1482,Call Of Duty: World At War,Shooter,t,2008-11-10,120
6406,Major League Baseball 2k10,Sports,t,2010-03-02,120
2693,Disney Sing It! High School Musical 3: Senior Year,Misc,t,2009-02-17,120
5000,Icarly,Adventure,t,2009-10-27,120
10114,Singstar Legends,Misc,t,2008-11-04,120
3628,Fifa 07 Soccer,Sports,t,2006-10-03,120
4217,Go Diego Go! Great Dinosaur Rescue,Action,t,2008-10-27,120
150,Ace Combat: Assault Horizon,Action,t,2011-10-11,120
2094,Csi: Deadly Intent,Adventure,t,2009-10-27,120
9094,Red Dead Redemption: Game Of The Year Edition,Action,t,2011-10-11,120
4448,Guitar Rock Tour,Misc,t,2008-11-04,120
13041,X-Men: The Official Game,Action,t,2006-05-16,120
2705,Disney Th!Nk Fast: The Ultimate Trivia Showdown,Misc,t,2008-11-07,120
4723,Hello Kitty Daily,Misc,t,2008-11-14,119
6049,Lego Marvel'S Avengers,Action,t,2016-01-26,119
9305,Rock Revolution,Misc,t,2008-11-11,119
10129,Singstar Vol. 3,Misc,t,2008-11-14,119
3999,Futureu: The Prep Game For Sat,Misc,t,2008-11-14,119
7023,Monkey Mischief! Party Time,Misc,t,2008-11-18,118
6118,Lips,Misc,t,2008-11-18,118
4290,Goosebumps Horrorland,Adventure,t,2008-10-28,118
2372,Deal Or No Deal: The Banker Is Back!,Misc,t,2008-11-14,118
1249,Bratz Kidz,Misc,t,2008-11-18,117
12350,Ultimate Spider-Man,Action,t,2005-09-22,117
12293,Ty The Tasmanian Tiger 2: Bush Rescue,Platform,t,2004-10-12,116
9292,Rock Band 2,Misc,t,2008-11-18,116
7650,Ncaa Football 10,Sports,t,2009-07-14,116
6317,Madden Nfl 12,Sports,t,2011-08-30,116
11059,Tak 2: The Staff Of Dreams,Platform,t,2004-10-11,116
6468,Mario & Sonic At The Olympic Winter Games,Sports,t,2009-10-13,116
10447,Spongebob Squarepants: Battle For Bikini Bottom,Platform,t,2003-10-31,116
11271,The Biggest Loser,Sports,t,2009-10-06,116
9841,Shark Tale,Action,t,2004-09-27,116
11700,The Spongebob Squarepants Movie,Platform,t,2004-10-27,116
6315,Madden Nfl 10,Sports,t,2009-08-14,115
13136,Young Justice: Legacy,Action,t,2013-11-19,115
8287,Pass The Pigs,Misc,t,2008-10-21,114
8401,Petz: Hamsterz Life 2,Action,t,2007-11-13,114
8747,Pro Evolution Soccer 2010,Sports,t,2009-11-10,114
1560,Cartoon Network: Battle Crashers,Action,t,2016-11-08,114
9633,Scooby-Doo! And The Spooky Swamp,Action,t,2010-09-14,114
3507,Family Fest Presents Circus Games,Misc,t,2008-10-21,114
12024,Tony Hawk: Ride,Sports,t,2009-11-17,114
4788,High School Musical 3: Senior Year,Misc,t,2008-10-21,114
6923,Mlb 08: The Show,Sports,t,2008-03-04,114
588,Assassin'S Creed,Action,t,2007-11-13,114
8653,Power Rangers Samurai,Action,t,2011-11-22,114
9095,Red Dead Redemption: Undead Nightmare,Action,t,2010-11-23,114
7704,Need For Speed: Undercover,Racing,t,2008-11-17,114
7749,New Carnival Games,Misc,t,2010-09-21,114
10438,Splatterhouse,Action,t,2010-11-23,114
2704,Disney Tangled,Action,t,2010-11-23,114
11199,Terminator 3: Rise Of The Machines,Action,t,2003-11-11,114
4443,Guitar Hero: On Tour Decades,Misc,t,2008-11-16,113
13130,You'Re In The Movies,Misc,t,2008-11-17,113
7291,My Dress-Up,Misc,t,2008-10-23,113
4597,Happy Dance Collection,Misc,t,2008-10-23,113
2705,Disney Th!Nk Fast: The Ultimate Trivia Showdown,Misc,t,2008-10-21,113
10202,Smart Girl'S Party Game,Misc,t,2008-10-23,113
6882,Minna De Dokusho: Keatai Shousetsu Desu,Misc,t,2008-10-23,113
6997,Moeru Mahjong: Moejong!,Misc,t,2008-10-23,113
9292,Rock Band 2,Misc,t,2008-10-19,112
10000,Shrek'S Carnival Craze Party Games,Misc,t,2008-10-21,112
6415,Major League Baseball 2k9,Sports,t,2009-03-03,112
783,Barbie As The Island Princess,Adventure,t,2007-10-30,112
9608,Saw Ii: Flesh & Blood,Action,t,2010-10-19,112
4789,High School Musical 3: Senior Year Dance!,Misc,t,2008-10-21,112
949,Beowulf: The Game,Action,t,2007-11-13,112
347,Alvin And The Chipmunks,Misc,t,2007-12-04,111
4441,Guitar Hero: Metallica,Misc,t,2009-03-29,111
8695,Prince Of Persia,Adventure,t,2008-12-02,110
12785,Winning Post 7 2010,Sports,t,2010-09-22,110
3668,Fifa Street 2,Sports,t,2006-02-28,110
7587,Nba Jam,Sports,t,2010-11-16,110
13308,Zumba Fitness,Sports,t,2010-11-18,110
942,Ben 10 Omniverse 2,Action,t,2013-11-05,110
935,Bella Sara,Misc,t,2008-10-28,109
12169,Travel Games For Dummies,Misc,t,2008-10-28,109
9620,Scene It? Box Office Smash,Misc,t,2008-10-28,109
8052,Okada Toshio No Itsumademo Debu To Omounayo: Ds Recording Diet,Misc,t,2008-11-20,109
10201,Smart Boy'S Winter Wonderland,Misc,t,2008-10-28,109
10109,Singstar Country,Misc,t,2008-10-28,109
10128,Singstar Vol. 2,Misc,t,2008-10-28,109
6055,Lego Pirates Of The Caribbean: The Video Game,Action,t,2011-05-10,108
7871,Nicktoons Mlb,Sports,t,2011-09-13,108
11267,The Beatles: Rock Band,Misc,t,2009-09-09,108
12045,Top Spin 2,Sports,t,2006-03-29,108
5035,Il-2 Sturmovik: Birds Of Prey,Simulation,t,2009-09-08,108
11344,The Evil Within,Action,t,2014-10-14,108
6412,Major League Baseball 2k7,Sports,t,2007-02-26,108
6328,Madden Nfl 2004,Sports,t,2003-08-12,108
6879,Mini Ninjas,Action,t,2009-09-08,108
1132,Bloodrayne,Shooter,t,2002-10-15,108
9291,Rock Band,Misc,t,2007-11-20,108
5921,Kung Fu Panda 2,Action,t,2011-05-24,108
8010,Nppl Championship Paintball 2009,Shooter,t,2008-11-18,108
3669,Fifa Street 3,Sports,t,2008-02-18,108
5676,Kelly Slater'S Pro Surfer,Sports,t,2002-09-16,108
2635,Disney'S Extreme Skate Adventure,Sports,t,2003-09-03,108
6509,Marvel: Ultimate Alliance 2,Role-Playing,t,2009-09-15,108
4208,Gladiator: Sword Of Vengeance,Action,t,2003-11-05,106
811,Bass Pro Shops: The Strike,Sports,t,2009-09-29,106
5307,Jaws: Ultimate Predator,Action,t,2011-12-01,106
12788,Winning Post 7 Maximum 2008,Sports,t,2008-03-13,105
11274,The Bigs,Sports,t,2007-06-25,105
6408,Major League Baseball 2k12,Sports,t,2012-03-06,105
1417,Cabela'S Big Game Hunter 2012,Sports,t,2011-09-27,105
8404,Petz: Horsez 2,Simulation,t,2007-11-14,105
11641,The Sims 2: Castaway,Simulation,t,2007-10-22,105
8393,Petz: Catz 2,Simulation,t,2007-11-14,105
3011,Dreamworks Super Star Kartz,Racing,t,2011-11-15,105
12794,Winning Post World,Sports,t,2009-04-02,105
7067,Monster Jam: Path Of Destruction,Racing,t,2010-11-09,105
2686,Disney Planes Fire & Rescue,Action,t,2014-11-04,105
8324,Pdc World Championship Darts: Pro Tour,Sports,t,2010-11-26,105
11063,Tak: The Great Juju Challenge,Platform,t,2005-09-19,104
8192,Overlord Ii,Action,t,2009-06-23,104
3124,Dynasty Warriors 6 Empires,Action,t,2009-06-23,104
4791,High School Musical: Sing It!,Misc,t,2007-10-30,104
6077,Lemony Snicket'S A Series Of Unfortunate Events,Platform,t,2004-11-10,104
2230,Dancing With The Stars,Misc,t,2007-10-23,104
3510,Family Feud: 2010 Edition,Misc,t,2009-09-29,104
11055,Taito Legends,Misc,t,2005-10-25,104
10044,Silent Hill: Homecoming,Action,t,2008-09-30,102
2360,Deadliest Catch: Sea Of Chaos,Sports,t,2010-11-29,102
7830,Nhl 2k8,Sports,t,2007-09-10,102
10539,Star Wars Battlefront Ii,Shooter,t,2005-11-01,102
8927,Rabbids Go Home,Adventure,t,2009-11-03,102
11379,The Golden Compass,Adventure,t,2007-12-04,102
1461,Call Of Duty 2: Big Red One,Shooter,t,2005-11-01,102
7808,Nhl 09,Sports,t,2008-09-09,102
1436,Cabela'S Trophy Bucks,Sports,t,2007-09-19,102
333,Alone In The Dark,Adventure,t,2008-06-23,102
5582,Kamen Rider: Battride War Genesis,Action,t,2016-02-25,102
782,Barbie And The Three Musketeers,Adventure,t,2009-11-03,102
7805,Nhl 06,Sports,t,2005-09-06,102
11806,Tiger Woods Pga Tour 07,Sports,t,2006-10-10,102
687,Avatar: The Last Airbender - Into The Inferno,Adventure,t,2008-10-13,102
4778,Hidden Mysteries: Titanic - Secrets Of The Fateful Voyage,Adventure,t,2009-11-03,102
10161,Skylanders Giants,Misc,t,2012-10-21,100
2797,Dora'S Cooking Club,Misc,t,2010-10-26,100
10362,Space Camp,Action,t,2009-05-26,100
3522,Family Party: 90 Great Games Party Pack,Misc,t,2010-10-26,100
7810,Nhl 11,Sports,t,2010-09-07,100
11270,The Bible Game,Misc,t,2005-10-23,100
9638,Scooby-Doo! Unmasked,Platform,t,2005-09-12,100
7611,Nba Live 2004,Sports,t,2003-10-14,100
7026,Monopoly,Misc,t,2010-10-26,100
7693,Need For Speed: Most Wanted,Racing,t,2005-11-15,100
11258,The Amazing Race,Misc,t,2010-10-26,100
6062,Lego Star Wars Iii: The Clone Wars,Action,t,2011-03-22,100
939,Ben 10 Galactic Racing,Racing,t,2011-10-18,100
1428,Cabela'S Legendary Adventures,Sports,t,2008-09-17,100
12154,Transformers: The Game,Action,t,2007-06-26,100
7519,Nascar Unleashed,Racing,t,2011-11-01,100
7404,Namco Museum: 50th Anniversary,Misc,t,2005-08-30,100
7279,My Amusement Park,Misc,t,2010-10-26,100
2673,Disney Channel: All Star Party,Misc,t,2010-10-26,100
911,Beat Sketch!,Misc,t,2010-10-21,99
7567,Nba 2k7,Sports,t,2006-09-25,99
1975,Cosmos Chaos!,Misc,t,2010-10-19,99
1009,Bionicle,Platform,t,2003-10-20,99
1549,Cars Toon: Mater'S Tall Tales,Misc,t,2010-10-19,99
9767,Sengoku Hime: Senran Ni Mau Otometachi,Adventure,t,2009-11-12,98
8012,Ntra Breeders' Cup World Thoroughbred Championships,Sports,t,2005-09-29,98
1110,Blitz: The League,Sports,t,2005-10-17,98
5653,Katekyoo Hitman Reborn! Kindan No Yami No Delta,Action,t,2008-11-20,98
2226,Dancemasters,Misc,t,2010-11-04,98
3631,Fifa 15,Sports,t,2014-09-23,98
6945,Mlb Power Pros,Sports,t,2007-10-03,98
3658,Fifa Soccer 2003,Sports,t,2002-11-14,98
2346,Dead Rising 2,Action,t,2010-09-28,98
6711,Memories Off 6: Next Relation,Adventure,t,2009-08-27,98
12007,Tony Hawk'S American Wasteland,Sports,t,2005-10-18,98
8785,Pro Yakyuu Spirits 5 Kanzenban,Sports,t,2008-12-04,98
4939,How To Pass Your Driving Test,Misc,t,2008-11-21,97
3347,Evangelion: Jo,Action,t,2009-06-04,96
11419,The Idolm@Ster 2,Misc,t,2011-10-27,96
8745,Pro Evolution Soccer 2008,Sports,t,2008-03-12,96
7542,Nazo Nazo & Quiz Ittou Nyuukon Q Mate!,Misc,t,2008-10-16,96
10200,Smart Boy'S Toys Club,Misc,t,2008-10-15,96
1550,Cars: Mater-National Championship,Racing,t,2007-10-29,96
10207,Smart Kid'S Party Fun Pak,Misc,t,2008-10-15,96
7676,Ncis,Adventure,t,2011-11-01,96
8906,Quiz Present Variety Q-Sama!! Ds: Pressure Study X Atama Gai Kunaru Drill Sp,Misc,t,2011-10-27,96
7593,Nba Live 06,Sports,t,2005-09-26,96
7313,My Japanese Coach,Misc,t,2008-10-15,96
724,Backyard Nfl Football,Sports,t,2007-10-23,96
8342,Peppa Pig: Fun And Games,Misc,t,2010-10-22,96
7296,My First Songs,Misc,t,2010-10-22,96
4370,Grey'S Anatomy: The Video Game,Adventure,t,2009-03-04,96
2006,Crash Of The Titans,Action,t,2007-10-04,96
9295,Rock Band Country Track Pack,Misc,t,2009-07-21,96
13033,X-Men Origins: Wolverine,Action,t,2009-05-01,96
8747,Pro Evolution Soccer 2010,Sports,t,2009-11-03,96
3010,Dreamworks Madagascar Kartz,Racing,t,2009-10-27,96
630,Atari'S Greatest Hits: Volume 1,Misc,t,2010-11-02,95
11088,Tamagotchi Collection,Misc,t,2011-11-10,95
10130,Singstar: Back To The 80s,Misc,t,2011-10-28,95
502,Are You Smarter Than A 5th Grader? Back To School,Misc,t,2010-11-02,95
7562,Nba 2k18,Sports,t,2017-09-19,95
501,Are You Smarter Than A 5th Grader? Back To School,Misc,t,2010-11-02,95
11131,Teenage Mutant Ninja Turtles,Action,t,2003-10-31,94
6691,Megamind: Ultimate Showdown,Adventure,t,2010-11-02,94
6690,Megamind: The Blue Defender,Adventure,t,2010-11-02,94
9328,Rogue Ops,Action,t,2003-10-29,94
12911,World Series Of Poker 2008: Battle For The Bracelets,Action,t,2007-09-25,94
1203,Boogie Superstar,Misc,t,2008-10-14,93
10204,Smart Girl'S Winter Wonderland,Misc,t,2008-10-14,93
9689,Seaworld Adventure Parks: Shamu'S Deep Sea Adventure,Adventure,t,2005-11-08,93
6807,Michael Jackson: The Experience 3d,Misc,t,2011-11-08,93
5272,James Bond 007: Nightfire,Shooter,t,2002-11-18,93
1434,Cabela'S Survival: Shadows Of Katmai,Sports,t,2011-11-01,93
8836,Puppies 3d,Misc,t,2011-11-08,93
7824,Nhl 2005,Sports,t,2004-09-20,93
11821,Tiger Woods Pga Tour 2005,Sports,t,2004-09-20,93
9731,Sega Rally Revo,Racing,t,2007-10-09,93
8931,Rabbids: Alive & Kicking,Misc,t,2011-11-08,93
162,Active Life: Magical Carnival,Misc,t,2011-10-25,93
5423,Jillian Michaels' Fitness Adventure,Misc,t,2011-11-08,93
9299,Rock Band Track Pack: Classic Rock,Misc,t,2009-05-19,92
12204,Trivial Pursuit: Bet You Know It,Misc,t,2011-11-01,92
4613,Harry Potter And The Deathly Hallows - Part 2,Action,t,2011-07-12,92
7131,Moshi Monsters: Moshling Zoo,Misc,t,2011-11-06,92
6079,Let'S Cheer,Misc,t,2011-11-07,92
10061,Simanimals Africa,Simulation,t,2009-10-27,92
12289,Twister Mania,Misc,t,2011-11-01,92
12121,Toy Soldiers: War Chest,Action,t,2015-08-11,92
13302,Zoobles! Spring To Life!,Misc,t,2011-11-01,92
11705,The Suffering: Ties That Bind,Action,t,2005-09-26,92
12902,World Of Zoo,Simulation,t,2009-10-26,92
7138,Motion Explosion!,Misc,t,2011-11-01,92
7028,Monopoly Collection,Misc,t,2011-11-01,92
1984,Country Dance 2,Misc,t,2011-11-01,92
12736,Who Wants To Be A Millionaire?,Misc,t,2011-11-01,92
7566,Nba 2k6,Action,t,2005-09-26,92
6329,Madden Nfl 2005,Sports,t,2004-08-09,92
12146,Transformers: Dark Of The Moon,Action,t,2011-06-14,92
4440,Guitar Hero: Aerosmith,Misc,t,2008-06-29,92
6320,Madden Nfl 16,Sports,t,2015-08-25,92
8985,Rango: The Video Game,Action,t,2011-03-01,92
2724,Dj Max Portable 3,Misc,t,2010-10-14,91
5563,Kaite Oboeru: Dora-Gana,Misc,t,2008-11-27,91
11092,Tamagotchi No Kirakira Omisecchi,Misc,t,2008-11-27,91
8109,Open Season,Platform,t,2006-09-19,91
7540,Naxat Soft Reachmania Vol. 1: Cr Galaxy Angel,Misc,t,2008-11-27,91
9975,Shiseido Beauty Solution Kaihatsu Center Kanshuu: Project Beauty,Misc,t,2008-11-27,91
2371,Deal Or No Deal: Special Edition,Misc,t,2010-10-11,90
7885,Night At The Museum: Battle Of The Smithsonian,Action,t,2009-05-05,90
6135,Little League World Series Baseball 2008,Sports,t,2008-08-05,90
12271,Tv Superstars,Misc,t,2010-10-12,90
7612,Nba Live 2005,Sports,t,2004-09-28,90
6316,Madden Nfl 11,Sports,t,2010-08-10,90
7822,Nhl 2003,Sports,t,2002-09-30,90
5520,Just Dance 2016,Music,t,2015-10-20,90
4452,Gun,Shooter,t,2005-11-08,90
7285,My Baby: First Steps,Simulation,t,2009-11-03,90
11813,Tiger Woods Pga Tour 12: The Masters,Sports,t,2011-03-29,90
12078,Totally Spies! Totally Party,Misc,t,2009-03-10,90
10771,Summer Challenge: Athletics Tournament,Sports,t,2011-09-02,90
9305,Rock Revolution,Misc,t,2008-10-14,90
5182,Iron Man 2,Action,t,2010-05-04,90
6924,Mlb 09: The Show,Sports,t,2009-03-03,90
12703,We Sing Rock!,Misc,t,2011-11-04,90
3634,Fifa 18,Sports,t,2017-09-29,90
2630,Disney'S Chicken Little,Platform,t,2005-10-20,90
11812,Tiger Woods Pga Tour 11,Sports,t,2010-06-08,90
11629,The Simpsons Game,Platform,t,2007-10-30,90
1421,Cabela'S Dangerous Hunts,Sports,t,2003-11-11,90
1403,Buzz! The Ultimate Music Quiz,Misc,t,2010-10-15,89
6349,Magic Encyclopedia: Moonlight,Misc,t,2010-10-15,89
3509,Family Feud Decades,Misc,t,2010-11-09,89
5526,Just Dance Kids,Misc,t,2010-11-09,89
10110,Singstar Dance,Misc,t,2010-11-09,89
3287,Esa Game Pack,Misc,t,2010-11-10,89
5621,Karaoke Revolution Glee,Misc,t,2010-11-09,89
4708,Heathcliff! Frantic Foto,Misc,t,2010-10-15,89
7343,Mysims Collection,Misc,t,2010-11-09,89
5497,Jungle Party,Misc,t,2010-11-05,88
7790,Nfl Head Coach 09,Sports,t,2008-09-03,88
8721,Princess On Ice,Sports,t,2008-11-05,88
12,[Prototype],Action,t,2009-06-09,88
11757,The Wolf Among Us,Adventure,t,2014-11-04,88
7670,Ncaa March Madness 06,Sports,t,2005-10-11,88
11131,Teenage Mutant Ninja Turtles,Action,t,2003-10-21,88
3195,"Ed, Edd N Eddy: The Mis-Edventures",Platform,t,2005-11-03,88
5123,Infinite Stratos 2: Love And Purge,Action,t,2015-09-03,88
4087,Games Around The World,Misc,t,2010-11-05,88
12046,Top Spin 3,Sports,t,2008-06-23,88
7703,Need For Speed: The Run,Racing,t,2011-11-15,88
9067,Real Soccer 2009,Sports,t,2008-11-04,88
12022,Tony Hawk'S Underground 2,Sports,t,2004-10-04,88
8989,Rapala Fishing Frenzy 2009,Sports,t,2008-09-02,88
7808,Nhl 09,Sports,t,2008-11-04,88
13121,Yoostar On Mtv,Misc,t,2011-11-15,87
139,Abba: You Can Dance,Misc,t,2011-11-15,87
8777,Pro Yakyuu Spirits 2010,Sports,t,2010-04-01,87
1543,Carnival Island,Misc,t,2011-11-15,87
2664,Disney'S The Haunted Mansion,Platform,t,2003-10-14,87
735,Backyard Sports: Sandlot Sluggers,Sports,t,2010-05-25,87
12500,Victorious: Hollywood Arts Debut,Misc,t,2011-11-15,87
7658,Ncaa Football 2003,Sports,t,2002-07-20,87
12702,We Sing Robbie Williams,Misc,t,2010-11-12,87
12540,Virtua Tennis 2009,Sports,t,2009-06-09,87
12047,Top Spin 4,Sports,t,2011-03-15,87
11061,Tak And The Power Of Juju,Platform,t,2003-10-15,87
2621,Dishonored: Definitive Edition,Action,t,2015-08-25,86
3268,Ener-G Horse Riders,Sports,t,2008-10-21,86
26,100 Kiri Golf Ds,Sports,t,2008-10-23,86
11600,The Price Is Right: Decades,Misc,t,2011-11-15,86
6303,Mad Max (2013),Action,t,2015-09-01,86
3270,Ener-G: Gym Rockets,Sports,t,2008-10-21,86
6078,Lernerfolg Vorschule: Capt'N Sharky,Misc,t,2009-11-23,86
11163,Ten Pin Alley 2,Sports,t,2008-10-22,86
9115,Reign Of Fire,Shooter,t,2002-10-22,86
9219,Rika-Chan Ds Motto! Onna No Ko Lesson: Oshare Oshigoto Otetsudai Daisuki!,Misc,t,2009-11-05,86
7344,Mysims Kingdom,Simulation,t,2008-10-28,86
12653,Warriors Orochi 2,Action,t,2008-09-23,86
8080,One Piece: Pirate Warriors 3,Action,t,2015-08-25,86
4161,Get Up And Dance,Misc,t,2011-11-15,86
4726,Hello Kitty Party,Misc,t,2009-11-23,86
3269,Ener-G: Dance Squad,Sports,t,2008-10-21,86
5424,Jillian Michaels' Fitness Ultimatum 2009,Sports,t,2008-10-21,86
5729,Kidz Sports International Soccer,Sports,t,2008-10-21,86
11375,The Godfather Ii,Adventure,t,2009-04-07,86
8761,Pro Golfer Saru,Sports,t,2008-10-23,86
1944,Cook Wars,Misc,t,2009-11-24,86
4980,Hysteria Hospital: Emergency Ward,Action,t,2009-06-16,86
12306,Udraw Studio,Misc,t,2010-11-14,86
11034,Taiko No Tatsujin Wii: Dodon To 2 Yome!,Misc,t,2009-11-19,85
7181,Motto! Stitch! Ds Rhythm De Rakugaki Daisakusen,Misc,t,2010-11-18,85
4129,Gekiatsu!! Pachi Game Tamashi: Cr Evangelion - Hajimari No Fukuin,Misc,t,2010-11-18,85
4826,Hisshou Pachinko * Pachi-Slot Kouryaku Series Portable Vol. 2: Cr Evangelion - Hajimari No Fukuin,Misc,t,2010-11-18,85
8464,Pictionary,Misc,t,2010-11-14,85
4083,Game Party In Motion,Misc,t,2010-11-18,85
13004,Wwe Smackdown Vs Raw 2008,Fighting,t,2007-11-13,84
8386,Petz Puppyz & Kittenz,Misc,t,2011-10-18,84
12775,Winning Eleven: Pro Evolution Soccer 2007,Sports,t,2007-02-06,84
6739,Metal Arms: Glitch In The System,Shooter,t,2003-11-18,84
7700,Need For Speed: Prostreet,Racing,t,2007-11-13,84
11863,Tmnt,Action,t,2007-03-20,84
4360,Green Day: Rock Band,Misc,t,2010-06-08,84
1611,Celebrity Sports Showdown,Sports,t,2008-10-20,84
6236,Loving Life With Hello Kitty & Friends,Misc,t,2011-10-18,84
12839,Wizards Of Waverly Place: Spellbound,Misc,t,2010-11-16,84
4444,Guitar Hero: Smash Hits,Misc,t,2009-06-16,84
7674,Ncaa March Madness 2004,Sports,t,2003-11-17,84
836,Batman: Rise Of Sin Tzu,Action,t,2003-10-16,84
1540,Carnival Games: Mini Golf,Sports,t,2008-10-20,84
2168,Daito Giken Koushiki Pachi-Slot Simulator: 24 - Twenty-Four,Misc,t,2008-10-09,84
7687,Need For Speed Underground,Racing,t,2003-11-17,84
8213,Pac-Man Party,Misc,t,2010-11-16,84
7585,Nba Jam,Sports,t,2003-09-23,84
2603,Discovery Kids: Spider Quest,Misc,t,2009-11-17,84
300,Alien: Isolation,Adventure,t,2014-10-07,84
290,Alice In Wonderland,Adventure,t,2010-03-02,84
5044,Imagine: Artist,Misc,t,2009-11-17,84
11441,The Incredible Hulk: Ultimate Destruction,Action,t,2005-08-23,84
7397,Namco Museum Megamix,Misc,t,2010-11-16,84
2416,Defender,Shooter,t,2002-10-22,84
7311,My Horse & Me 2: Riding For Gold,Sports,t,2008-10-31,84
12804,Winter Stars,Sports,t,2011-11-10,84
6899,Minute To Win It,Misc,t,2011-10-18,84
12921,World Soccer Winning Eleven 2010: Aoki Samurai No Chousen,Sports,t,2010-05-20,84
63,2010 Fifa World Cup South Africa,Sports,t,2010-04-27,84
9268,Roadkill,Action,t,2003-10-13,84
503,Are You Smarter Than A 5th Grader? Game Time,Puzzle,t,2009-10-26,84
1463,Call Of Duty 4: Modern Warfare,Shooter,t,2007-11-05,84
711,Back At The Barnyard: Slop Bucket Games,Sports,t,2008-10-20,84
3630,Fifa 14,Sports,t,2013-09-24,84
12298,U-Sing,Misc,t,2009-11-06,83
12695,We Sing,Misc,t,2009-11-13,83
6119,Lips: Deutsche Partyknaller,Misc,t,2009-11-13,83
12303,Uchi No 3 Shimai Ds 2: 3 Shimai No Dekake Daisakusen,Misc,t,2009-11-12,83
1397,Buzz! Quiz World,Misc,t,2009-11-10,83
4804,Higurashi No Naku Koro Ni: Jan,Misc,t,2009-11-12,83
11730,The Ultimate Red Ball Challenge,Misc,t,2009-11-06,83
10131,Singstar: Made In Germany,Misc,t,2009-11-06,83
7033,Monotaro Dentetsu 2010: Sengoku Ishin No Hero Daishuugou! No Maki,Misc,t,2009-11-26,83
3652,Fifa Soccer 09 All-Play,Sports,t,2008-10-28,83
11115,Team Elimination Games,Misc,t,2009-11-10,83
8594,Pop'N Music,Misc,t,2009-11-13,83
11600,The Price Is Right: Decades,Misc,t,2011-10-18,83
5617,Karaoke Joysound Wii Dx,Misc,t,2009-11-26,83
879,Battlefield 2: Modern Combat,Shooter,t,2005-10-24,82
6600,Medal Of Honor: Frontline,Shooter,t,2002-11-10,82
2244,Danny Phantom: Urban Jungle,Action,t,2006-09-19,82
5810,Kiniro No Corda 3,Adventure,t,2010-02-25,82
11599,The Price Is Right 2010 Edition,Misc,t,2009-09-22,82
3648,Fifa Soccer 06,Sports,t,2005-10-11,82
4981,I'M A Celebrity: Get Me Out Of Here!,Misc,t,2009-11-20,82
2802,Dora The Explorer: Dora Saves The Crystal Kingdom,Misc,t,2009-11-09,82
10068,Simcity Creator,Simulation,t,2008-09-22,82
9557,Samurai Warriors 2,Action,t,2006-09-19,82
7877,Nicktoons: Battle For Volcano Island,Action,t,2006-10-24,82
7948,No Fate! Only The Power Of Will,Adventure,t,2010-02-25,82
2227,Dancestar Party,Misc,t,2011-10-21,82
10112,Singstar Guitar,Misc,t,2010-10-08,82
5001,Icarly 2: Ijoin The Click!,Adventure,t,2010-11-16,82
8480,Pinball Hall Of Fame: The Williams Collection,Misc,t,2009-09-22,82
9371,Rooms: The Main Building,Adventure,t,2010-03-23,82
7809,Nhl 10,Sports,t,2009-09-15,82
1502,Capcom Classics Collection,Misc,t,2005-09-27,82
326,All Star Cheer Squad,Sports,t,2008-10-27,82
7286,My Ballet Studio,Simulation,t,2009-11-17,82
4981,I'M A Celebrity: Get Me Out Of Here!,Misc,t,2009-11-06,82
6837,Midway Arcade Treasures 2,Misc,t,2004-10-11,81
12185,Trigger Man,Shooter,t,2004-10-05,81
11569,The Mummy: Tomb Of The Dragon Emperor,Adventure,t,2008-07-22,81
6603,Medal Of Honor: Rising Sun,Shooter,t,2003-11-11,81
4618,Harry Potter And The Sorcerer'S Stone,Action,t,2003-12-09,81
6926,Mlb 11: The Show,Sports,t,2011-03-08,81
3905,Freddi Fish: Abc Under The Sea,Misc,t,2010-10-05,81
10274,Solitaire Overload Plus,Misc,t,2010-10-05,81
5491,Jumper: Griffin'S Story,Action,t,2008-02-12,81
10494,Spyro: A Hero'S Tail,Platform,t,2004-11-03,81
4863,Hollywood Squares,Misc,t,2010-10-05,81
7177,Motto Hayaku! Seikaku Ni! Suu Sense Keisan Ryuoku Up Training - Suutore,Misc,t,2008-12-04,80
11315,The Daring Game For Girls,Adventure,t,2010-03-09,80
2651,Disney'S Meet The Robinsons,Action,t,2007-03-27,80
7304,My Fun Facts Coach,Misc,t,2008-12-02,80
9641,Score International Baja 1000: The Official Game,Racing,t,2008-10-28,80
9226,Rio,Misc,t,2011-04-12,80
3824,Food Network: Cook Or Be Cooked,Misc,t,2009-11-03,80
601,Assassin'S Creed Syndicate,Action,t,2015-10-23,80
7068,Monster Jam: Urban Assault,Racing,t,2008-10-28,80
835,Batman: Return To Arkham,Action,t,2016-10-18,80
6310,Madden Nfl 07,Sports,t,2006-08-22,80
6946,Mlb Power Pros 2008,Sports,t,2008-07-29,80
5558,Kageyama Hideo No Hanpuku Ondoku Ds Eigo,Misc,t,2008-12-04,80
1392,Buzz! Brain Of The Uk,Misc,t,2009-03-27,80
4829,Hisshou Pachinko*Pachi-Slot Kouryaku Series Ds Vol. 3: Shinseiki Evangelion - Yakusoku No Toki,Misc,t,2008-12-04,80
9181,Reversal Challenge,Misc,t,2009-11-03,80
2996,Dream Salon,Misc,t,2009-11-03,80
9748,Sengoku Basara 2 Heroes,Action,t,2007-11-29,80
3543,Far Cry 2,Shooter,t,2008-10-21,80
7857,"Ni Hao, Kai-Lan: New Year'S Celebration",Misc,t,2009-11-03,80
12652,Warriors Orochi,Action,t,2007-09-18,80
5733,Kikiite Hajimaru: Eigo Kaiwa Training - Kikitore,Misc,t,2008-12-04,80
7104,Mori No Cafeteria Ds: Oshare Na Cafe Recipe,Misc,t,2008-12-04,80
11584,The Oregon Trail,Misc,t,2011-12-09,80
5498,Junior Brain Trainer,Misc,t,2009-11-03,80
2801,Dora The Explorer: Dora Puppy,Misc,t,2009-11-03,80
4438,Guitar Hero Live,Music,t,2015-10-20,80
11407,The Hobbit,Adventure,t,2003-11-11,80
3519,Family Party: 30 Great Games,Misc,t,2008-12-02,80
5264,Jam Sessions 2,Misc,t,2009-10-20,80
10222,Sniper Elite,Shooter,t,2005-10-18,80
5501,Junior Classic Games,Misc,t,2009-11-03,80
6838,Midway Arcade Treasures 3,Misc,t,2005-09-27,80
1514,Captain America: Super Soldier,Action,t,2011-07-19,80
12346,Ultimate Party Challenge,Misc,t,2009-11-03,80
11947,Tom Clancy'S Ghost Recon,Shooter,t,2002-11-11,80
1673,Charm Girls Club: Pajama Party,Misc,t,2009-10-20,80
9570,Samurai Warriors Chronicles 3,Action,t,2015-06-30,80
11432,The Idolmaster: Gravure For You! Vol. 2,Misc,t,2011-11-23,79
2802,Dora The Explorer: Dora Saves The Crystal Kingdom,Misc,t,2009-11-03,79
2990,Dream Dance & Cheer,Misc,t,2009-10-27,79
8236,Pachipara 3d,Misc,t,2011-11-24,79
12486,Vegas Party,Misc,t,2009-10-27,79
8599,Pop'N Music Portable 2,Misc,t,2011-11-23,79
12428,Uta No Prince-Sama: Music,Misc,t,2011-11-24,79
4671,Hasbro Family Game Night 2,Misc,t,2009-10-27,79
11035,Taiko No Tatsujin Wii: Ketteiban,Misc,t,2011-11-23,79
8343,Peppa Pig: The Game,Misc,t,2008-11-28,79
7327,My Spanish Coach,Misc,t,2008-10-07,79
4860,Hole In The Wall: Deluxe Edition,Misc,t,2011-11-20,78
12986,Wta Tour Tennis,Sports,t,2002-09-24,78
1961,Coraline,Adventure,t,2009-01-27,78
11656,The Sims 3,Simulation,t,2010-10-26,78
7634,Ncaa Basketball 10,Sports,t,2009-11-17,78
12586,Wall-E,Platform,t,2008-06-24,78
566,Arslan: The Warriors Of Legend,Action,t,2016-02-09,78
8994,Rapala Pro Fishing,Sports,t,2004-08-31,78
11533,The Lego Ninjago Movie Videogame,Action,t,2017-09-22,78
2372,Deal Or No Deal: The Banker Is Back!,Misc,t,2008-11-28,78
6013,Legend Of Kay Anniversary,Action,t,2015-07-28,78
986,Big League Sports,Sports,t,2008-11-11,78
3982,Fushigi No Chronicle: Furikaerimasen Katsu Madewa,Action,t,2015-07-30,78
4080,Game Party 2,Misc,t,2008-10-06,78
2619,Dishonored 2,Action,t,2016-11-10,78
8784,Pro Yakyuu Spirits 5,Sports,t,2008-04-01,78
4161,Get Up And Dance,Misc,t,2011-11-22,78
1514,Captain America: Super Soldier,Action,t,2011-10-25,78
1411,Cabela'S Alaskan Adventure,Sports,t,2006-09-19,78
6338,Maestro! Jump In Music,Misc,t,2009-11-30,77
4133,Gekijouban Macross F: Sayonara No Tsubasa - Hybrid Pack,Action,t,2011-10-20,77
9623,Scene It? Twilight,Misc,t,2009-11-29,77
2727,Dj Star,Misc,t,2009-12-01,77
10659,Storybook Workshop,Misc,t,2009-12-01,77
4670,Hasbro Family Game Night,Misc,t,2009-10-26,77
6951,Mlb Superstars,Sports,t,2008-11-10,77
10167,Skylanders: Trap Team,Platform,t,2014-10-05,77
11988,Tomb Raider: Anniversary,Action,t,2007-10-23,76
4158,Get Fit With Mel B,Sports,t,2010-10-20,76
8659,Power Rangers: Super Legends,Action,t,2007-10-23,76
2416,Defender,Shooter,t,2002-11-03,76
2469,Derby Time Online,Sports,t,2008-11-13,76
161,Active Life Explorer,Sports,t,2010-10-19,76
3312,Espn Nfl Football,Sports,t,2003-09-03,76
11990,Tomb Raider: Legend,Action,t,2006-11-14,76
7561,Nba 2k17,Sports,t,2016-09-16,76
5050,Imagine: Champion Rider,Sports,t,2008-11-07,76
7882,Nicola Kanshuu: Model * Oshare Audition 2,Action,t,2011-11-03,76
5655,Katekyoo Hitman Reborn!! Let'S Ansatsu!? Nerawareta 10 Daime!,Action,t,2007-10-25,76
7587,Nba Jam,Sports,t,2010-10-05,76
30,1001 Touch Games,Action,t,2011-10-18,76
5512,Jurassic: The Hunted,Shooter,t,2009-11-03,76
9864,Sherlock Holmes: Crimes & Punishments,Adventure,t,2014-09-30,76
11178,Tengen Toppa Gurren-Lagann,Action,t,2007-10-25,76
10472,Sports Collection,Sports,t,2010-10-05,76
8756,Pro Evolution Soccer 2017,Sports,t,2016-09-13,76
7867,Nickelodeon Team Umizoomi,Action,t,2011-11-01,76
3369,Evil Dead: Regeneration,Action,t,2005-09-13,76
302,Aliens In The Attic,Action,t,2009-07-28,76
4196,Gintama: Banji Oku Chuubu!,Action,t,2007-10-25,76
7125,Mortal Kombat: Shaolin Monks,Action,t,2005-09-16,76
12049,Top Trumps: Doctor Who,Misc,t,2008-12-05,76
8001,North American Hunting Extravaganza 2,Sports,t,2010-10-12,75
9247,River City Super Sports Challenge,Sports,t,2010-10-12,75
739,Bad Boys: Miami Takedown,Shooter,t,2004-09-14,75
1055,Bladestorm: Nightmare,Action,t,2015-03-03,75
10498,Spyro: Shadow Legacy,Action,t,2005-10-18,75
11699,The Spiderwick Chronicles,Adventure,t,2008-02-05,75
4332,Grand Theft Auto: Liberty City Stories,Action,t,2005-10-25,75
5883,Kong: King Of Atlantis,Action,t,2005-10-25,75
6065,Lego Star Wars: The Video Game,Action,t,2005-10-25,75
5451,John Daly'S Prostroke Golf,Sports,t,2010-10-19,75
3635,Fifa 19,Sports,t,2018-09-28,75
3661,Fifa Soccer 2005,Sports,t,2004-10-12,75
10719,Stubbs The Zombie In Rebel Without A Pulse,Action,t,2005-10-18,75
10584,Star Wars: The Force Unleashed - Ultimate Sith Edition,Action,t,2009-11-03,75
10163,Skylanders Swap Force,Platform,t,2013-10-13,75
3141,Dynasty Warriors: Gundam 2,Action,t,2009-04-21,75
10174,Sled Shred Featuring The Jamaican Bobsled Team,Sports,t,2010-10-12,75
11706,The Suite Life Of Zack & Cody: Circle Of Spies,Action,t,2007-10-18,75
1875,College Hoops 2k8,Sports,t,2007-11-19,75
1405,C.O.P.: The Recruit,Action,t,2009-11-03,75
5451,John Daly'S Prostroke Golf,Sports,t,2010-10-05,75
983,Big Hero 6: Battle In The Bay,Action,t,2014-10-28,74
5695,Kenka Banchou Portable,Action,t,2009-10-29,74
608,Assassin'S Creed: Unity,Action,t,2014-11-11,74
3922,Fresh Precure! Asobi Collection,Action,t,2009-10-29,74
7811,Nhl 12,Sports,t,2011-09-13,74
837,Batman: The Brave And The Bold The Videogame,Action,t,2010-09-07,74
3315,Espn Nhl Hockey,Sports,t,2003-09-09,74
6540,Maths Made Simple,Misc,t,2008-10-03,74
313,All-Star Baseball 2003,Sports,t,2002-02-25,74
6756,Metal Gear Solid V: The Definitive Experience,Action,t,2016-10-11,74
2923,Dragon Ball: Revenge Of King Piccolo,Action,t,2009-10-20,74
7847,Nhl Hitz 20-03,Sports,t,2002-09-16,74
6912,Mission: Impossible - Operation Surma,Action,t,2003-12-02,74
10630,Steins;Gate,Adventure,t,2009-10-15,74
10190,Slotter Up Mania 11: 2027 Vs 2027 Ii,Misc,t,2009-10-15,74
8708,Princess Debut,Misc,t,2008-09-30,74
5755,Kimi Ni Todoke: Sodateru Omoi,Adventure,t,2009-10-15,74
10955,Sushi Academy,Action,t,2009-11-02,74
9751,Sengoku Basara 4: Sumeragi,Action,t,2015-07-23,74
6898,Minority Report: Everybody Runs,Action,t,2002-11-18,74
1427,Cabela'S Deer Hunt: 2004 Season,Sports,t,2003-08-27,74
6615,Medieval Games,Action,t,2009-10-20,74
2714,Diva Girls: Divas On Ice,Sports,t,2009-06-16,74
987,Big League Sports: Summer,Sports,t,2009-06-16,74
11960,Tom Clancy'S Hawx 2,Action,t,2010-09-07,74
4153,Geometry Wars 3: Dimensions Evolved,Action,t,2016-10-11,74
5476,Ju-On: The Grudge,Adventure,t,2009-10-13,74
12705,We Wish You A Merry Christmas,Action,t,2009-10-27,74
607,Assassin'S Creed: Rogue,Action,t,2014-11-11,74
9912,Shin Sangoku Musou 5 Special,Action,t,2009-10-22,74
8814,Prototype: Biohazard Bundle,Action,t,2016-10-11,74
5241,Jacqueline Wilson'S Tracy Beaker: The Game,Misc,t,2009-10-16,73
2392,Deca Sports 3,Sports,t,2010-10-26,73
397,Angel Cat Sugar,Misc,t,2009-10-16,73
4587,Hannah Montana: Music Jam,Action,t,2007-10-16,73
6697,Meikyuu Cross Blood: Reloaded,Action,t,2011-11-10,73
7915,Ninja Captains,Misc,t,2009-10-16,73
13132,You Don'T Know Jack,Misc,t,2011-02-08,72
2770,Don King Boxing,Sports,t,2009-03-31,72
7647,Ncaa Football 08,Sports,t,2007-07-17,72
5853,Knockout Kings 2002,Sports,t,2002-03-04,72
11126,Tecmo Bowl: Kickoff,Sports,t,2008-11-18,72
1811,Clever Kids: Creepy Crawlies,Action,t,2009-10-23,72
8464,Pictionary,Misc,t,2010-11-21,72
2979,Drawn To Life Collection,Misc,t,2010-11-23,72
3750,Fire Emblem Warriors,Action,t,2017-10-20,72
7199,Moxie Girlz,Misc,t,2011-10-11,72
7070,Monster Lab,Role-Playing,t,2008-11-04,72
581,Ashes Cricket 2009,Sports,t,2009-08-07,72
5400,Jikkyou Powerful Pro Yakyuu 2013,Sports,t,2013-10-24,72
2225,Dancedancerevolution Ii,Misc,t,2011-10-11,72
7604,Nba Live 16,Sports,t,2015-09-29,72
6051,Lego Marvel Super Heroes 2,Action,t,2017-11-14,72
529,Armored Core: For Answer,Simulation,t,2008-09-16,72
12012,Tony Hawk'S Motion,Sports,t,2008-11-18,72
686,Avatar: The Last Airbender,Adventure,t,2006-10-10,72
10689,Street Hoops,Sports,t,2002-08-12,72
7486,Naruto: Rise Of A Ninja,Action,t,2007-10-30,72
8750,Pro Evolution Soccer 2012,Sports,t,2011-09-27,72
183,Adventure Time: The Secret Of The Nameless Kingdom,Adventure,t,2014-10-18,72
4667,Has-Been Heroes,Action,t,2017-03-28,72
7259,Mvp Baseball 2005,Sports,t,2005-02-22,72
12016,Tony Hawk'S Pro Skater 3,Sports,t,2002-03-04,72
6897,Minna To Kimi No Piramekino!,Misc,t,2010-11-25,72
5954,L.A. Noire,Adventure,t,2017-11-14,72
418,Animal Planet: Vet Life,Simulation,t,2009-09-22,72
8786,Pro Yakyuu Spirits 6,Sports,t,2009-07-16,72
1639,Championship Foosball,Sports,t,2008-11-18,72
937,Ben 10 (2017),Action,t,2017-11-14,72
10931,Superman Returns,Action,t,2006-11-20,72
2148,Dagedar,Action,t,2011-11-08,72
3666,Fifa Street,Sports,t,2005-02-22,72
4225,Go Vacation,Misc,t,2011-10-11,72
433,Anpanman Niko Niko Party,Misc,t,2010-11-25,72
12018,Tony Hawk'S Pro Skater 5,Sports,t,2015-09-29,72
12795,Winning Post World 2010,Sports,t,2010-04-02,72
824,Batman: A Telltale Game Series,Adventure,t,2016-09-13,72
6136,Little League World Series Baseball 2009,Sports,t,2009-06-23,72
2006,Crash Of The Titans,Action,t,2007-10-25,72
5519,Just Dance 2015,Music,t,2014-10-21,72
8757,Pro Evolution Soccer 2018,Sports,t,2017-09-12,72
5389,Jikkyou Powerful Pro Yakyuu 15,Sports,t,2008-07-24,72
7875,Nicktoons Unite!,Action,t,2005-10-27,71
8008,Now! That'S What I Call Music: Dance & Sing,Misc,t,2011-11-25,71
12162,Trapt,Action,t,2005-11-01,71
10157,Sky Dancers,Action,t,2005-10-31,71
3788,Fix It: Home Improvement Challenge,Action,t,2011-11-08,71
11026,Tago Akira No Atama No Taisou Dai-3-Shuu: Fushigi No Kuni No Nazotoki Otogibanashi,Adventure,t,2009-10-08,71
12982,Wsc Real 08: World Snooker Championship,Sports,t,2008-11-14,71
2211,Dance Dance Revolution: Hottest Party 5,Misc,t,2011-11-25,71
1748,Chuck E. Cheese'S Game Room,Misc,t,2010-09-28,71
10609,Start The Party! Save The World,Misc,t,2011-11-25,71
8000,North American Hunting Extravaganza,Sports,t,2008-10-15,71
8069,Once Upon A Time,Misc,t,2010-09-28,71
11027,Tago Akira No Atama No Taisou Dai-4-Shuu: Time Machine No Nazotoki Daibouken,Adventure,t,2009-10-08,71
3675,Fifi And The Flowertots: Fifi'S Garden Party,Action,t,2011-11-04,71
3590,Fatal Frame Iii: The Tormented,Action,t,2005-11-08,71
3533,Fantastic 4: Flame On,Action,t,2005-11-08,71
5173,Invizimals: The Lost Tribes,Action,t,2011-11-04,71
1750,Chuck E. Cheese'S Playhouse,Misc,t,2010-09-28,71
12511,Viewtiful Joe: Red Hot Rumble,Action,t,2005-11-08,71
195,Afrika,Adventure,t,2009-10-06,71
3839,Football Manager Handheld 2009,Sports,t,2008-11-14,71
4293,Gormiti: The Lords Of Nature!,Adventure,t,2010-09-21,70
6307,Madagascar: Operation Penguin,Action,t,2005-11-07,70
7270,Mx Vs. Atv Untamed,Racing,t,2007-12-17,70
6004,Left Brain Right Brain 2,Misc,t,2008-12-09,70
4843,History Civil War: Secret Missions,Shooter,t,2008-11-04,70
9848,Shaun White Snowboarding: Road Trip,Sports,t,2008-11-16,70
1303,Brothers In Arms: Earned In Blood,Action,t,2005-10-28,70
9117,Rekishi Adventure: Quiz San Goku Shi Tsuu Ds,Misc,t,2008-12-11,70
8376,Petz Dogz 2,Simulation,t,2007-11-14,70
7773,Nfl 2k3,Sports,t,2002-08-12,70
11130,Teen Titans,Action,t,2005-10-16,70
7636,Ncaa College Basketball 2k3,Sports,t,2002-12-02,70
5987,Last Escort: Club Katze,Adventure,t,2010-02-18,70
7829,Nhl 2k7,Sports,t,2006-09-12,70
719,Backyard Baseball '10,Sports,t,2009-03-31,70
12830,Without Warning,Shooter,t,2005-11-01,70
13109,Yogi Bear: The Video Game,Action,t,2010-12-07,70
13115,Yomawari: Midnight Shadows,Action,t,2017-10-24,70
6066,Lego The Hobbit,Action-Adventure,t,2014-04-08,70
10457,Spongebob Squarepants: The Yellow Avenger,Action,t,2005-11-07,70
6531,Mat Hoffman'S Pro Bmx 2,Sports,t,2002-08-12,70
1424,Cabela'S Dangerous Hunts 2011,Sports,t,2010-10-26,70
8703,Prince Of Persia: The Two Thrones,Adventure,t,2005-12-01,69
2006,Crash Of The Titans,Action,t,2007-10-16,69
6925,Mlb 10: The Show,Sports,t,2010-03-02,69
9502,Saka-Tsuku Ds: Touch And Direct,Sports,t,2008-11-20,69
3650,Fifa Soccer 09,Sports,t,2008-10-14,69
9224,Ringling Bros. And Barnum & Bailey: Circus Friends,Action,t,2009-11-10,69
5929,Kurayami No Hate De Kimi O Matsu,Adventure,t,2009-10-22,69
10385,Spartan: Total Warrior,Action,t,2005-10-27,69
13100,Yattaman Ds 2: Bikkuridokkiri Animal Daibouken,Action,t,2008-10-16,69
11450,The Island Of Dr. Frankenstein,Adventure,t,2009-10-20,69
11990,Tomb Raider: Legend,Action,t,2006-04-11,69
8778,Pro Yakyuu Spirits 2011,Sports,t,2011-04-14,69
8925,R: Racing Evolution,Racing,t,2003-12-09,69
7691,Need For Speed: Hot Pursuit,Racing,t,2010-11-16,69
12912,World Series Of Poker: Tournament Of Champions 2007 Edition,Misc,t,2006-09-21,69
7651,Ncaa Football 11,Sports,t,2010-07-13,69
4330,Grand Theft Auto: Chinatown Wars,Adventure,t,2009-10-20,69
5690,Kenka Bancho: Badass Rumble,Action,t,2009-11-10,69
5484,Juiced 2: Hot Import Nights,Racing,t,2007-09-17,69
4626,Harukanaru Toki No Naka De 3: Unmei No Meikyuu Aizouban,Adventure,t,2009-10-22,69
7692,Need For Speed: Hot Pursuit 2,Racing,t,2002-10-01,69
9223,Ringling Bros. And Barnum & Bailey Circus,Action,t,2009-11-10,69
4056,Gallop & Ride!,Sports,t,2008-11-20,69
11140,Teenage Mutant Ninja Turtles: Arcade Attack,Action,t,2009-11-10,69
4182,Ghostbusters: The Video Game,Action,t,2009-10-30,69
6958,Mobile Suit Gundam 00: Gundam Meisters,Action,t,2008-10-16,69
3633,Fifa 17,Sports,t,2016-09-27,68
7804,Nhl-Legacy Edition,Sports,t,2015-09-09,68
2399,Deception Iv: The Nightmare Princess,Action,t,2015-07-14,68
5954,L.A. Noire,Adventure,t,2011-11-15,68
12294,Ty The Tasmanian Tiger 3: Night Of The Quinkan,Action,t,2005-11-01,68
1831,Club Penguin: Elite Penguin Force,Adventure,t,2008-11-25,68
5144,International Cricket 2010,Sports,t,2010-06-18,68
930,Beijing 2008,Sports,t,2008-07-08,68
5531,Just Dance: Disney Party 2,Music,t,2015-10-20,68
7559,Nba 2k15,Sports,t,2014-10-07,68
12994,Wwe 2k17,Sports,t,2016-10-11,68
7775,Nfl Blitz 20-02,Sports,t,2002-03-18,68
2350,Dead Space,Shooter,t,2008-10-13,68
796,"Barbie: Jet, Set & Style!",Misc,t,2011-09-20,68
5955,L.A. Noire: The Complete Edition,Adventure,t,2011-11-15,68
7548,Nba 07,Sports,t,2006-09-25,68
12807,Winx Club: Mission Enchantix,Adventure,t,2008-11-25,68
11255,The Adventures Of Tintin: The Game,Adventure,t,2011-12-06,68
3657,Fifa Soccer 2002,Sports,t,2001-11-01,68
599,Assassin'S Creed Origins,Action,t,2017-10-27,68
7688,Need For Speed Underground 2,Racing,t,2004-11-15,68
10990,Syberia,Adventure,t,2008-11-25,68
7231,Murasaki No Honoo,Adventure,t,2008-11-27,67
8387,Petz Rescue: Endangered Paradise,Adventure,t,2008-11-18,67
1523,Captain Tsubasa: New Kick Off,Sports,t,2010-11-04,67
5504,Junjou Romanchika: Koi No Doki Doki Daisakusen,Adventure,t,2008-11-27,67
7525,National Geographic Challenge!,Misc,t,2011-11-29,67
5868,Koihime Musou,Adventure,t,2008-11-20,67
4738,Hello Pocoyo!,Adventure,t,2008-11-27,67
335,Alone In The Dark: Inferno,Adventure,t,2008-11-18,67
7139,Motionsports,Sports,t,2010-11-04,67
11273,The Biggest Loser: Ultimate Workout,Sports,t,2010-11-02,67
4806,Higurashi No Nakukoru Ni Kizuna: Dai-Ni-Kan - Sou,Adventure,t,2008-11-27,67
4796,Higurashi Daybreak Portable,Adventure,t,2008-11-27,67
750,Bakumatsu Koihana: Shinsengumi Ds,Adventure,t,2008-11-27,67
207,Agatha Christie: Evil Under The Sun,Adventure,t,2008-11-19,67
3251,Emma In The Mountains,Adventure,t,2008-11-24,67
11272,The Biggest Loser: Challenge,Sports,t,2010-11-04,67
10088,Simple Ds Series Vol. 45: The Misshitsukara No Dasshutsu 2,Adventure,t,2008-11-27,67
5870,Koisuru Otome To Shugo No Tate: The Shield Of Aigis,Adventure,t,2008-11-20,67
7025,Monochrome Fighter: Cross Road,Adventure,t,2008-11-27,67
5709,Kevin Van Dam: Big Bass Challenge,Sports,t,2010-11-02,67
5670,Keiki J.B. Harold Jikenbo: Manhattan Requiem & Kiss Of Murder,Adventure,t,2008-11-27,67
3288,Escape Dead Island,Action,t,2014-11-18,66
4769,"Hi! Hamtaro - Little Hamsters,Big Adventures: Ham-Ham Challenge",Misc,t,2008-09-26,66
12016,Tony Hawk'S Pro Skater 3,Sports,t,2001-10-28,66
8218,Pac-Man World 2,Action,t,2005-10-09,66
9697,Secret Files 2: Puritas Cordis,Adventure,t,2009-05-08,66
11260,The Amazing Spider-Man 2 (2014),Action-Adventure,t,2014-04-29,66
7064,Monster Jam,Racing,t,2007-11-13,66
4329,Grand Theft Auto V,Action,t,2014-11-18,66
2070,"Crouching Tiger, Hidden Dragon",Action,t,2005-10-09,66
10332,Soul Eater: Medusa No Inbou,Action,t,2008-10-23,66
12142,Transformers Animated: The Game,Action,t,2008-10-21,66
7701,Need For Speed: Shift,Racing,t,2009-09-15,66
7046,Monster High: Ghoul Spirit,Adventure,t,2011-10-25,66
11541,The Lord Of The Rings: Conquest,Action,t,2009-01-13,66
8733,Prison Break: The Conspiracy,Adventure,t,2010-03-30,66
9568,Samurai Warriors 4: Empires,Action,t,2016-03-15,66
10423,Spider-Man: Web Of Shadows - Amazing Allies Edition,Action,t,2008-10-21,66
2516,Devil Kings,Action,t,2005-10-12,66
6819,Middle-Earth: Shadow Of Mordor,Action,t,2014-11-18,66
11062,Tak: Mojo Mistake,Action,t,2008-10-13,66
13229,Zathura,Adventure,t,2005-11-02,66
1927,Conflict: Desert Storm,Shooter,t,2002-09-30,66
188,Aegis Of Earth: Protonovus Assault,Action,t,2016-03-15,66
6068,Lego The Lord Of The Rings,Misc,t,2012-10-30,66
6434,Man Vs. Wild,Adventure,t,2011-04-26,66
6027,Lego Batman 2: Dc Super Heroes,Action-Adventure,t,2012-06-26,66
10017,Shugo Chara! Amunonijiro Chara Change,Action,t,2008-11-06,66
7876,Nicktoons: Attack Of The Toybots,Platform,t,2007-10-23,66
4850,Hitman: Blood Money,Action,t,2006-05-30,66
1261,Brave: A Warrior'S Tale,Action,t,2009-08-04,66
712,Back To The Future: The Game,Adventure,t,2011-10-25,66
4451,Gummy Bears Mini Golf,Sports,t,2010-09-30,65
5712,Kid Fit Island Resort,Sports,t,2010-09-27,65
9705,Secret Service: Ultimate Sacrifice,Action,t,2008-11-04,65
6309,Madden Nfl 06,Sports,t,2005-08-08,65
6190,Looney Tunes: Duck Amuck,Action,t,2007-10-09,65
9704,Secret Service,Action,t,2008-11-04,65
2542,Diego'S Build & Rescue,Action,t,2010-10-26,65
2918,Dragon Ball: Origins,Adventure,t,2008-11-04,65
356,Amazing Adventures: The Forgotten Ruins,Adventure,t,2008-11-11,65
259,Akagawa Jirou Mystery: Tsuki No Hikari,Adventure,t,2008-11-06,65
13242,Zero No Tsukaima: Maigo No Period To Ikusen No Symphony,Adventure,t,2008-11-06,65
4451,Gummy Bears Mini Golf,Sports,t,2010-10-15,65
7308,My Hero: Doctor,Action,t,2009-11-17,65
3412,Eyetoy: Operation Spy,Action,t,2005-11-15,65
604,Assassin'S Creed: Bloodlines,Action,t,2009-11-17,65
3508,Family Fest Presents: Movie Games,Action,t,2008-11-04,65
2919,Dragon Ball: Origins (Jp & Incomplete Us Sales),Adventure,t,2008-11-04,65
2548,Digging For Dinosaurs,Action,t,2010-10-26,65
3629,Fifa 13,Sports,t,2012-09-25,65
1530,Care Bears - Care Quest,Action,t,2005-11-15,65
5510,Jurassic Park: The Game,Action,t,2011-11-15,64
10122,Singstar Queen,Misc,t,2009-08-04,64
7299,My Fitness Coach: Club,Sports,t,2011-03-18,64
11349,The Fairly Odd Parents: Breakin Da Rules,Platform,t,2003-11-03,64
4627,Harukanaru Toki No Naka De 4,Adventure,t,2008-06-19,64
6310,Madden Nfl 07,Sports,t,2006-11-14,64
6110,Like Life Every Hour,Adventure,t,2009-10-01,64
9412,Rugby League Live 3,Sports,t,2015-09-17,64
4814,Hiiro No Kakera: Shin Tamayori Hime Denshou,Adventure,t,2009-10-01,64
7014,Momotsuki: Koufuu No Misasagi-Ou,Adventure,t,2009-10-01,64
4940,How To Train Your Dragon,Action,t,2010-03-23,64
11614,The Saboteur,Action,t,2009-12-08,64
6594,Medal Of Honor Heroes 2,Shooter,t,2007-11-13,64
10441,Spongebob'S Boating Bash,Misc,t,2010-03-02,64
8024,Obscure: The Aftermath,Adventure,t,2009-09-29,64
189,Aeon Flux,Action,t,2005-11-15,64
6618,Medieval Moves: Deadmund'S Quest,Action,t,2011-11-15,64
9881,Shin Hisui No Shizuku: Hiiro No Kakera 2,Adventure,t,2009-10-01,64
7566,Nba 2k6,Action,t,2005-11-16,64
11416,The Hustle: Detroit Streets,Sports,t,2006-04-26,64
9942,Shinobi,Action,t,2011-11-15,64
1857,Codename: Kids Next Door: Operation V.I.D.E.O.G.A.M.E.,Platform,t,2005-10-11,64
4812,Hiiro No Kakera: Aizouban,Adventure,t,2009-10-01,64
966,Beyblade: Metal Masters,Action,t,2011-11-15,64
7140,Motionsports: Adrenaline,Sports,t,2011-11-01,64
12502,Victorious: Time To Shine,Action,t,2011-11-15,64
4811,Hiiro No Kakera Twin Pack,Adventure,t,2009-10-01,64
1252,Bratz: Forever Diamondz,Adventure,t,2006-09-18,64
11525,The Legend Of Spyro: Dawn Of The Dragon,Platform,t,2008-10-21,64
5941,Kurupoto Cool Cool Stars,Action,t,2007-10-07,64
11093,Tamagotchi No Narikiri Challenge,Action,t,2010-11-11,64
6797,Metropolis Crimes,Adventure,t,2009-10-01,64
3525,Family Trainer: Treasure Adventure,Sports,t,2010-10-29,64
3121,Dynasty Warriors 5: Xtreme Legends,Action,t,2005-11-16,64
7683,Need For Speed Carbon,Racing,t,2006-10-31,64
1466,Call Of Duty: Black Ops,Shooter,t,2010-11-09,64
8145,Osouji Sentai Clean Keeper H,Adventure,t,2009-10-01,64
5918,Kung-Fu: High Impact,Action,t,2011-11-15,64
5602,Kane & Lynch: Dead Men,Shooter,t,2007-11-13,64
11960,Tom Clancy'S Hawx 2,Action,t,2010-11-09,64
7923,Ninja Reflex,Action,t,2008-03-04,64
9915,Shin Sangoku Musou Online: Souten Ranbu,Action,t,2010-11-11,64
3799,Flingsmash,Action,t,2010-11-07,64
2367,Deadpool,Action,t,2015-11-18,64
9412,Rugby League Live 3,Sports,t,2015-09-24,64
6224,Lost: Via Domus,Action,t,2008-02-26,64
10278,Sonic'S Ultimate Genesis Collection,Misc,t,2009-02-10,64
12677,Way Of The Samurai 3,Action,t,2009-10-13,63
5303,Janline,Misc,t,2008-09-25,63
7600,Nba Live 09 All-Play,Sports,t,2008-10-07,63
12294,Ty The Tasmanian Tiger 3: Night Of The Quinkan,Action,t,2005-10-11,63
2731,Do-Konjou Shougakussei: Bon Bita - Hadaka No Choujou Ketsusen!! Bita Vs. Dokuro Dei!,Action,t,2010-11-04,63
3129,Dynasty Warriors 8: Xtreme Legends,Misc,t,2014-03-25,63
4589,Hannah Montana: Spotlight World Tour,Action,t,2007-11-06,63
786,Barbie Fashion Show: An Eye For Style,Misc,t,2008-09-23,63
2593,Disaster: Day Of Crisis,Action,t,2008-10-24,63
10121,Singstar Pop Vol.2,Misc,t,2008-09-23,63
9537,Samba De Amigo,Misc,t,2008-09-23,63
10560,Star Wars The Clone Wars: Lightsaber Duels,Action,t,2008-11-11,63
9029,Rayman Arena,Racing,t,2002-09-24,63
12367,Uncharted 2: Among Thieves,Action,t,2009-10-13,63
6068,Lego The Lord Of The Rings,Misc,t,2012-11-13,63
11442,The Incredibles,Action,t,2004-10-31,63
8577,Polar Bowler,Sports,t,2008-10-07,63
1396,Buzz! Quiz Tv,Misc,t,2008-09-23,63
12678,Way Of The Samurai 3,Action,t,2009-10-13,63
11701,The Story Of Noah'S Ark,Action,t,2010-11-02,63
3944,From Russia With Love,Action,t,2005-11-15,63
12801,Winter Sports 2011,Sports,t,2011-02-25,63
1422,Cabela'S Dangerous Hunts 2,Action,t,2005-11-15,63
8779,Pro Yakyuu Spirits 2012,Sports,t,2012-03-29,63
687,Avatar: The Last Airbender - Into The Inferno,Adventure,t,2008-11-12,63
8104,Ontamarama,Action,t,2007-11-06,63
7324,My Sat Coach With The Princeton Review,Misc,t,2008-09-23,63
7158,Motogp 08,Racing,t,2008-10-28,63
4132,Gekijouban Macross F: Itsuwarino Utahime - Hybrid Pack,Action,t,2010-10-07,63
12455,Valkyria Chronicles 4,Role-Playing,t,2018-09-25,63
5025,Ikamono Tantei: Ikatan,Adventure,t,2008-11-13,63
11587,The Penguins Of Madagascar,Action,t,2010-11-02,63
10559,Star Wars The Clone Wars: Jedi Alliance,Action,t,2008-11-11,63
965,Beyblade: Metal Fusion - Battle Fortress,Action,t,2010-11-02,63
4290,Goosebumps Horrorland,Adventure,t,2008-11-04,63
1395,Buzz! Master Quiz,Misc,t,2008-09-23,63
10045,Silent Hill: Origins,Action,t,2007-11-06,63
9281,Robotech: Battlecry,Shooter,t,2002-09-25,62
9324,Rocky: Legends,Action,t,2004-09-28,62
11395,The Hardy Boys: The Hidden Theft,Adventure,t,2009-09-22,62
6299,Macross Ultimate Frontier,Action,t,2009-10-01,62
3735,Final Fantasy Xiii,Role-Playing,t,2010-03-09,62
13027,X-Blades,Action,t,2009-02-10,62
7843,Nhl Faceoff 2003,Sports,t,2002-11-05,62
592,Assassin'S Creed Ii: Complete Edition,Action,t,2010-06-04,62
9622,Scene It? Lights Camera Action,Misc,t,2007-11-06,62
2852,Dr. Seuss: How The Grinch Stole Christmas,Action,t,2007-11-08,62
2329,Dead Island,Action,t,2011-09-06,62
1007,Biohazard: Revival Selection,Action,t,2011-09-08,62
4699,Headhunter: Redemption,Action,t,2004-09-21,62
8688,Prey The Stars,Action,t,2008-10-07,62
3220,"Element Girl: Love, Fashion And Friends",Adventure,t,2008-11-14,62
8659,Power Rangers: Super Legends,Action,t,2007-11-06,62
5276,James Patterson Women'S Murder Club: Games Of Passion,Adventure,t,2009-09-22,62
5524,Just Dance 3,Misc,t,2011-10-07,62
8745,Pro Evolution Soccer 2008,Sports,t,2008-03-11,62
7451,Naruto Shippuden: Naruto Vs. Sasuke,Action,t,2010-11-16,62
2048,Crime Life: Gang Wars,Action,t,2005-11-22,62
6085,Let'S Play Ballerina,Sports,t,2010-06-08,62
2698,Disney Sports Football,Sports,t,2002-11-05,62
12802,Winter Sports 3: The Great Tournament,Sports,t,2011-03-29,62
9828,Shadows Of The Damned,Action,t,2011-06-21,62
10240,Snoopy Ds: Snoopy To Nakama Tachi Ni Ai Ni Ikou!,Action,t,2008-10-09,62
11520,The Legend Of Kage 2,Action,t,2008-10-08,62
7447,Naruto Shippuden: Dragon Blade Chronicles,Action,t,2010-11-16,62
9070,Real World Golf,Sports,t,2006-04-11,62
414,Animal Kingdom: Wildlife Expedition,Adventure,t,2009-09-22,62
4718,Hell'S Kitchen: The Game,Simulation,t,2008-09-09,62
2981,Drawn To Life: The Next Chapter,Puzzle,t,2009-10-27,62
1313,Brunswick Pro Bowling,Sports,t,2007-08-28,62
5884,Kong: The 8th Wonder Of The World,Action,t,2005-11-21,61
12063,Tornado,Action,t,2008-10-27,61
12370,Undead Knights,Action,t,2009-09-29,61
7327,My Spanish Coach,Misc,t,2007-11-06,61
327,All Star Cheer Squad 2,Sports,t,2009-10-27,61
6499,Marvel Super Hero Squad: The Infinity Gauntlet,Action,t,2011-10-11,61
7195,Mountain Sports,Sports,t,2009-10-27,61
2853,Dr. Slump & Arale-Chan,Adventure,t,2008-10-30,61
2095,Csi: Deadly Intent - The Hidden Cases,Adventure,t,2009-10-27,61
11054,Taishou Yakyuujou: Otome Tatsuno Seishun Nikki,Adventure,t,2009-10-29,61
10747,Suigetsu Portable,Adventure,t,2008-10-30,61
7920,Ninja Gaiden Sigma 2,Action,t,2009-09-29,61
12562,Vitamin Y,Adventure,t,2008-10-30,61
308,Aliens: Infestation,Action,t,2011-10-11,61
13201,Yumemi Hakusho: Second Dream,Adventure,t,2008-10-30,61
9973,Shirogane No Soleil: Contract To The Future - Mirai E No Keiyaku,Adventure,t,2008-10-23,61
9123,Remington Great American Bird Hunt,Sports,t,2009-10-27,61
9744,Sekirei: Mirai Kara No Okurimono,Adventure,t,2009-10-29,61
4767,Hi Hi Puffy Amiyumi: Kaznapped,Action,t,2005-11-20,61
1811,Clever Kids: Creepy Crawlies,Action,t,2009-10-02,61
11827,Tim Stockdale'S Riding Star,Sports,t,2008-09-26,61
4331,Grand Theft Auto: Episodes From Liberty City,Adventure,t,2009-10-29,61
13104,Yes! Precure 5 Go Go Zenin Shu Go! Dream Festival,Action,t,2008-10-30,61
5568,Kaizoku Sentai Gokaiger: Atsumete Henshin! 35 Sentai!,Action,t,2011-11-17,61
9619,Scarlett: Nichijou No Kyoukaisen,Adventure,t,2008-10-30,61
7300,My French Coach,Misc,t,2007-11-06,61
12671,Water Sports,Sports,t,2009-10-27,61
5725,Kids Learn Math: A+ Edition,Misc,t,2011-10-04,61
8689,Pri-Saga! Portable,Adventure,t,2009-10-29,61
1739,Chronicles Of Mystery: Curse Of The Ancient Temple,Adventure,t,2009-10-27,61
11771,Theresia...,Adventure,t,2008-10-30,61
8174,Outlaw Golf,Sports,t,2002-10-30,61
297,Alien Monster Bowling League,Sports,t,2009-10-27,61
2678,Disney Fairies: Tinker Bell And The Lost Treasure,Adventure,t,2009-10-27,61
12158,Transworld Snowboarding,Sports,t,2002-10-29,61
7385,Nadepro!! Kisama No Seiyuu Yatte Miro!,Adventure,t,2009-10-29,61
189,Aeon Flux,Action,t,2005-11-17,61
4016,G1 Jockey Wii 2008,Sports,t,2008-09-26,61
2676,Disney Fairies: Tinker Bell,Adventure,t,2008-10-28,61
8388,Petz Rescue: Ocean Patrol,Adventure,t,2008-10-28,61
5726,Kids Learn Music A+ Edition,Misc,t,2011-10-04,61
9845,Shaun The Sheep: Off His Head,Adventure,t,2009-10-23,61
12340,Ultimate I Spy,Adventure,t,2008-10-29,61
4232,"Go, Diego, Go!: Great Dinosaur Rescue",Action,t,2008-10-27,61
9092,Red Dead Redemption,Action,t,2011-10-11,61
8505,Pirates: Hunt For Blackbeard'S Booty,Adventure,t,2008-10-28,61
4887,Horrid Henry: Missions Of Mischief,Adventure,t,2010-08-31,60
11345,The Evil Within 2,Action,t,2017-10-13,60
7583,Nba Inside Drive 2003,Sports,t,2002-10-31,60
2345,Dead Rising,Action,t,2016-09-13,60
5410,Jikkyou Powerful Pro Yakyuu 9,Sports,t,2002-07-18,60
1004,Binary Domain,Action,t,2012-02-28,60
11784,Thor: God Of Thunder,Action,t,2011-05-03,60
12634,Warhammer: The End Times - Vermintide,Action,t,2016-10-04,60
1303,Brothers In Arms: Earned In Blood,Action,t,2005-10-07,60
11259,The Amazing Spider-Man (2012),Action-Adventure,t,2012-06-26,60
2789,Doom 3 Bfg Edition,Misc,t,2012-10-16,60
12308,Uefa Champions League 2006-2007,Sports,t,2007-03-20,60
8443,Phineas And Ferb: Across The 2nd Dimension,Action,t,2011-08-02,60
3787,Fit In Six,Sports,t,2011-03-15,60
3122,Dynasty Warriors 6,Action,t,2008-02-19,60
928,Bee Movie Game,Action,t,2007-11-05,60
6873,Minecraft: Story Mode,Adventure,t,2015-10-27,60
12824,Wipeout: The Game,Misc,t,2010-06-22,60
7636,Ncaa College Basketball 2k3,Sports,t,2002-11-02,60
7557,Nba 2k13,Sports,t,2012-10-02,60
8843,Pure Futbol,Sports,t,2010-06-01,60
1054,Blades Of Time,Action,t,2012-03-06,60
9873,Shimano Xtreme Fishing,Sports,t,2009-10-20,60
11263,The Backyardigans,Adventure,t,2009-10-26,60
12667,Watch Dogs,Action-Adventure,t,2014-05-27,60
12310,Uefa Euro 2008 Austria-Switzerland,Sports,t,2008-05-19,60
3924,Friday The 13th: The Game,Action,t,2017-10-13,60
10509,Ssx Tricky,Sports,t,2002-10-31,60
1839,Code Geass: Hangyaku No Lelouch - Lost Colors,Adventure,t,2008-03-27,60
1929,Conflict: Global Terror,Shooter,t,2005-10-04,60
1606,Catwoman,Action,t,2004-07-20,60
12019,Tony Hawk'S Project 8,Sports,t,2006-11-07,60
6820,Middle-Earth: Shadow Of War,Action,t,2017-10-10,60
12041,Top Gun: Hard Lock,Action,t,2012-03-06,60
7814,Nhl 15,Sports,t,2014-09-09,60
10440,Spongebob'S Atlantis Squarepantis,Adventure,t,2007-10-23,60
9629,Science Papa,Misc,t,2009-07-14,60
10409,Sphinx And The Cursed Mummy,Adventure,t,2003-11-10,60
4014,G1 Jockey 4 2008,Sports,t,2008-09-26,60
713,Backbreaker,Sports,t,2010-06-01,60
9689,Seaworld Adventure Parks: Shamu'S Deep Sea Adventure,Adventure,t,2005-11-01,60
1922,Condemned 2: Bloodshot,Adventure,t,2008-03-11,60
9475,Safari Adventures: Africa,Adventure,t,2009-10-27,60
12510,Viewtiful Joe: Double Trouble!,Action,t,2005-11-18,60
12119,Toxic Grind,Sports,t,2002-10-27,59
8072,One Piece Unlimited Cruise 2: Awakening Of A Hero,Adventure,t,2009-09-25,59
3810,Flips: Too Ghoul For School,Misc,t,2009-12-04,59
7626,Nba Starting Five,Sports,t,2002-10-28,59
3804,Flips: Artemis Fowl,Misc,t,2009-12-04,59
10108,Singstar Chartbreaker,Misc,t,2009-12-04,59
3805,Flips: Cathy Cassidy,Misc,t,2009-12-04,59
5425,Jillian Michaels Fitness Ultimatum 2010,Sports,t,2009-10-20,59
3806,Flips: Enid Blyton - Faraway Tree Stories,Misc,t,2009-12-04,59
7551,Nba 10 The Inside,Sports,t,2009-10-06,59
8343,Peppa Pig: The Game,Misc,t,2009-12-04,59
2648,Disney'S Magical Quest 2 Starring Mickey And Minnie,Action,t,2003-11-12,59
2387,Deathrow: Underground Team Combat,Sports,t,2002-10-22,58
12238,Tsumiki: Block Drop Mania,Action,t,2011-11-18,58
8125,Ore-Sama Kingdom: Koi No Manga Mo Debut O Mokushise! Doki Doki Love Lesson,Action,t,2011-11-23,58
1833,Club Penguin: Game Day!,Misc,t,2010-09-21,58
1243,Brain Quest: Grades 5 & 6,Misc,t,2008-09-22,58
11825,Tim Burton'S The Nightmare Before Christmas: Oogie'S Revenge,Adventure,t,2005-10-10,58
10977,Swingerz Golf,Sports,t,2002-10-23,58
10178,Sleeping Dogs: Definitive Edition,Action,t,2014-10-14,58
2346,Dead Rising 2,Action,t,2016-09-27,58
7862,Nickelodeon Dance,Sports,t,2011-11-08,58
9126,Remington Super Slam Hunting: North America,Sports,t,2010-11-09,58
306,Aliens Vs Predator: Requiem,Action,t,2007-11-13,58
6763,Metal Gear Solid: Portable Ops Plus,Action,t,2007-11-13,58
5425,Jillian Michaels Fitness Ultimatum 2010,Sports,t,2009-10-06,58
4758,Heroes Over Europe,Simulation,t,2009-09-15,58
7863,Nickelodeon Fit,Sports,t,2010-11-08,58
2185,Danball Senki Boost,Action,t,2011-11-23,58
5728,Kidz Bop Dance Party! The Video Game,Misc,t,2010-09-21,58
6340,Mafia Ii,Action,t,2010-08-24,58
5804,Kingdom: Ikkitousen No Ken,Action,t,2010-11-25,58
12541,Virtua Tennis 3,Sports,t,2007-03-20,58
602,Assassin'S Creed The Ezio Collection,Action,t,2016-11-15,58
4503,Hail To The Chimp,Misc,t,2008-06-24,58
9124,Remington Super Slam Hunting: Africa,Sports,t,2010-11-09,58
9167,Resonance Of Fate,Role-Playing,t,2010-03-16,58
10537,Star Wars Battlefront,Shooter,t,2004-09-20,58
7626,Nba Starting Five,Sports,t,2002-10-27,58
8188,Overcooked,Action,t,2016-11-15,58
825,Batman: Arkham Asylum,Action,t,2009-08-25,58
3120,Dynasty Warriors 5 Empires,Action,t,2006-03-28,58
5925,Kung Zhu,Action,t,2010-11-23,58
1242,Brain Quest: Grades 3 & 4,Misc,t,2008-09-22,58
2870,Dragon Age Origins: Awakening,Role-Playing,t,2010-03-16,58
5741,Kill.Switch,Shooter,t,2003-10-28,58
12587,Wallace & Gromit In Project Zoo,Platform,t,2003-10-14,58
1633,Champion Jockey: G1 Jockey & Gallop Racer,Sports,t,2011-11-08,58
11782,Thomas & Friends: Hero Of The Rails,Misc,t,2010-06-29,58
12668,Watch Dogs 2,Action,t,2016-11-15,58
9599,Satisfashion,Misc,t,2010-06-08,58
3895,Fracture,Shooter,t,2008-10-07,58
10972,Swat: Global Strike Team,Shooter,t,2003-10-29,58
1884,Combat Elite: Wwii Paratroopers,Shooter,t,2005-11-21,58
500,Are You Smarter Than A 5th Grader?,Misc,t,2007-11-12,57
3458,Face Training,Misc,t,2010-09-24,57
7549,Nba 08,Sports,t,2007-09-26,57
6742,Metal Fight Beyblade Portable: Chouzetsu Tensei Vulcan Horses,Action,t,2010-10-21,57
1499,Canvas 3: Tanshoku No Pastel,Adventure,t,2009-09-17,57
3039,Ds Bungaku Zenshuu,Misc,t,2007-10-18,57
2015,Crayola Scoot,Sports,t,2018-10-16,57
8208,Pac-Man And The Ghostly Adventures,Platform,t,2013-10-29,57
2830,Double Dragon Advance,Action,t,2003-11-14,57
10208,Smarty Pants,Misc,t,2007-11-13,57
9614,Sbk09 Superbike World Championship,Racing,t,2009-05-29,57
5814,Kintaihi Shounen No Jiken: Kyakusen Eris-Gou No Sangeki,Adventure,t,2009-09-17,57
8107,Ookami To Koushinryou: Omiowataru Kaze,Adventure,t,2009-09-17,57
9589,Sansuu Puzzle De Migaku: Gakken Otona No Shikou Sense,Misc,t,2007-10-18,57
11988,Tomb Raider: Anniversary,Action,t,2007-11-13,57
1493,Candace Kane'S Candy Factory,Action,t,2008-11-13,57
12017,Tony Hawk'S Pro Skater 4,Sports,t,2002-10-28,57
6050,Lego Marvel Super Heroes,Action,t,2013-10-22,57
10702,Strike Witches 2: Iyasu Naosu Punipunisuru,Action,t,2010-10-21,57
7672,Ncaa March Madness 08,Sports,t,2007-12-11,57
573,Arthur And The Revenge Of Maltazard,Misc,t,2010-09-24,57
12292,Ty The Tasmanian Tiger,Platform,t,2002-09-10,57
11422,The Idolm@Ster: Dearly Stars,Adventure,t,2009-09-17,57
767,Balls Of Fury,Sports,t,2007-09-27,57
11665,The Sims 3: Pets,Simulation,t,2011-10-18,57
11104,Tantei Jinguuji Saburo: Hai To Diamond,Adventure,t,2009-09-17,57
8094,Onimusha Essentials,Action,t,2008-11-13,57
2680,Disney Golf,Sports,t,2002-10-16,57
6277,M&M'S Adventure,Adventure,t,2008-12-02,56
963,Beyblade Vforce: Ultimate Blader Jam,Action,t,2003-11-18,56
85,428: Fuusa Sareta Shibuya De,Adventure,t,2008-12-04,56
2005,Crash Nitro Kart,Racing,t,2003-11-11,56
3215,El Shaddai: Ascension Of The Metatron,Action,t,2011-08-16,56
629,Asura'S Wrath,Action,t,2012-02-21,56
3523,Family Party: Fitness Fun,Sports,t,2010-09-21,56
8209,Pac-Man And The Ghostly Adventures 2,Platform,t,2014-10-14,56
7528,Natsuiro High School: Seishun Hakusho,Action,t,2015-06-04,56
2851,Dr. Seuss: Green Eggs And Ham,Action,t,2003-11-17,56
12005,Tonka Rescue Patrol,Action,t,2003-11-18,56
12984,Wsc Real 09: World Snooker Championship,Sports,t,2009-04-03,56
10570,Star Wars: Flight Of The Falcon,Action,t,2003-11-18,56
9035,Rayman Raving Rabbids 2,Misc,t,2007-11-13,56
6442,Manhunt,Action,t,2003-11-18,56
1387,Busy Scissors,Simulation,t,2010-10-26,56
5426,Jillian Michaels Fitness Ultimatum 2011,Sports,t,2010-11-16,56
836,Batman: Rise Of Sin Tzu,Action,t,2003-11-11,56
9282,Robotech: Invasion,Shooter,t,2004-10-05,56
11735,The Voice,Music,t,2014-10-21,56
2518,Devil May Cry 4,Action,t,2008-02-05,56
10205,Smart Kid'S Gameclub,Misc,t,2007-11-16,56
1202,Boogie,Misc,t,2007-11-12,56
4246,God Eater Resurrection,Action,t,2016-10-01,56
1816,Clive Barker'S Jericho,Shooter,t,2007-10-23,56
86,428: Fuusa Sareta Shibuya De,Adventure,t,2009-09-17,56
2395,Deca Sports Freedom,Sports,t,2010-11-18,56
8435,Pharaonic,Action,t,2017-09-29,56
1930,Conflict: Vietnam,Shooter,t,2004-10-05,56
723,Backyard Nba Basketball,Sports,t,2007-09-25,56
7422,Nancy Drew: The White Wolf Of Icicle Creek,Adventure,t,2008-12-02,56
5427,Jim Henson'S Muppets In Spy Muppets: License To Croak,Action,t,2003-11-18,56
3250,Emma At The Farm,Adventure,t,2008-12-03,56
8983,Rampage: Total Destruction,Action,t,2006-04-24,56
8240,Pachitte Chonmage Tatsujin 13: Pachinko Hissatsu Shigotojin Iii,Misc,t,2007-11-22,56
8750,Pro Evolution Soccer 2012,Sports,t,2011-11-08,56
5923,Kung Fu Panda: Showdown Of Legendary Legends,Action,t,2015-12-01,56
4792,High Velocity Bowling,Sports,t,2010-09-21,56
12605,Wantame Music Channel: Doko Demo Style,Misc,t,2007-11-22,56
9065,Real Rode,Adventure,t,2008-12-04,56
1926,Conflict: Denied Ops (Jp Sales),Action,t,2008-02-12,56
3153,Ea Sports Active Nfl Training Camp,Sports,t,2010-11-16,56
9639,Scooby-Doo! Who'S Watching Who?,Adventure,t,2006-10-16,56
5312,Jenga World Tour,Misc,t,2007-11-13,56
1313,Brunswick Pro Bowling,Sports,t,2010-09-21,56
351,Amagami,Adventure,t,2009-03-19,55
11102,Tantei Jinguuji Saburo Ds: Fuserareta Shinjitsu,Adventure,t,2009-03-19,55
9850,Shawn Johnson Gymnastics,Sports,t,2010-11-16,55
13138,Your Memories Off: Girl'S Style,Adventure,t,2009-02-26,55
378,Amf Bowling World Lanes,Sports,t,2008-11-25,55
1663,Chaos;Head Noah,Adventure,t,2009-02-26,55
471,Arabians Lost: The Engagement On Desert,Adventure,t,2009-09-10,55
10142,Skate,Sports,t,2007-09-24,55
10974,Sweet Honey Coming,Adventure,t,2009-09-03,55
13090,Yamamura Misa Suspense: Kyoto Kuramayama Shou Satsujin Jiken,Adventure,t,2009-09-03,55
693,Ayaka Shibito Portable,Adventure,t,2009-03-19,55
723,Backyard Nba Basketball,Sports,t,2003-10-21,55
5577,Kamen No Maid Guy: Boyoyon Battle Royale,Adventure,t,2009-02-26,55
9531,Sam & Max: Season One,Adventure,t,2008-10-15,55
4330,Grand Theft Auto: Chinatown Wars,Adventure,t,2009-03-17,55
4941,How To Train Your Dragon 2,Action-Adventure,t,2014-06-10,55
10145,Skate City Heroes,Sports,t,2008-11-24,55
8169,Ouran Koukou Host Bu Ds,Adventure,t,2009-03-19,55
3975,Fullmetal Alchemist: Trading Card Game,Misc,t,2007-10-15,55
5677,Kemeko Deluxe! Ds: Yome To Meka To Otoko To Onna,Adventure,t,2009-02-26,55
12304,Uchida Yasuou Mystery: Meitantei Senken Mitsuhiko Series: Fukutoshin Renzoku Satsujin Jiken,Adventure,t,2009-02-26,55
4854,Hitsuji Kunnara Kiss Shite Ageru *,Adventure,t,2009-03-19,55
12800,Winter Sports 2: The Next Challenge,Sports,t,2008-11-25,55
9035,Rayman Raving Rabbids 2,Misc,t,2007-11-15,55
11396,The Hardy Boys: Treasure On The Tracks,Adventure,t,2009-09-01,55
6895,Minna No Sukkiri,Sports,t,2009-10-01,55
5815,Kira * Kira: Rock 'N' Roll Show,Adventure,t,2009-02-26,55
11792,Thrillville: Off The Rails,Strategy,t,2007-10-09,55
4625,Harukanaru Toki No Naka De 3 With Izayoiki Aizouban,Adventure,t,2009-03-19,55
12784,Winning Post 7 2009,Sports,t,2009-10-01,55
4861,Holly Hobbie & Friends,Misc,t,2007-10-08,54
7637,Ncaa College Football 2k3,Sports,t,2002-09-09,54
2391,Deca Sports 2,Sports,t,2009-09-29,54
11490,The Last Airbender,Action,t,2010-06-29,54
1140,Blowout,Shooter,t,2003-11-26,54
6272,Lux-Pain (Jp Sales),Adventure,t,2009-03-24,54
3900,Franklin'S Great Adventures,Action,t,2006-04-01,54
3802,Flipper Critters,Misc,t,2007-10-09,54
12155,Transformers: War For Cybertron,Action,t,2010-06-22,54
10454,Spongebob Squarepants: Plankton'S Robotic Revenge,Platform,t,2013-10-22,54
2620,Dishonored: Death Of The Outsider,Action,t,2017-09-15,54
8025,Occultic;Nine,Adventure,t,2017-11-09,54
1292,Broken Sword: Shadows Of The Templars - The Director'S Cut,Adventure,t,2009-03-24,54
10331,Soul Eater: Battle Resonance,Action,t,2009-01-29,54
4138,Gendai Daisenryaku: Isshoku Sokuhatsu - Gunji Balance Houkai,Simulation,t,2009-08-27,54
5011,Idol Janshi Suchie-Pai Iv,Misc,t,2007-10-11,54
4498,Hachi-One Diver Ds,Adventure,t,2009-03-26,54
11323,The Dog Island,Adventure,t,2008-10-14,54
7345,Mysims Party,Simulation,t,2009-03-10,54
903,"Bcfx: The Black College Football Xperience, The Doug Williams Edition",Sports,t,2009-09-29,54
3310,Espn Nba Basketball,Sports,t,2003-10-21,54
4922,Hot Wheels: Stunt Track Challenge,Racing,t,2004-11-10,54
6271,Lux-Pain,Adventure,t,2009-03-24,54
589,Assassin'S Creed Chronicles,Action,t,2016-02-09,54
13070,Xiii,Shooter,t,2003-11-24,54
1217,Borderlands: Game Of The Year Edition,Shooter,t,2010-10-12,54
10144,Skate 3,Sports,t,2010-05-11,54
665,Attack On Titan 2,Action,t,2018-03-20,54
86,428: Fuusa Sareta Shibuya De,Adventure,t,2009-09-03,54
8831,Pump It Up: Exceed,Misc,t,2005-08-29,54
69,"3 In 1: Solitaire, Mahjong & Tangram",Misc,t,2010-11-26,54
326,All Star Cheer Squad,Sports,t,2008-11-24,54
7661,Ncaa Football 2005,Sports,t,2004-07-15,54
11598,The Price Is Right,Misc,t,2008-09-09,54
1812,Clever Kids: Dino Land,Misc,t,2007-11-02,54
4466,Gundam Breaker 3,Action,t,2016-03-03,54
12098,Toudou Ryuunosuke Tantei Nikki: Aen No Koufune,Adventure,t,2009-03-26,54
4692,Hayate No Gotoku! Nightmare Paradise,Adventure,t,2009-03-26,54
2024,Crayon Shin-Chan: Uchuu De Achoo!? Yuujou No Oba-Karate!!,Action,t,2011-12-01,54
12763,Will O' Wisp Portable,Adventure,t,2009-03-26,54
3310,Espn Nba Basketball,Sports,t,2003-10-22,54
1470,Call Of Duty: Finest Hour,Shooter,t,2004-11-16,54
1545,Cars,Racing,t,2006-06-06,54
11160,Telly Addicts,Misc,t,2007-11-02,54
11199,Terminator 3: Rise Of The Machines,Action,t,2003-11-18,54
3118,Dynasty Warriors 4: Xtreme Legends,Action,t,2003-11-04,54
2308,Davis Cup Tennis,Sports,t,2002-10-14,54
6508,Marvel: Ultimate Alliance,Role-Playing,t,2006-10-24,54
196,Afro Samurai,Action,t,2009-01-27,54
4616,Harry Potter And The Order Of The Phoenix,Adventure,t,2007-06-25,54
7534,Naughty Bear,Action,t,2010-06-29,54
3513,Family Fun Football,Sports,t,2009-09-29,54
1291,Broken Sword: Shadow Of The Templars - The Director'S Cut,Adventure,t,2009-03-24,54
5440,Jissen Pachi-Slot Hisshouhou! Hokuto No Ken 2,Misc,t,2007-10-11,54
1133,Bloodrayne 2,Shooter,t,2004-10-12,54
2749,Dokapon Kingdom,Role-Playing,t,2008-10-14,54
10011,Shrek The Third,Action,t,2007-05-15,54
11291,The Cheetah Girls: Pop Star Sensations,Misc,t,2007-10-09,54
6526,Master Jin Jin'S Iq Challenge,Misc,t,2007-10-08,54
261,Akai Ito Destiny Ds,Adventure,t,2009-03-26,54
4054,Galileo,Adventure,t,2008-10-16,54
10964,Suzumiya Haruhi No Heiretsu,Adventure,t,2009-03-26,54
2629,Disney'S Brother Bear,Action,t,2003-11-04,54
13007,Wwe Smackdown Vs. Raw 2010,Fighting,t,2009-10-20,54
12563,Vitamin Z,Adventure,t,2009-03-26,54
6590,Medal Of Honor,Shooter,t,2010-10-12,54
3285,Eragon,Role-Playing,t,2006-11-14,54
12762,Will O' Wisp Ds,Adventure,t,2009-03-26,54
804,Baseball Blast!,Sports,t,2009-09-28,54
1547,Cars 3: Driven To Win,Racing,t,2017-06-13,54
3142,Dynasty Warriors: Gundam 3,Action,t,2011-06-28,54
7696,Need For Speed: Nitro,Racing,t,2009-11-02,54
1562,Cartoon Network: Punch Time Explosion Xl,Fighting,t,2011-11-08,54
6411,Major League Baseball 2k6,Sports,t,2006-04-03,54
3939,Frogger: Ancient Shadow,Platform,t,2005-09-27,54
1815,Clever Kids: Pony World,Misc,t,2007-11-02,54
2730,Dmc Devil May Cry: Definitive Edition,Action,t,2015-03-10,54
10002,Shrek / Shrek 2 2-In-1 Gameboy Advance Video,Misc,t,2007-10-09,54
4799,Higurashi No Naku Koro Ni Iki,Action,t,2015-03-12,54
10206,Smart Kid'S Mega Game Mix,Misc,t,2009-09-29,53
5262,Jake Power: Handyman,Adventure,t,2009-03-11,53
3400,Eyecreate,Misc,t,2007-10-23,53
11237,Texas Hold 'Em Poker Pack,Misc,t,2005-10-25,53
4619,Harry Potter Collection,Misc,t,2007-10-23,53
11900,Tokimeki Memorial Girl'S Side 1st Love Plus,Adventure,t,2009-03-12,53
12152,Transformers: Revenge Of The Fallen -- Autobots,Action,t,2009-06-23,53
4902,Hot 'N' Cold,Action,t,2009-06-23,53
10273,Solitaire Overload,Misc,t,2007-10-26,53
12368,Uncharted: Drake'S Fortune,Action,t,2007-11-16,53
7487,Naruto: The Broken Bond,Action,t,2008-11-18,53
1400,Buzz! The Mega Quiz,Misc,t,2007-10-30,53
1684,Chessmaster: The Art Of Learning,Misc,t,2007-10-23,53
3355,Ever17 〜The Out Of Infinity〜 Premium Edition,Adventure,t,2009-03-12,53
1157,Bob The Builder: Festival Of Fun,Action,t,2008-11-14,53
3123,Dynasty Warriors 6 (Jp Sales),Action,t,2008-11-18,53
12579,Wacky World Of Sports,Sports,t,2009-09-22,53
10123,Singstar R&B,Misc,t,2007-10-26,53
914,Beaterator,Misc,t,2009-10-01,53
5598,Kamiyo Gakuen Makorouku Kurunugia,Adventure,t,2008-10-09,53
5142,Interactive Storybook Ds Series 3,Misc,t,2007-10-26,53
7398,Namco Museum Remix,Misc,t,2007-10-23,53
12567,Viva Pinata: Party Animals,Misc,t,2007-10-30,53
1843,Code Lyoko: Quest For Infinity,Action,t,2007-11-16,53
8997,Rapala: We Fish,Sports,t,2009-09-22,53
12153,Transformers: Revenge Of The Fallen -- Decepticons,Action,t,2009-06-23,53
9147,Resident Evil Archives: Resident Evil,Action,t,2009-06-23,53
12764,Will O' Wisp: Easter No Kiseki,Adventure,t,2008-10-09,53
3520,Family Party: 30 Great Games Outdoor Fun,Misc,t,2009-09-29,53
9191,Rhythm 'N Notes: Improve Your Music Skills,Misc,t,2007-10-23,53
3122,Dynasty Warriors 6,Action,t,2008-11-18,53
8246,Pain,Action,t,2009-06-24,53
7741,Never7 〜The End Of Infinity〜,Adventure,t,2009-03-12,53
4529,Hakuouki: Reimeiroku,Adventure,t,2010-10-28,52
10342,Soulcalibur Legends,Action,t,2007-11-20,52
13216,Zac To Ombra: Maboroshi No Yuuenchi,Adventure,t,2010-10-28,52
8130,Ore No Yome: Anata Dake No Hanayome,Adventure,t,2010-10-28,52
144,Academy Of Champions: Soccer,Sports,t,2009-11-03,52
7807,Nhl 08,Sports,t,2007-09-12,52
210,Agatha Christie: The Abc Murders,Adventure,t,2009-11-04,52
4833,Hisshou Pachinko*Pachi-Slot Kouryaku Series Vol. 1: Cr Shinseiki Evangelion,Misc,t,2005-10-20,52
12483,Vanquish,Shooter,t,2010-10-19,52
3788,Fix It: Home Improvement Challenge,Action,t,2011-11-29,52
1401,Buzz! The Music Quiz,Misc,t,2005-10-21,52
13034,X-Men Origins: Wolverine - Uncaged Edition,Action,t,2009-05-01,52
9304,Rock Of The Dead,Shooter,t,2010-10-19,52
5289,Jampack Volume 13 (Rp-M),Misc,t,2005-10-18,52
12978,Wreckless: The Yakuza Missions,Racing,t,2002-11-13,52
4124,Gegege No Kitarou: Youkai Daiundoukai,Action,t,2007-11-22,52
12909,World Series Of Poker,Misc,t,2005-08-31,52
10655,Story Hour: Adventures,Adventure,t,2008-12-09,52
13225,Zapper: One Wicked Cricket!,Platform,t,2002-11-03,52
6791,Metroid Prime Pinball,Misc,t,2005-10-24,52
7926,Ninjabread Man,Action,t,2007-10-01,52
9868,Sherlock Holmes: The Devil'S Daughter,Adventure,t,2016-10-25,52
12231,Tsuihou Senkyo,Adventure,t,2017-04-27,52
9886,Shin Koihime Musou: Otome Ryouran * Sangokushi Engi - Wei-Hen,Adventure,t,2010-10-28,52
8522,Planetarian: Chiisana Hoshi No Yume,Adventure,t,2009-02-28,52
10343,Soulcalibur Legends (Jp Sales),Action,t,2007-11-20,52
5290,Jampack Volume 13 (Rp-T),Misc,t,2005-10-18,52
4257,Godzilla Unleashed: Double Smash,Action,t,2007-11-20,52
7673,Ncaa March Madness 2003,Sports,t,2002-11-21,52
3778,Fishing Master,Sports,t,2007-09-18,52
2007,Crash Superpack: Crash Bandicoot 2: N-Tranced / Crash Nitro Kart,Misc,t,2005-10-19,52
12048,Top Trumps Horror & Predator,Misc,t,2007-10-12,52
3059,Duel Masters: Shadow Of The Code,Misc,t,2005-10-18,52
9511,Sakura Note: Imanitsu Na Garu Mirai,Adventure,t,2009-11-05,52
11262,The Bachelor: The Videogame,Misc,t,2010-08-25,52
2623,Disney'S A Christmas Carol,Adventure,t,2009-11-03,52
12100,Touhoku Daigaku Mirai Kagaku Gijutsu Kyoudou Kenkyuu Center Kawashima Ryuuta Kyouju Kanshu: Nou Ryoku Trainer Portable,Misc,t,2005-10-20,52
5731,Kidz Sports: Crazy Golf,Sports,t,2008-09-16,52
11112,Tayutama: Kiss On My Deity,Adventure,t,2009-11-05,52
2237,Danganronpa V3: Killing Harmony,Adventure,t,2017-09-26,52
3840,Football Manager Handheld 2010,Sports,t,2009-10-30,52
11630,The Simpsons Skateboarding,Sports,t,2002-11-11,52
11959,Tom Clancy'S Hawx,Action,t,2009-03-03,52
4460,Gundam Battle Chronicle,Action,t,2007-10-04,52
12241,Tsuyo Kiss 2 Portable,Adventure,t,2010-10-28,52
3659,Fifa Soccer 2003 (Weekly Jp Sales),Sports,t,2002-11-14,52
12873,World Championship Poker: Featuring Howard Lederer - All In,Misc,t,2006-08-29,52
8333,Penguin No Mondai: Saikyou Penguin Densetsu! A Penguin'S Troubles,Adventure,t,2008-12-11,52
12506,Vietcong: Purple Haze,Shooter,t,2004-09-15,52
3779,Fishing Master (Jp Sales),Sports,t,2007-09-18,52
4878,Hooked! Again: Real Motion Fishing,Sports,t,2009-11-03,52
3856,Ford Vs. Chevy,Racing,t,2005-11-09,52
9982,Shonen Jump'S One Piece: Pirates Carnival,Misc,t,2006-09-12,52
688,Avatar: The Last Airbender - The Burning Earth,Action,t,2007-11-19,52
5429,Jimmie Johnson'S Anything With An Engine,Racing,t,2011-11-01,52
4841,History Channel: Battle For The Pacific,Shooter,t,2007-12-04,52
1568,Casper'S Scare School: Classroom Capers,Adventure,t,2010-10-26,52
3314,Espn Nhl 2k5,Sports,t,2004-08-30,52
12724,Whirl Tour,Sports,t,2002-11-12,52
2147,Da Capo I & Ii Plus Situation Portable,Adventure,t,2010-10-28,52
11631,The Simpsons: Hit & Run,Racing,t,2003-09-16,51
6072,Leisure Suit Larry: Box Office Bust,Adventure,t,2009-03-31,51
12010,Tony Hawk'S American Wasteland (Weekly American Sales),Sports,t,2005-10-18,51
12258,Turok: Evolution,Shooter,t,2002-08-31,51
57,2 Games In 1: Sonic Pinball Party & Columns Crown,Misc,t,2005-11-16,51
56,2 Games In 1: Sonic Battle & Chuchu Rocket!,Misc,t,2005-11-16,51
2700,Disney Sports Skateboarding,Sports,t,2002-11-15,51
10285,Sonic Advance & Sonic Pinball Party Combo Pack,Misc,t,2005-11-16,51
3925,Friends: The One With All The Trivia,Misc,t,2005-11-15,51
34,11eyes: Crossover,Adventure,t,2009-04-02,51
7193,Mountain Bike Adrenaline,Sports,t,2007-10-09,51
3813,Flow: Urban Dance Uprising,Misc,t,2005-11-15,51
7854,Nhl Slapshot,Sports,t,2010-09-07,51
9475,Safari Adventures: Africa,Adventure,t,2009-11-03,51
32,101-In-1 Sports Megamix,Sports,t,2010-09-07,51
5524,Just Dance 3,Misc,t,2011-12-06,51
3872,Fortune Street,Misc,t,2011-12-05,51
7807,Nhl 08,Sports,t,2007-09-11,51
6838,Midway Arcade Treasures 3,Misc,t,2005-10-26,51
2702,Disney Sports Soccer,Sports,t,2002-11-11,51
9720,Sega Casino,Misc,t,2005-11-15,51
3826,Football Director Ds,Sports,t,2008-11-28,51
4014,G1 Jockey 4 2008,Sports,t,2008-09-18,51
3373,Evolution Skateboarding,Sports,t,2002-11-17,51
11593,The Polar Express,Adventure,t,2004-11-02,51
11036,Taiko No Tatsujin Wii: Minna De Party * 3-Yome!,Misc,t,2010-12-02,51
4592,Hanshin Tigers Ds,Sports,t,2008-08-28,51
11570,The Munchables,Action,t,2009-05-26,51
1602,Cate West: The Vanishing Files,Adventure,t,2009-03-23,51
12009,Tony Hawk'S American Wasteland (Old All Region Sales),Sports,t,2005-10-18,51
7012,Momotarou Dentetsu World,Misc,t,2010-12-02,51
4131,Gekido Advance: Kintaro'S Revenge,Action,t,2003-11-25,51
11086,Talkman (Japan),Misc,t,2005-11-17,51
3626,Fifa 06 Soccer,Sports,t,2005-10-04,50
10499,Squeeballs Party,Puzzle,t,2009-10-12,50
11130,Teen Titans,Action,t,2006-05-24,50
8719,"Princess Natasha: Student, Secret Agent, Princess",Action,t,2006-10-03,50
9572,Samurai Warriors: Sanada Maru,Action,t,2016-11-23,50
7310,My Horse & Me,Sports,t,2008-02-05,50
5470,Jonas,Adventure,t,2009-11-10,50
9399,Rugby 06,Sports,t,2006-02-14,50
7297,My Fitness Coach,Sports,t,2008-12-02,50
2849,Dr. Muto,Platform,t,2002-11-19,50
692,Axiom Verge,Action,t,2015-03-31,50
1670,Charm Girls Club: My Fashion Mall,Simulation,t,2009-10-20,50
722,Backyard Hockey,Sports,t,2007-10-02,50
2586,Dirt 2,Racing,t,2009-09-08,50
6709,Memories Off #6 Double Pack,Adventure,t,2009-08-27,50
5398,Jikkyou Powerful Pro Yakyuu 2011 Ketteiban,Misc,t,2011-12-22,50
10866,Super Robot Gakuen,Adventure,t,2009-08-27,50
6744,Metal Fight Beyblade: Choujou Kessen! Big Bang Bladers,Action,t,2010-12-02,50
2520,Devil May Cry Hd Collection,Action,t,2018-03-13,50
4537,Hakuouki: Zuisouroku Twin Pack,Adventure,t,2009-08-27,50
2700,Disney Sports Skateboarding,Sports,t,2002-11-17,50
6153,Littlest Pet Shop: Country Friends,Simulation,t,2009-10-20,50
1515,Captain Blood,Action,t,2010-12-01,50
5057,Imagine: Fashion Designer World Tour,Simulation,t,2009-10-20,50
9884,Shin Kamaitachi No Yoru: 11 Hitome No Suspect,Misc,t,2011-12-07,50
6151,Littlest Pet Shop: Beach Friends,Simulation,t,2009-10-20,50
1671,Charm Girls Club: My Fashion Show,Simulation,t,2009-10-20,50
4534,Hakuouki: Zuisouroku,Adventure,t,2009-08-27,50
2019,Crayon Shin-Chan Shokkugan! Densetsu O Yobu Omake Daiketsusen!!,Action,t,2010-12-02,50
6712,Memories Off 6: T-Wave,Adventure,t,2009-08-27,50
8656,Power Rangers: Dino Thunder,Action,t,2004-09-14,50
7595,Nba Live 06 (Weekly American Sales),Sports,t,2005-09-26,50
9618,Scarface: The World Is Yours,Adventure,t,2006-10-08,50
12099,Toudou Ryuunosuke Tantei Nikki: Kohakuiro No Yuigon,Adventure,t,2008-12-18,50
4586,Hannah Montana,Action,t,2006-10-10,50
2053,Crimson Room Reverse,Adventure,t,2008-12-18,50
12006,Tony Hawk'S American Sk8land,Sports,t,2005-10-18,50
4810,Hiiro No Kakera Portable,Adventure,t,2008-12-18,50
12381,Unfabulous,Action,t,2006-10-02,50
13122,Yoostar2,Misc,t,2011-03-08,50
1428,Cabela'S Legendary Adventures,Sports,t,2008-09-09,50
3476,Fallout 3,Role-Playing,t,2008-10-28,50
11149,Teikoku Kaigun Renbojou: Meiji Yokosuka Koushinkyoku,Action,t,2015-09-25,50
6313,Madden Nfl 09 All-Play,Sports,t,2008-08-12,50
2626,Disney'S American Dragon Jake Long: Attack Of The Dark Dragon,Action,t,2006-10-12,50
76,3rd Super Robot Wars Z: Tengoku-Hen,Action,t,2015-04-02,50
6154,Littlest Pet Shop: Friends,Simulation,t,2009-10-20,50
3470,Fairyland Melody Magic,Adventure,t,2009-11-10,50
4462,Gundam Battle Royale,Action,t,2006-10-05,50
6731,Mercury Meltdown,Action,t,2006-10-03,50
4516,Hakuoki: Shinkai - Furi No Shou,Action,t,2015-09-25,50
5306,Jaws Unleashed,Action,t,2006-05-23,50
5920,Kung Fu Panda,Platform,t,2008-06-03,50
1672,Charm Girls Club: My Perfect Prom,Simulation,t,2009-10-20,50
8110,Operation Armored Liberty,Action,t,2003-10-31,50
12516,Vikings: Wolves Of Midgard,Action,t,2017-03-28,50
4079,Game Party,Misc,t,2007-11-27,50
9674,Sd Gundam Sangokuden Brave Battle Warriors: Shin Mirisha Taisen,Action,t,2010-12-02,50
7827,Nhl 2k3,Sports,t,2002-11-19,50
12264,Tv Anime Idolm@Ster: Cinderella Girls G4u! Pack Vol.5,Action,t,2015-09-25,50
6093,Let'S Ride: Sunshine Stables,Sports,t,2005-10-04,50
284,Alex Rider: Stormbreaker,Action,t,2006-10-02,50
12000,Tomyka Hero: Rescue Force Ds,Action,t,2008-11-20,50
12043,Top Spin,Sports,t,2005-09-26,50
838,Batman: The Enemy Within,Adventure,t,2017-10-03,50
2702,Disney Sports Soccer,Sports,t,2002-11-17,50
4526,Hakuouki Portable,Adventure,t,2009-08-27,50
1733,Chou!! Super Nep League Ds,Sports,t,2008-12-04,50
9562,Samurai Warriors 3,Action,t,2010-09-27,50
2302,Dave Mirra Bmx Challenge,Sports,t,2007-10-02,50
13008,Wwe Smackdown Vs. Raw 2011,Fighting,t,2010-10-26,50
8856,Puyo Puyo 7,Puzzle,t,2009-11-26,50
6314,Madden Nfl 09 All-Play (Weekly Us Sales),Sports,t,2008-08-12,50
3745,Final Fight: Streetwise,Action,t,2006-02-28,50
6152,Littlest Pet Shop: City Friends,Simulation,t,2009-10-20,50
10271,Solfege: Sweet Harmony,Adventure,t,2008-12-18,50
7594,Nba Live 06 (All Region Sales),Sports,t,2005-09-26,50
9522,"Sakura Wars: So Long, My Love",Role-Playing,t,2010-03-30,50
1950,Cooking Mama 3: Shop & Chop,Simulation,t,2009-10-20,50
7611,Nba Live 2004,Sports,t,2003-10-15,50
729,Backyard Nfl Football 2006,Sports,t,2005-10-18,50
5396,Jikkyou Powerful Pro Yakyuu 2010,Sports,t,2010-07-15,50
3197,Edogawa Ranpo No Kaijin Nijuu Mensou Ds,Adventure,t,2008-12-18,50
4455,Gun Showdown,Action,t,2006-10-10,50
309,All-Pro Football 2k8,Sports,t,2007-07-16,50
2667,Disney'S The Little Mermaid: Ariel'S Undersea Adventure,Action,t,2006-10-02,50
3658,Fifa Soccer 2003,Sports,t,2002-11-12,50
12850,Wonder Pets! Save The Animals!,Adventure,t,2008-10-27,50
5542,Juujimoto Ripputai Sypher Portable,Adventure,t,2009-08-27,50
8707,Princess Ballerina: Yumemiru 4-Jin No Primadonna,Adventure,t,2008-12-18,50
6921,Mlb 06: The Show,Sports,t,2006-02-28,50
6502,Marvel Superheroes 3d: Grandmaster'S Challenge,Action,t,2010-11-26,50
10823,Super Duper Sumos,Action,t,2003-10-26,49
5854,Knockout Kings 2003,Sports,t,2002-10-09,49
729,Backyard Nfl Football 2006,Sports,t,2005-10-04,49
1602,Cate West: The Vanishing Files,Adventure,t,2008-12-15,49
10901,Super Robot Wars Bx,Action,t,2015-08-20,49
4573,Hanayaka Kana Ware Ga Ichizoku Twin Pack,Misc,t,2011-12-08,49
1809,Claymore: Gingan No Majo,Action,t,2009-06-04,49
231,Aibou Ds,Adventure,t,2009-03-05,49
2925,Dragon Blade: Wrath Of Fire,Action,t,2007-09-25,49
5672,Kekkaishi: Kokubourou No Kage,Action,t,2007-09-27,49
13273,Zombi,Action,t,2015-08-18,49
10210,Smash Court Tennis 3,Sports,t,2008-08-19,49
10090,Simple Ds Series Vol. 47: The Suiri: Shinshou 2009,Adventure,t,2009-03-05,49
10954,Survivor,Adventure,t,2010-10-19,49
11995,Tomb Raider: Underworld (Others Sales),Adventure,t,2009-03-03,49
4368,Gretzky Nhl 06,Sports,t,2005-10-04,49
6917,Mitsukete! Keroro Gunsou: Machigai Sagashi Daisakusen De Arimasu!,Action,t,2007-09-27,49
7547,Nba 06,Sports,t,2005-10-04,49
3658,Fifa Soccer 2003,Sports,t,2002-11-19,49
2307,David Beckham Soccer,Sports,t,2002-10-07,49
4603,Hard Hitter Tennis,Sports,t,2002-10-08,49
6531,Mat Hoffman'S Pro Bmx 2,Sports,t,2002-10-08,49
7827,Nhl 2k3,Sports,t,2002-11-10,49
5763,Kimokawae!,Adventure,t,2009-03-05,49
5078,Imagine: Teacher Class Trip,Adventure,t,2009-08-25,49
767,Balls Of Fury,Sports,t,2007-10-05,49
7328,My Spanish Coach Level 2: Intermediate,Misc,t,2007-11-23,49
5229,J-League Winning Eleven 2008: Club Championship,Sports,t,2008-08-21,49
4523,Hakuouki,Adventure,t,2008-09-18,49
7052,Monster Hunter Diary: Poka Poka Airou Village Dx,Action,t,2015-09-10,49
4190,Ginga Tetsudou 999 Ds,Adventure,t,2010-10-14,49
11297,The Clique: Diss And Make Up,Adventure,t,2009-08-25,49
9593,Sarah: Keeper Of The Unicorn,Adventure,t,2009-08-25,49
6711,Memories Off 6: Next Relation,Adventure,t,2010-10-14,49
4701,Heart No Kuni No Alice,Adventure,t,2008-09-18,49
12539,Virtua Tennis,Sports,t,2002-10-08,49
6309,Madden Nfl 06,Sports,t,2005-09-20,49
6233,Lovely Lisa,Simulation,t,2008-10-20,49
1333,Build-A-Bear Workshop: A Friend Fur All Seasons,Simulation,t,2008-10-21,49
726,Backyard Nfl Football '08,Sports,t,2007-10-23,49
1251,Bratz Ponyz 2,Adventure,t,2008-09-16,49
3933,Frogger'S Journey: The Forgotten Relic,Action,t,2003-10-28,49
4953,Hunter: The Reckoning Redeemer,Action,t,2003-10-28,49
3901,Franklin The Turtle,Misc,t,2005-11-14,49
10460,Spongebob Vs The Big One: Beach Party Cook Off,Adventure,t,2009-03-03,49
2118,Cursed Mountain,Adventure,t,2009-08-25,49
1202,Boogie,Misc,t,2007-11-27,49
12715,What'S Cooking? Jamie Oliver,Simulation,t,2008-10-21,49
7715,Neo Angelique Special,Adventure,t,2008-09-20,49
5456,Johnny Bravo In The Hukka-Mega-Mighty-Ultra-Extreme Date-O-Rama,Action,t,2009-06-02,49
2203,Dance Dance Revolution Universe 3,Simulation,t,2008-10-21,49
1152,Bmx Xxx,Sports,t,2002-11-16,49
6485,Mark Davis Pro Bass Challenge,Sports,t,2005-09-20,49
776,Banushi Life Game: Winner'S Circle,Sports,t,2007-10-18,49
3373,Evolution Skateboarding,Sports,t,2002-10-09,49
7468,Naruto Shippuuden: Ninja Council 4,Action,t,2009-06-02,49
5018,Igor: The Game,Adventure,t,2008-09-16,49
11994,Tomb Raider: Underworld,Adventure,t,2009-03-03,49
5540,Justice League Heroes: The Flash,Action,t,2006-10-17,49
9320,Rockstar Games Double Pack: Grand Theft Auto Iii & Grand Theft Auto Vice City,Action,t,2003-10-31,49
7301,My French Coach Level 2,Misc,t,2007-11-23,49
11143,Teenage Mutant Ninja Turtles: Mutants In Manhattan,Action,t,2016-05-24,48
55,2 Games In 1: Sonic Advance & Chuchu Rocket!,Misc,t,2005-11-11,48
11416,The Hustle: Detroit Streets,Sports,t,2005-10-25,48
5237,Jackass The Game,Action,t,2007-09-27,48
1861,Cold Fear,Action,t,2005-03-15,48
4368,Gretzky Nhl 06,Sports,t,2005-09-20,48
12829,Witches & Vampires: The Secrets Of Ashburry,Adventure,t,2010-11-02,48
5080,Imagine: Zookeeper,Simulation,t,2009-10-06,48
5494,Jumpstart: Escape From Adventure Island,Adventure,t,2009-11-17,48
1152,Bmx Xxx,Sports,t,2002-11-10,48
3150,Ea Playground,Sports,t,2007-10-23,48
9135,Repkiss,Adventure,t,2017-04-13,48
3286,Esa Foundation Compilation,Misc,t,2005-11-10,48
11141,Teenage Mutant Ninja Turtles: Danger Of The Ooze,Platform,t,2014-10-28,48
12993,Wwe 2k16,Sports,t,2015-10-27,48
6874,Minecraft: Story Mode - Season Two,Adventure,t,2017-09-19,48
2405,Deer Drive,Sports,t,2010-09-14,48
3345,Evangelion Shin Gekijoban: 3nd Impact,Action,t,2011-09-29,48
4924,Hot Wheels: Track Attack,Racing,t,2010-11-23,48
11810,Tiger Woods Pga Tour 09 All-Play,Sports,t,2008-08-26,48
12399,Unsolved Crimes,Adventure,t,2008-09-30,48
8389,Petz Rescue: Wildlife Vet,Simulation,t,2008-10-21,48
7593,Nba Live 06,Sports,t,2005-10-04,48
6539,Mathews Bowhunting,Sports,t,2010-11-23,48
12989,Wwe '12,Fighting,t,2011-11-22,48
12786,Winning Post 7 2012,Sports,t,2012-03-15,48
506,Arena Football,Sports,t,2006-02-07,48
10467,Spore Hero,Simulation,t,2009-10-06,48
4354,Grease,Misc,t,2010-08-24,48
7200,Moyashimon Ds,Action,t,2009-07-23,48
12802,Winter Sports 3: The Great Tournament,Sports,t,2010-09-14,48
2224,Dancedancerevolution,Simulation,t,2010-11-16,48
5780,King'S Quest: The Complete Collection,Adventure,t,2016-10-24,48
7917,Ninja Gaiden 3,Action,t,2012-03-20,48
12438,Utawarerumono: Mask Of Deception,Adventure,t,2017-05-23,48
799,Barnyard,Action,t,2006-08-01,48
4105,Garfield Gets Real,Action,t,2009-07-21,48
6492,Marvel'S Guardians Of The Galaxy: The Telltale Series,Adventure,t,2017-05-02,48
3667,Fifa Street (2012),Sports,t,2012-03-13,48
10470,Sports Champions,Sports,t,2010-09-17,48
10490,Spyborgs,Action,t,2009-09-22,48
6013,Legend Of Kay Anniversary,Action,t,2015-05-29,48
1312,Brunswick Cosmic Bowling,Sports,t,2010-09-14,48
12928,World Soccer Winning Eleven 9,Sports,t,2006-02-07,48
5611,Kanuchi: Shiroki Tsubasa No Shou,Adventure,t,2008-10-02,48
12670,Watchmen: The End Is Nigh Part 1 & 2,Action,t,2009-07-21,48
10468,Spore Hero Arena,Simulation,t,2009-10-06,48
1153,Board Game Classics,Misc,t,2005-11-03,48
3150,Ea Playground,Sports,t,2007-10-22,48
6827,Midnight Club: Los Angeles,Racing,t,2008-10-20,48
11204,Teslagrad,Platform,t,2014-10-28,48
7048,Monster House,Adventure,t,2006-07-18,48
10949,Surf'S Up,Sports,t,2007-05-30,48
11236,Texas Hold 'Em Poker Ds,Misc,t,2005-11-08,48
6392,Majesco'S Rec Room Challenge,Misc,t,2005-10-12,48
2980,Drawn To Life: Spongebob Squarepants Edition,Adventure,t,2008-09-15,48
1446,Cake Mania 3,Simulation,t,2009-10-13,48
5994,Lbx: Little Battlers Experience,Action,t,2015-08-21,48
2006,Crash Of The Titans,Action,t,2007-10-02,48
6689,Megamind: Mega Team Unite,Adventure,t,2010-11-02,48
12654,Warriors Orochi 2,Action,t,2012-03-20,48
6927,Mlb 12: The Show,Sports,t,2012-03-06,48
8939,Racquet Sports,Sports,t,2010-09-14,48
8385,Petz Pony: Beauty Pageant,Simulation,t,2009-10-13,48
820,Batman Begins,Action,t,2005-06-14,48
12206,Trollz: Hair Affair!,Misc,t,2005-11-01,48
11847,Timesplitters: Future Perfect,Shooter,t,2005-03-21,48
11877,To Loveru Trouble: Doki Doki! Rinkaigakkou-Hen,Adventure,t,2008-10-02,48
2410,Def Jam Icon,Action,t,2007-03-06,48
10041,Silent Hill Hd Collection,Action,t,2012-03-20,48
8332,Penguin No Mondai X: Tenkuu No 7 Senshi,Action,t,2009-07-23,48
443,Apache: Air Assault,Simulation,t,2010-11-16,48
11975,Tom Clancy'S Splinter Cell Trilogy,Action,t,2011-09-27,48
12723,Whiplash,Platform,t,2003-11-18,48
12669,Watchmen: The End Is Nigh - The Complete Experience,Action,t,2009-07-21,48
11979,Tom Clancy'S Splinter Cell: Double Agent,Action,t,2006-10-17,48
4113,Gauntlet / Rampart,Misc,t,2005-11-03,48
9220,Rime,Adventure,t,2017-05-26,48
12911,World Series Of Poker 2008: Battle For The Bracelets,Action,t,2007-09-26,47
12917,World Snooker Championship: Season 2007-08,Sports,t,2007-10-26,47
1784,Clannad,Adventure,t,2008-08-28,47
6399,Majin Tantei Nougami Neuro: Battle De Yo!,Adventure,t,2008-08-28,47
1495,Candyland / Chutes & Ladders / Memory,Misc,t,2005-11-07,47
4899,Hoshizora No Comic Garden,Adventure,t,2008-09-11,47
13129,Yotsunoha: A Journey Of Sincerity,Adventure,t,2008-08-28,47
2144,D.Gray-Man: Sousha No Shikaku,Adventure,t,2008-09-11,47
10666,Strawberry Shortcake Sweet Dreams,Action,t,2006-09-25,47
9328,Rogue Ops,Action,t,2003-10-28,47
8515,Piyo-Tan: Oyashiki Sennyuu Daisakusen!,Adventure,t,2008-08-28,47
11270,The Bible Game,Misc,t,2005-10-30,47
11364,The Game Of Life / Yahtzee / Payday,Misc,t,2005-11-07,47
5858,Kobayashi Ga Kawai Sugite Tsurai!! Game Demo Kyun Moe Max Ga Tomara Nai,Action,t,2015-08-27,47
3374,Evolution Snowboarding,Sports,t,2002-11-26,47
3906,Freddi Fish: Kelp Seed Mystery,Adventure,t,2008-08-29,47
12870,World Championship Poker 2: Featuring Howard Lederer,Misc,t,2005-11-03,47
7565,Nba 2k3,Sports,t,2002-10-07,47
6808,Michael Phelps: Push The Limit,Sports,t,2011-10-11,47
6254,Luminous Arc Infinity,Action,t,2015-08-06,47
1413,Cabela'S Big Game Hunter,Sports,t,2002-11-26,47
11878,To Loveru Trouble: Waku Waku! Rinkangakkou-Hen,Adventure,t,2008-08-28,47
12870,World Championship Poker 2: Featuring Howard Lederer,Misc,t,2005-11-08,47
4731,Hello Kitty: Happy Party Pals,Misc,t,2005-10-11,47
1518,Captain Rainbow,Adventure,t,2008-08-28,47
9776,Senran Kagura 2: Deep Crimson,Action,t,2015-09-15,47
4142,Genji Koi Emaki,Action,t,2015-09-17,47
8400,Petz: Hamsterz Bunch,Simulation,t,2009-10-27,47
11926,Tokyo Onmyouji: Tengen Jibashi - Rei No Baai - V Edition,Action,t,2015-09-17,47
1588,Castlevania: Lament Of Innocence,Action,t,2003-10-21,47
7565,Nba 2k3,Sports,t,2002-10-08,47
7822,Nhl 2003,Sports,t,2002-10-09,47
2210,Dance Dance Revolution: Hottest Party 3,Simulation,t,2009-10-27,47
10150,Ski And Shoot,Sports,t,2008-12-09,47
10481,Spy Fox In Dry Cereal,Adventure,t,2008-08-26,47
1393,Buzz! Junior: Jungle Party,Misc,t,2007-10-02,47
4304,Grabbed By The Ghoulies,Action,t,2003-10-21,47
2305,Dave Mirra Freestyle Bmx 3,Sports,t,2002-11-26,47
8396,Petz: Dogz Family,Simulation,t,2009-10-27,47
7549,Nba 08,Sports,t,2007-10-12,47
8399,Petz: Dolphinz Encounter,Simulation,t,2009-10-27,47
11389,The Grim Adventures Of Billy & Mandy,Action,t,2006-09-25,47
9321,Rockstar Games Presents Table Tennis,Sports,t,2007-10-15,47
5457,Johnny No Dasshutsu Daisakusen,Adventure,t,2008-08-28,47
12944,World Trigger: Borderless Mission,Action,t,2015-09-17,47
8405,Petz: Saddle Club,Simulation,t,2009-10-27,47
5637,Katekyoo Hitman Reborn Nerae!? Ring X Bongole Returns,Adventure,t,2008-08-28,47
12263,Tv Anime Idolm@Ster: Cinderella Girls G4u! Pack Vol.4,Action,t,2015-08-27,47
2697,Disney Sports Basketball,Sports,t,2002-11-23,47
11805,Tiger Woods Pga Tour 06,Sports,t,2005-09-26,47
7197,Mousetrap / Operation / Simon,Misc,t,2005-11-07,47
8633,Power Play Pool,Sports,t,2007-10-26,47
9268,Roadkill,Action,t,2003-10-30,47
7565,Nba 2k3,Sports,t,2002-10-09,47
9078,Rear Pheles: Red Of Another,Action,t,2015-08-27,47
7409,Nanairo Reincarnation,Action,t,2015-09-17,47
725,Backyard Nfl Football,Sports,t,2002-10-10,47
8252,Pajama Sam: Don'T Fear The Dark,Adventure,t,2008-08-26,47
2205,Dance Dance Revolution X2,Simulation,t,2009-10-27,47
13202,Yunohana Spring!,Action,t,2015-09-17,47
8790,Professional Fisherman'S Tour: Big Bass Open,Sports,t,2011-10-11,47
722,Backyard Hockey,Sports,t,2003-10-09,47
5546,Jyuzaengi: Engetsu Sangokuden 1 + 2,Action,t,2015-08-27,47
7990,"Nogizaka Haruka No Himitsu Cosplay, Hajime Mashita",Adventure,t,2008-09-25,46
7130,Moshi Monsters: Katsuma Unleashed,Platform,t,2013-11-05,46
923,Beatmania Iidx 16: Empress + Premium Best,Simulation,t,2009-10-15,46
7283,My Baby Boy,Simulation,t,2008-11-04,46
10154,Skip Beat!,Adventure,t,2009-05-28,46
12724,Whirl Tour,Sports,t,2002-11-25,46
791,Barbie Horse Adventures: Wild Horse Rescue,Sports,t,2003-11-04,46
10769,Summer Athletics: The Ultimate Challenge (Others Sales),Sports,t,2008-08-04,46
6115,Links 2004,Sports,t,2003-11-11,46
7292,My English Coach: Para Hispanoparlantes,Misc,t,2009-03-10,46
203,Agassi Tennis Generation 2002,Sports,t,2003-09-30,46
11838,Time Hollow,Adventure,t,2008-09-23,46
9505,Sakai Burai Kaiji: Death Or Survival,Adventure,t,2008-09-25,46
3815,Flowers,Adventure,t,2014-10-09,46
6946,Mlb Power Pros 2008,Sports,t,2008-08-25,46
5047,Imagine: Babyz Fashion,Simulation,t,2009-11-03,46
8480,Pinball Hall Of Fame: The Williams Collection,Misc,t,2008-02-26,46
9410,Rugby League Challenge,Sports,t,2009-09-10,46
12789,Winning Post 7: Maximum 2007,Sports,t,2007-03-29,46
5203,Iwaihime: Matsuri,Adventure,t,2017-09-07,46
13306,Zubo,Misc,t,2009-03-10,46
7389,Nakayoshi All-Stars: Mezase Gakuen Idol,Misc,t,2008-12-18,46
6137,Little League World Series Baseball 2010,Sports,t,2010-07-20,46
2014,Crash: Twinsanity,Platform,t,2004-09-28,46
9320,Rockstar Games Double Pack: Grand Theft Auto Iii & Grand Theft Auto Vice City,Action,t,2003-10-21,46
2315,Days Of Memories 3,Adventure,t,2009-05-28,46
790,Barbie Horse Adventures: Wild Horse Rescue,Sports,t,2003-11-04,46
9844,Shaun The Sheep,Adventure,t,2008-09-23,46
10770,Summer Athletics: The Ultimate Challenge (Us Sales),Sports,t,2008-08-04,46
11820,Tiger Woods Pga Tour 2004,Sports,t,2003-11-04,46
10962,Suzumiya Haruhi No Chokuretsu,Adventure,t,2009-05-28,46
3297,Espn College Hoops,Sports,t,2003-11-13,46
5666,Kazeiro Surf,Adventure,t,2009-05-28,46
6278,M&M'S Beach Party,Misc,t,2009-03-10,46
3054,Ducktales: Remastered,Platform,t,2013-11-12,46
10504,Ssx,Sports,t,2012-02-28,46
2995,Dream Salon,Simulation,t,2009-11-03,46
7007,Momotarou Dentetsu 20-Shuunen,Misc,t,2008-12-18,46
5616,Karaoke Joysound Wii,Misc,t,2008-12-18,46
9297,Rock Band Track Pack Volume 1,Misc,t,2008-07-15,46
836,Batman: Rise Of Sin Tzu,Action,t,2003-10-27,46
8390,Petz Sports,Simulation,t,2008-11-04,46
7284,My Baby Girl,Simulation,t,2008-11-04,46
4960,Hyakko: Yorozuya Jikenbo!,Adventure,t,2009-04-09,46
12544,Virtua Tennis: World Tour (Jp Sales),Sports,t,2005-10-07,46
4566,Hana To Ikimono Rittai Zukan,Misc,t,2011-09-29,46
12689,We Cheer 2,Simulation,t,2009-11-03,46
3346,Evangelion Shin Gekijoban: 3nd Impact,Misc,t,2011-09-29,46
768,Bamboo Blade: Sorekara No Chousen,Adventure,t,2009-05-28,46
1426,Cabela'S Deer Hunt 2005 Season,Sports,t,2004-08-26,46
7598,Nba Live 08,Sports,t,2007-10-02,46
4497,Habu Yoshiharu Shougi De Kitaeru: Ketsudanryoku Ds,Misc,t,2009-03-12,46
12225,True Fortune,Adventure,t,2008-09-25,46
8005,Nounai Aeshe: Iq Suppli Ds 2 - Sukkiri King Ketteisen,Misc,t,2007-11-29,46
5786,King Of Clubs: Mini Golf,Sports,t,2008-08-04,46
12584,Wakeboarding Unleashed Featuring Shaun Murray,Sports,t,2003-11-10,46
4836,Hisshou Pachinko*Pachi-Slot Kouryaku Series Vol. 13: Shinseiki Evangelion - Yakusoku No Toki,Misc,t,2008-12-18,46
9957,Shinseiki Evangelion: Koutetsu No Girlfriend Tokubetsu-Hen Portable,Adventure,t,2009-04-09,46
9145,Resident Evil 5: Gold Edition,Action,t,2010-03-09,46
463,Aquanaut'S Holiday: Kakusareta Kiroku,Adventure,t,2008-09-25,46
9469,Sacred 2: Fallen Angel,Role-Playing,t,2009-05-11,46
4800,Higurashi No Naku Koro Ni Kizuna: Dai-San-Kan - Rasen,Adventure,t,2009-05-28,46
3001,Dreamer Series: Pop Star,Misc,t,2009-03-10,46
3649,Fifa Soccer 08,Sports,t,2007-10-08,46
4891,Horse Life Adventures,Simulation,t,2009-10-27,46
9780,Senran Kagura: Estival Versus,Action,t,2016-03-15,46
7340,Myself; Yourself: Sorezore No Finale,Adventure,t,2009-05-28,46
11421,The Idolm@Ster Twins,Misc,t,2009-03-12,46
6712,Memories Off 6: T-Wave,Adventure,t,2009-05-28,46
5063,Imagine: Interior Designer,Simulation,t,2008-11-04,46
6213,Lost In Blue: Shipwrecked,Adventure,t,2008-09-23,46
8511,Pitfall: The Big Adventure,Adventure,t,2008-09-23,46
4886,Horrid Henry'S Horrid Adventure,Adventure,t,2010-11-05,46
10743,Sugar + Spice! Anoko No Suteki Na Nanimokamo,Adventure,t,2008-09-25,46
5890,Kono Subarashii Sekai Ni Shukufuku O! Kono Yokubukai Game Ni Shinpan O!,Adventure,t,2017-09-07,46
3961,Frozen: Olaf'S Quest,Platform,t,2013-11-12,46
7642,Ncaa Final Four 2004,Sports,t,2003-11-11,46
8397,Petz: Dogz Pack,Simulation,t,2008-11-04,46
4223,Go Play: City Sports,Sports,t,2009-09-08,46
6138,Little League World Series Baseball: Double Play,Sports,t,2010-07-20,46
5079,Imagine: Wedding Designer,Simulation,t,2008-11-04,46
10317,Sorayume Portable,Adventure,t,2009-05-28,46
4879,Hooked! Real Motion Fishing,Sports,t,2007-10-30,45
2222,Dance! It'S Your Stage,Misc,t,2011-09-30,45
11636,The Sims 2,Simulation,t,2005-10-24,45
1474,Call Of Duty: Modern Warfare 3,Shooter,t,2011-11-08,45
4720,Hellboy: The Science Of Evil,Action,t,2008-06-24,45
11412,The House Of The Dead Iii,Shooter,t,2002-10-24,45
5600,Kana: Imouto,Adventure,t,2010-10-07,45
8988,Rapala'S Fishing Frenzy,Sports,t,2008-09-02,45
4285,Goldeneye: Rogue Agent,Shooter,t,2004-11-22,45
1713,Chokkan! Asonde Relaxuma,Action,t,2008-09-25,45
4661,Harvest Moon: Sunshine Islands,Simulation,t,2009-11-10,45
12327,Ultimate Beach Soccer,Sports,t,2003-11-10,45
10726,Style Lab: Jewelry Design,Simulation,t,2009-11-10,45
12660,Warship Gunner 2 Portable,Simulation,t,2009-11-12,45
4715,Heavy Rain: Move Edition,Adventure,t,2010-10-08,45
8744,Pro Evolution Soccer,Sports,t,2001-11-24,45
8593,Pool Party,Sports,t,2007-09-05,45
9283,Robotech: The Macross Saga,Shooter,t,2002-10-27,45
9693,Second Sight,Adventure,t,2004-09-21,45
712,Back To The Future: The Game,Adventure,t,2015-10-13,45
1943,Contra: Shattered Soldier,Shooter,t,2002-10-22,45
4648,Harvest Moon: Animal Parade,Simulation,t,2009-11-10,45
11251,The Adventures Of Jimmy Neutron Boy Genius: Attack Of The Twonkies,Adventure,t,2004-09-13,45
7522,Natalie Brooks: The Treasures Of The Lost Kingdom,Adventure,t,2010-10-08,45
1152,Bmx Xxx,Sports,t,2002-11-24,45
12997,Wwe All Stars,Fighting,t,2011-03-29,45
10437,Splat Renegade Paintball,Sports,t,2005-10-11,45
951,Berserk And The Band Of The Hawk,Action,t,2016-10-27,45
7316,My Little Pony: Pinkie Pie'S Party,Adventure,t,2008-09-22,45
10333,Soul Eater: Monotone Princess,Action,t,2008-09-25,45
314,All-Star Baseball 2004,Sports,t,2003-02-23,45
12704,We Sing Uk Hits,Misc,t,2011-09-30,45
8642,Power Pro Kun Pocket 13,Sports,t,2010-11-25,45
4891,Horse Life Adventures,Simulation,t,2009-11-03,45
2868,Dragon'S Lair Trilogy,Adventure,t,2010-10-08,45
8384,Petz Nursery,Simulation,t,2009-11-10,45
2071,Crows: Burning Edge,Action,t,2016-10-27,45
1263,Brave: The Video Game,Action-Adventure,t,2012-06-19,45
7418,Nancy Drew: The Hidden Staircase,Adventure,t,2008-09-22,45
6948,Mlb Slugfest 20-04,Sports,t,2003-03-16,45
13260,Zhuzhu Pets: Quest For Zhu,Misc,t,2011-09-27,45
5625,Karaoke Revolution Presents American Idol Encore,Misc,t,2008-02-05,45
9292,Rock Band 2,Misc,t,2008-12-18,45
4666,Harvey Birdman: Attorney At Law,Adventure,t,2008-01-08,45
12418,Usavichi: Game No Jikan,Action,t,2011-12-08,45
4222,Go Play: Circus Star,Action,t,2009-06-09,45
3284,Equestrian Training: Stages 1-4,Simulation,t,2008-11-07,45
9296,Rock Band Country Track Pack 2,Misc,t,2011-02-01,45
9245,River City Ransom Sp,Action,t,2016-10-27,45
10727,Style Lab: Makeover,Simulation,t,2009-11-10,45
11182,Tenkaichi * Sengoku Lovers,Adventure,t,2010-10-07,45
10142,Skate,Sports,t,2007-09-14,44
5468,Jonah Lomu Rugby Challenge,Sports,t,2011-10-20,44
1373,Busou Shinki: Battle Masters Mk. 2,Action,t,2011-09-22,44
9055,Ready Steady Cook: The Game,Simulation,t,2009-08-14,44
5237,Jackass The Game,Action,t,2007-09-24,44
5056,Imagine: Fashion Designer New York,Simulation,t,2008-10-13,44
1810,Clear: Atarashii Kaze No Fuku Oka De,Adventure,t,2009-02-19,44
2872,Dragon Age: Origins,Role-Playing,t,2009-11-03,44
11814,Tiger Woods Pga Tour 13,Sports,t,2012-03-27,44
10564,Star Wars: Clone Wars,Shooter,t,2002-10-28,44
5368,Jikkyou Powerful Major League,Sports,t,2006-05-11,44
8601,Pop Cutie! Street Fashion Simulation,Simulation,t,2008-10-06,44
4227,Go! Go! Hypergrind,Sports,t,2003-11-18,44
6156,Littlest Pet Shop: Jungle,Simulation,t,2008-10-14,44
6149,Littlest Pet Shop,Simulation,t,2008-10-14,44
6319,Madden Nfl 15,Sports,t,2014-08-26,44
1618,Cesar Millan'S Dog Whisperer,Simulation,t,2008-10-15,44
718,Backyard Baseball '09,Sports,t,2008-06-10,44
9045,Re:Zero - Kara Hajimeru Isekai Seikatsu - Death Or Kiss,Adventure,t,2017-03-30,44
385,Amped 2,Sports,t,2003-10-28,44
7623,Nba Shootout 2004,Sports,t,2003-10-29,44
2008,Crash Tag Team Racing,Racing,t,2005-10-19,44
7772,Nfl 2k2,Sports,t,2001-11-19,44
9782,Senran Kagura: Shoujotachi No Shinei,Action,t,2011-09-22,44
5263,Jake Power: Policeman,Adventure,t,2009-02-17,44
9040,Razor Freestyle Scooter,Sports,t,2001-11-14,44
11999,Tomoyo After: It'S A Wonderful Life Cs Edition,Adventure,t,2009-02-19,44
6806,Michael Jackson: The Experience,Misc,t,2011-04-12,44
7779,Nfl Blitz Pro,Sports,t,2003-11-04,44
5959,L2: Love X Loop,Adventure,t,2009-08-20,44
4701,Heart No Kuni No Alice,Adventure,t,2009-08-20,44
9462,S.Y.K: Shinsetsu Saiyuuki,Adventure,t,2009-08-20,44
6006,Legacy Of Kain: Defiance,Adventure,t,2003-11-11,44
8829,Puffins: Island Adventure,Adventure,t,2009-05-26,44
3954,Front Mission Evolved,Shooter,t,2010-09-28,44
12159,Transworld Surf,Sports,t,2001-11-14,44
12011,Tony Hawk'S Downhill Jam,Sports,t,2006-10-24,44
3935,Frogger 3d,Action,t,2011-09-20,44
694,Ayakashi Gohan: Oomori!,Action,t,2015-10-08,44
5257,Jake Hunter Detective Story: Memories Of The Past,Adventure,t,2009-05-26,44
387,Amped: Freestyle Snowboarding,Sports,t,2001-11-19,44
5045,Imagine: Babysitters,Simulation,t,2008-10-07,44
7584,Nba Inside Drive 2004,Sports,t,2003-11-18,44
12706,Wedding Dash,Simulation,t,2009-11-09,44
6073,Leisure Suit Larry: Magna Cum Laude,Adventure,t,2004-10-05,44
7780,Nfl Fever 2002,Sports,t,2001-11-14,44
6155,Littlest Pet Shop: Garden,Simulation,t,2008-10-14,44
5401,Jikkyou Powerful Pro Yakyuu 2014,Sports,t,2014-10-23,44
12044,Top Spin,Sports,t,2003-10-28,44
9406,Rugby 2005,Sports,t,2005-03-08,44
9821,Shadow The Hedgehog,Platform,t,2005-11-15,44
8679,Predator: Concrete Jungle,Action,t,2005-04-26,44
11977,Tom Clancy'S Splinter Cell: Chaos Theory,Action,t,2005-03-28,44
2047,Crime Lab: Body Of Evidence,Adventure,t,2010-10-05,44
5139,Intellivision Lives!,Misc,t,2010-09-14,44
12327,Ultimate Beach Soccer,Sports,t,2003-11-03,44
312,All-Star Baseball 2002,Sports,t,2001-11-17,44
9144,Resident Evil 5,Action,t,2009-03-13,44
9146,Resident Evil 6,Action,t,2016-03-29,44
11781,This War Of Mine,Action,t,2016-01-29,44
2272,Dark Summit,Sports,t,2001-11-26,44
8895,Quantum Theory,Shooter,t,2010-09-28,44
12015,Tony Hawk'S Pro Skater 2x,Sports,t,2001-11-14,44
12466,Vampire Moon: The Mystery Of The Hidden Sun,Adventure,t,2010-10-05,44
8754,Pro Evolution Soccer 2015,Sports,t,2014-11-11,44
11420,The Idolm@Ster Sp: Wandering Star / Perfect Sun / Missing Moon,Adventure,t,2009-02-19,44
12655,Warriors Orochi 2 (Jp Sales),Action,t,2008-09-23,44
3133,Dynasty Warriors Gundam,Action,t,2007-08-28,44
6530,Mat Hoffman'S Pro Bmx,Sports,t,2001-11-19,44
10732,Subbuteo,Sports,t,2008-09-12,44
5767,Kinect Sports: Season Two,Sports,t,2011-10-25,44
7852,Nhl Rivals 2004,Sports,t,2003-11-18,44
6158,Littlest Pet Shop: Winter,Simulation,t,2008-10-14,44
4038,Gal Gun: Double Peace,Action,t,2016-08-02,44
9843,Shaun Palmer'S Pro Snowboarder,Sports,t,2001-11-27,44
5543,Juusei To Diamond,Action,t,2009-06-18,44
6318,Madden Nfl 13,Sports,t,2012-08-28,44
2793,Doom Ii,Shooter,t,2002-10-28,44
9408,Rugby Challenge 3,Sports,t,2016-04-22,44
10756,Sukashishipanman Ds: Shokotak Koto Nakagawa Shouko Produce!,Misc,t,2009-03-05,43
7846,Nhl Hitz 20-02,Sports,t,2001-11-14,43
2637,Disney'S Hide & Sneak,Action,t,2003-11-30,43
2934,Dragon Quest Heroes: The World'S Tree Woe And The Blight Below,Action,t,2015-10-13,43
3657,Fifa Soccer 2002,Sports,t,2001-11-21,43
9158,Resident Evil: Revelations 2,Action,t,2015-08-15,43
11232,Tetsudou Musume Ds: Terminal Memory,Simulation,t,2008-10-09,43
9426,Rule Of Rose,Action,t,2006-09-12,43
10704,Strike Witches: Aoi No Dengekisen - Shin Taichou Funtousuru!,Action,t,2009-11-26,43
10895,Super Robot Taisen Z Special Disc,Misc,t,2009-03-05,43
6713,Memories Off: Afterrain,Adventure,t,2009-06-25,43
6326,Madden Nfl 2002,Sports,t,2001-11-20,43
7919,Ninja Gaiden Black,Action,t,2005-09-20,43
5877,Konami Classics Vol. 1,Misc,t,2009-12-15,43
2016,Crayola: Colorful Journey,Misc,t,2009-03-17,43
8210,Pac-Man Championship Edition 2 + Arcade Game Series,Action,t,2016-11-01,43
6011,Legend Of Kay,Action,t,2005-09-21,43
4143,Genji: Dawn Of The Samurai,Action,t,2005-09-20,43
5074,Imagine: Salon Stylist,Simulation,t,2009-09-29,43
6885,Minna Ga Shuyaku No Nhk Kouhaku Quiz Kassen,Misc,t,2009-12-17,43
4463,Gundam Battle Tactics,Action,t,2005-09-22,43
8458,Pia Carrot E Youkoso!! G.P. Gakuen Princess Portable,Adventure,t,2009-06-25,43
3005,Dreamer Series: Top Model,Simulation,t,2009-09-28,43
6296,Macross Ace Frontier,Simulation,t,2008-10-09,43
12593,Wand Of Fortune,Adventure,t,2009-06-25,43
8288,Pass Your Driving Theory Test,Misc,t,2009-03-13,43
8389,Petz Rescue: Wildlife Vet,Simulation,t,2008-10-28,43
2988,Dream Chronicles,Adventure,t,2010-03-02,43
7846,Nhl Hitz 20-02,Sports,t,2001-11-17,43
8629,Poupee Girl Ds,Misc,t,2009-12-17,43
9445,Rurouni Kenshin: Enjou! Kyoto Rinne,Action,t,2006-09-14,43
10506,Ssx 3,Sports,t,2003-11-11,43
7903,Nihon Keizai Shinbunsha Kanshuu: Shiranai Mamade Wa Son O Suru Mono Ya Okane No Shikumi Ds,Misc,t,2009-08-27,43
12373,Under The Moon: Crescent,Adventure,t,2009-06-25,43
11231,Tetsudou Kentei Ds,Simulation,t,2008-10-09,43
9049,Reader Rabbit Kindergarten,Misc,t,2009-12-15,43
9072,Really? Really! Ds,Adventure,t,2009-06-25,43
3990,Fushigi Yuugi Ds,Adventure,t,2009-06-25,43
10822,Super Dungeon Bros,Action,t,2016-11-01,43
9133,Rengoku Ii: The Stairway To H.E.A.V.E.N. (Jp Sales),Action,t,2006-09-12,43
7779,Nfl Blitz Pro,Sports,t,2003-10-28,43
1227,Bounty Hounds,Action,t,2006-09-12,43
3161,Earth'S Dawn,Action,t,2016-11-01,43
527,Armored Core Sl: Silent Line Portable,Simulation,t,2009-11-19,43
11839,Time Leap,Adventure,t,2009-06-25,43
7944,Nishimura Kyoutarou Travel Mystery: Akugyaku No Kisetsu - Tokyo - Nanki Shirahama Renzoku Satsujin Jiken,Adventure,t,2009-06-04,43
4525,Hakuouki Ds,Adventure,t,2010-03-18,43
9528,Saltwater Sportfishing,Sports,t,2001-11-28,43
5878,Konami Classics Vol. 2,Misc,t,2009-12-15,43
9132,Rengoku Ii:  The Stairway To H.E.A.V.E.N.,Action,t,2006-09-12,43
4819,Himehibi: New Princess Days!! Zoku! Ni-Gakki,Adventure,t,2009-06-25,43
5888,Kono Aozora Ni Yakusoku O: Tenohira No Rakuen,Adventure,t,2009-06-25,43
8193,Overlord: Dark Legend,Adventure,t,2009-06-23,43
9118,Relaxuma: Minna De Goyururi Seikatsu,Misc,t,2009-03-05,43
5657,Kawaii Koinu Ds 2,Simulation,t,2008-10-09,43
12838,Wizards Of Waverly Place,Misc,t,2009-08-25,43
7547,Nba 06,Sports,t,2005-11-01,43
7527,National Geographic Panda (Us Sales),Simulation,t,2008-11-11,42
9740,Seitokai No Ichizon: Ds-Suru Seitokai,Adventure,t,2010-03-25,42
5418,Jikkyou Powerful Pro Yakyuu Portable 4,Sports,t,2009-09-17,42
11025,Tago Akira No Atama No Taisou Dai-2-Shuu: Ginga Oudan Nazotoki Adventure,Adventure,t,2009-06-18,42
13147,Ys Viii: Lacrimosa Of Dana,Role-Playing,t,2017-09-12,42
9866,Sherlock Holmes: Secret Of The Silver Earring,Adventure,t,2010-11-23,42
4728,Hello Kitty Seasons,Adventure,t,2010-11-16,42
12809,Winx Club: Rockstars,Adventure,t,2010-11-12,42
2865,Dragon'S Lair,Adventure,t,2010-11-16,42
6859,Mind Quiz,Action,t,2006-10-31,42
6326,Madden Nfl 2002,Sports,t,2001-11-17,42
4013,G1 Jockey 4 2007,Sports,t,2007-11-01,42
8382,Petz Hamsterz Superstarz,Simulation,t,2009-11-17,42
8489,Pipe Mania,Puzzle,t,2008-09-26,42
2070,"Crouching Tiger, Hidden Dragon",Action,t,2003-10-09,42
3335,Eureka Seven Vol. 1: The New Wave,Action,t,2006-10-24,42
7816,Nhl 17,Sports,t,2016-09-13,42
9507,Saki Portable,Adventure,t,2010-03-25,42
3464,Fairlylife: Miracledays,Adventure,t,2010-02-25,42
2100,Csi: Unsolved!,Adventure,t,2010-11-23,42
4347,Gravity Games Bike: Street Vert Dirt,Sports,t,2002-09-04,42
10301,Sonic Lost World,Platform,t,2013-10-29,42
628,Astrology Ds,Misc,t,2009-09-22,42
3293,Escape The Museum,Adventure,t,2009-04-14,42
13106,Yoake Yori Ruriiro Na Portable,Adventure,t,2010-02-25,42
9843,Shaun Palmer'S Pro Snowboarder,Sports,t,2001-11-13,42
10767,Summer Athletics: The Ultimate Challenge,Sports,t,2008-07-29,42
5916,Kumatanchi,Simulation,t,2008-09-25,42
5431,Jinguuji Saburou Ds: Akai Chou,Adventure,t,2010-09-30,42
4777,Hidden Mysteries: Salem Secrets - Witch Trials Of 1692,Adventure,t,2010-11-10,42
5069,Imagine: Party Babyz,Simulation,t,2008-11-11,42
2062,Cross † Channel,Adventure,t,2010-02-25,42
7641,Ncaa Final Four 2003,Sports,t,2002-11-27,42
2304,Dave Mirra Freestyle Bmx 2,Sports,t,2001-11-17,42
7526,National Geographic Panda (Jp Sales),Simulation,t,2008-11-11,42
4338,Grand Theft Auto: Vice City Stories,Action,t,2006-10-31,42
10413,Spider-Man 2,Action,t,2004-06-28,42
8220,Pac-Man World Rally,Racing,t,2006-08-22,42
9157,Resident Evil: Revelations 2,Action,t,2015-02-24,42
3679,Fight Night Round 2,Fighting,t,2005-02-28,42
1661,Chaos;Head - Love Chu*Chu!,Adventure,t,2010-03-25,42
10542,Star Wars Battlefront: Elite Squadron,Shooter,t,2009-11-03,42
710,Babysitting Mania,Simulation,t,2008-09-23,42
7609,Nba Live 2002,Sports,t,2001-11-18,42
13287,Zoo Hospital,Simulation,t,2008-09-22,42
3814,"Flower, Sun, And Rain",Adventure,t,2009-06-15,42
4685,Haunted House,Adventure,t,2010-09-28,42
9129,"Renai Banchou: Inochi Meishi, Koiseyo Otome! Love Is Power!!!",Adventure,t,2010-11-11,42
11378,The Godfather: Mob Wars,Action,t,2006-09-19,42
8398,Petz: Dogz Talent Show,Simulation,t,2009-11-17,42
8704,Prince Of Persia: Warrior Within,Adventure,t,2004-11-30,42
11123,Tears To Tiara: Kakan No Daichi Portable,Adventure,t,2010-11-25,42
8783,Pro Yakyuu Spirits 4,Sports,t,2007-04-01,42
2736,Doctor Who: Evacuation Earth,Adventure,t,2010-11-12,42
4490,Gunstar Super Heroes,Shooter,t,2005-10-25,42
1050,Blade Ii,Action,t,2002-09-02,42
12600,Wand Of Fortune: Mirai E No Prologue,Adventure,t,2010-02-25,42
13281,Zone Of The Enders Hd Collection,Action,t,2012-10-30,42
1124,Blood Drive,Racing,t,2010-10-26,42
10141,Six Flags Fun Park,Misc,t,2009-03-03,42
4801,Higurashi No Naku Koro Ni Kizuna: Dai-Yon-Kan - Kizuna,Adventure,t,2010-02-25,42
7309,My Hero: Firefighter,Simulation,t,2009-11-17,42
6403,Major Dream: Major Ds Dream Baseball,Sports,t,2008-07-31,42
9789,Serious Sam,Shooter,t,2002-11-10,42
112,"999: Nine Hours, Nine Persons, Nine Doors",Adventure,t,2010-11-16,42
3137,Dynasty Warriors Vol. 2 (Jp Sales),Action,t,2006-10-24,42
5219,J-League Pro Soccer Club O Tsukurou! 6: Pride Of J,Sports,t,2009-11-12,42
10600,Starry * Sky: In Summer - Psp Edition,Adventure,t,2010-09-30,42
7563,Nba 2k19,Sports,t,2018-09-11,42
12278,Twinkle * Crusaders Gogo!,Adventure,t,2010-09-30,42
12848,Women'S Volleyball Championship,Sports,t,2008-07-29,42
7517,Nascar Thunder 2003,Racing,t,2002-09-19,42
7388,Nail'D,Racing,t,2010-11-30,42
11737,The Walking Dead - The Telltale Series: A New Frontier,Adventure,t,2017-02-28,42
10768,Summer Athletics: The Ultimate Challenge,Sports,t,2008-07-29,42
9374,Root Letter,Adventure,t,2016-11-10,42
5972,Land Of The Dead: Road To Fiddler'S Green,Shooter,t,2005-10-26,42
6052,Lego Marvel Super Heroes: Universe In Peril,Action,t,2013-10-22,42
8071,One Piece Unlimited Cruise 1: The Treasure Beneath The Waves,Adventure,t,2009-06-19,42
9654,Scurge: Hive,Action,t,2006-11-01,42
2902,Dragon Ball Z: Sagas,Fighting,t,2005-03-22,42
10729,Styx: Shards Of Darkness,Action,t,2017-03-14,42
9987,Shonen Kininden Tsumuji,Adventure,t,2010-02-25,42
12291,Two Worlds Ii,Role-Playing,t,2011-01-25,42
9122,Remember11 〜 The Age Of Infinity 〜,Adventure,t,2009-04-16,42
655,Atelier: The Alchemist Of Arland 1-2-3 Dx,Role-Playing,t,2018-09-20,42
7640,Ncaa Final Four 2002,Sports,t,2001-11-12,42
5191,Ishin Renka: Ryouma Gaiden,Adventure,t,2010-11-25,42
9885,Shin Koihime Musou: Otome Ryouran * Sangokushi Engi - Shu-Hen,Adventure,t,2010-11-25,42
2304,Dave Mirra Freestyle Bmx 2,Sports,t,2001-11-25,42
11179,Tenjin Ranman: Happy Go Lucky!!,Adventure,t,2010-03-25,42
7630,Nba Street V3,Sports,t,2005-02-08,42
11024,Tago Akira No Atama No Taisou Dai-1-Shuu: Nazotoki Sekai Isshuu Ryokou,Adventure,t,2009-06-18,42
5535,Just In Time Translations,Misc,t,2009-09-21,42
12564,Vitamin Z Revolution,Adventure,t,2010-03-25,42
6130,Little Busters! Converted Edition,Adventure,t,2010-11-25,42
8364,Pet Pals: Animal Doctor,Simulation,t,2008-11-11,42
10607,Starsky & Hutch,Racing,t,2003-09-09,42
12508,Viewtiful Joe,Action,t,2003-10-07,42
10316,Sora No Otoshimono: Dokidoki Summer Vacation,Adventure,t,2010-03-25,42
880,Battlefield 2: Modern Combat(Jp Sales),Shooter,t,2005-10-24,42
6918,Miyako,Adventure,t,2010-11-25,42
10106,Singstar Apres-Ski Party 2,Misc,t,2010-12-03,42
9079,Rebel Raiders: Operation Nighthawk,Simulation,t,2008-09-23,42
1403,Buzz! The Ultimate Music Quiz,Misc,t,2010-12-03,42
6228,Love Once,Adventure,t,2010-09-30,42
10668,Strawberry Shortcake: Strawberryland Games,Action,t,2006-10-23,42
7554,Nba 2k10,Sports,t,2009-11-09,42
11707,The Suite Life Of Zack & Cody: Tipton Trouble,Action,t,2006-09-18,42
3136,Dynasty Warriors Vol. 2,Action,t,2006-10-24,42
11371,The Godfather (Jp Sales),Action,t,2006-09-19,42
8667,Power Stone Collection,Action,t,2006-10-31,42
8293,Past Cure,Action,t,2018-02-23,42
12299,U-Sing  2,Misc,t,2010-12-03,42
13152,Yu-Gi-Oh! 5d'S Stardust Accelerator: World Championship 2009,Action,t,2009-05-19,42
7431,Napoleon Dynamite: The Game,Puzzle,t,2007-10-23,42
11373,The Godfather (Us & Others Sales),Action,t,2006-09-19,42
9523,Sally'S Salon,Simulation,t,2008-11-11,42
7947,Nizu No Senritsu Portable 2: Hi No Kioku,Adventure,t,2010-02-25,42
10019,Shukufuku No Campanella Portable,Adventure,t,2010-09-30,42
12069,Total Overdose: A Gunslinger'S Tale In Mexico,Shooter,t,2005-09-27,42
5846,Knights Contract,Action,t,2011-02-22,42
4816,Hiiro No Kakera: Shin Tamayori Hime Denshou Portable,Adventure,t,2010-09-30,42
38,12riven: The Psi-Climinal Of Integral,Adventure,t,2009-04-16,42
5268,Jambo! Safari Animal Rescue,Simulation,t,2009-11-17,42
415,Animal Paradise,Simulation,t,2008-09-23,42
4730,Hello Kitty: Birthday Adventures,Adventure,t,2010-02-23,42
1520,Captain Tsubasa,Sports,t,2006-10-19,42
13301,Zoo Vet: Endangered Animals,Simulation,t,2008-11-11,42
9849,Shaun White Snowboarding: World Stage,Sports,t,2009-11-08,42
4820,Himehibi: New Princess Days!! Zoku! Ni-Gakki Portable,Adventure,t,2010-02-25,42
2737,Doctor Who: Return To Earth,Adventure,t,2010-11-12,42
9559,Samurai Warriors 2: Empires,Action,t,2007-02-27,42
4364,Greg Hastings Paintball 2,Shooter,t,2010-09-28,42
9460,S.Y.K Renshouden,Adventure,t,2010-03-11,41
11567,The Mummy,Action,t,2002-11-20,41
6947,Mlb Slugfest 20-03,Sports,t,2002-09-03,41
12052,Toradora Portable!,Adventure,t,2009-04-30,41
7754,New International Track & Field,Sports,t,2008-07-22,41
3697,Final Approach 2: 1st Priority Portable,Adventure,t,2009-04-30,41
9956,Shinseiki Evangelion: Koutetsu No Girlfriend 2nd Portable,Adventure,t,2009-06-11,41
6418,Major Minor'S Majestic March (Jp Sales),Misc,t,2009-04-02,41
4691,Hayarigami Ds: Toshidensetsu Kaii Jiken,Adventure,t,2009-06-11,41
10934,Superman: The Man Of Steel,Action,t,2002-11-19,41
1955,Cooking Mama: World Kitchen,Simulation,t,2008-11-18,41
1432,Cabela'S Outdoor Adventures (2006),Sports,t,2005-09-14,41
1410,Cabela'S African Safari,Sports,t,2006-10-17,41
1940,Contra Advance: The Alien Wars Ex,Shooter,t,2002-11-03,41
1488,Calling,Adventure,t,2010-03-09,41
5706,Ketsui Death Label,Shooter,t,2008-10-23,41
9624,Schlag Den Raab,Misc,t,2010-09-10,41
6417,Major Minor'S Majestic March,Misc,t,2009-04-02,41
4538,Hakushaku To Yousei: Yume To Kizuna Ni Omoi Hasete,Adventure,t,2009-04-30,41
13249,Zettai Geigeki Wars,Action,t,2015-07-02,41
2214,Dance Factory,Action,t,2006-08-29,41
6294,Macross ? Scramble,Action,t,2016-10-20,41
4971,Hyperdimension Neptunia Re;Birth 3: V Generation,Action,t,2015-06-30,41
5048,Imagine: Ballet Star,Simulation,t,2008-11-18,41
8229,Pachi & Slot Hisshoubon Ds,Misc,t,2009-03-26,41
10189,Slotter Up Core 11: Kyoujin No Hoshi Iv,Misc,t,2009-03-26,41
4346,Gravity Falls: Legend Of The Gnome Gemulets,Action,t,2015-10-20,41
13103,Yes! Precure 5,Action,t,2007-11-29,41
8395,Petz: Crazy Monkeyz,Simulation,t,2008-11-18,41
5727,Kids Pack: Open Season / Surf'S Up,Misc,t,2009-03-27,41
3301,Espn Great Outdoor Games Bass 2002,Sports,t,2001-11-29,41
13206,Yuu Yuu Hakusho Ds: Ankoku Bujutsukai Hen,Action,t,2006-09-21,41
9733,Sega Soccer Slam,Sports,t,2002-09-02,41
6802,Miami Law,Adventure,t,2009-06-09,41
8375,Petz Catz Clan,Simulation,t,2008-11-18,41
7300,My French Coach,Misc,t,2007-11-30,41
93,50 Cent: Bulletproof,Action,t,2006-08-29,41
7327,My Spanish Coach,Misc,t,2007-11-30,41
3818,Flowers: Natsu-Hen,Action,t,2015-10-22,41
4191,Gintama Ds: Yorozuya Daisoudou,Action,t,2006-09-21,41
4885,Horrible Histories: Ruthless Romans,Adventure,t,2010-03-14,41
5596,Kamiwaza,Action,t,2006-08-31,41
8604,Popcap Arcade Vol 2,Misc,t,2009-03-27,41
12021,Tony Hawk'S Underground,Sports,t,2003-10-28,41
6947,Mlb Slugfest 20-03,Sports,t,2002-08-26,41
2733,Doala De Wii,Misc,t,2009-04-02,41
8383,Petz Monkeyz House,Simulation,t,2008-11-18,41
9015,Raving Rabbids: Travel In Time,Adventure,t,2010-11-21,41
434,Anpanman To Touch De Waku Waku Training,Misc,t,2009-09-03,41
9530,Sam & Max: Beyond Time And Space,Adventure,t,2010-03-09,41
5066,Imagine: Movie Star,Simulation,t,2008-11-18,41
12016,Tony Hawk'S Pro Skater 3,Sports,t,2001-11-13,41
2142,D.C.I.F.: Da Capo Innocent Finale,Adventure,t,2009-04-30,41
6038,Lego Harry Potter Collection,Action,t,2016-10-18,41
11784,Thor: God Of Thunder,Action,t,2011-09-13,41
4053,Galidor: Defenders Of The Outer Dimension,Action,t,2002-10-29,41
11708,The Sum Of All Fears,Action,t,2002-11-19,41
11783,Thomas And Friends: Steaming Around Sodor,Action,t,2015-10-02,41
3577,Fashion Studio: Paris Collection,Misc,t,2009-03-31,41
12740,Wii De Asobu Chibi-Robo!,Adventure,t,2009-06-11,41
8139,Original Frisbee Disc Sports: Ultimate & Golf,Action,t,2007-09-18,41
4513,Hakuoki: Reimeiroku - Omouhase Kara,Action,t,2015-07-02,41
2304,Dave Mirra Freestyle Bmx 2,Sports,t,2001-11-28,41
6397,Majin And The Forsaken Kingdom,Adventure,t,2010-11-23,41
4697,He-Man: Power Of Grayskull,Action,t,2002-10-29,41
1013,Bioshock,Shooter,t,2008-10-21,41
2272,Dark Summit,Sports,t,2001-11-12,41
2409,Def Jam Fight For Ny: The Takeover,Action,t,2006-08-29,41
1324,Buck Fever,Sports,t,2009-11-17,40
339,Alpha And Omega,Action,t,2010-09-14,40
11739,The Walking Dead: A Telltale Series Collection,Adventure,t,2017-12-05,40
6020,Legendary Fishing,Sports,t,2018-09-18,40
2864,Dragon'S Dogma: Dark Arisen,Role-Playing,t,2017-10-03,40
5060,Imagine: Figure Skater (Us Sales),Sports,t,2008-03-04,40
9322,Rocky,Fighting,t,2002-11-17,40
1431,Cabela'S Outdoor Adventures,Sports,t,2005-09-14,40
7622,Nba Shootout 2003,Sports,t,2002-09-25,40
11205,Test Drive,Racing,t,2002-05-27,40
13253,Zettai Meikyuu: Himitsu No Oya Yubi Hime,Action,t,2015-07-30,40
8728,Pripara Mezameyo! Megami No Dress Design,Action,t,2016-11-10,40
6280,M&M'S Kart Racing,Racing,t,2007-10-25,40
3224,Elex,Role-Playing,t,2017-10-17,40
8105,Ookami Kakushi,Action,t,2009-08-20,40
10689,Street Hoops,Sports,t,2002-11-28,40
228,Aggressive Inline,Sports,t,2002-08-27,40
1037,Black Mirror,Adventure,t,2017-11-28,40
4207,Gladiator Begins,Action,t,2010-09-14,40
11526,The Legend Of Spyro: The Eternal Night,Platform,t,2007-10-02,40
10608,Start The Party!,Misc,t,2010-09-07,40
1431,Cabela'S Outdoor Adventures,Sports,t,2005-09-13,40
7817,Nhl 18,Sports,t,2017-09-15,40
10097,Sine Mora Ex,Action,t,2017-08-08,40
11856,Tir Na Nog Yuukyuu No Jin,Role-Playing,t,2009-04-29,40
4797,Higurashi Daybreak Portable Mega Edition,Adventure,t,2009-11-26,40
1283,Bridge Training,Misc,t,2009-04-03,40
13219,Zaidan Houjin Nippon Kanji Nouryoku Kentei Kyoukai Kounin: Kanken Ds 2 + Jouyou Kanji Jiten,Misc,t,2007-09-27,40
10572,Star Wars: Jedi Power Battles,Action,t,2002-11-21,40
8442,Phineas And Ferb Ride Again,Action,t,2010-09-14,40
12688,We Cheer,Simulation,t,2008-09-30,40
6400,Majin Tantei Nougami Neuro: Neuro To Miko No Bishoku Sanmai,Adventure,t,2008-06-12,40
9719,Sega Bass Fishing Duel,Sports,t,2002-09-23,40
4228,Go! Princess Precure Sugar Oukoku To 6-Nin No Princess!,Action,t,2015-07-30,40
9156,Resident Evil: Revelations,Action,t,2017-08-29,40
2862,Dragon'S Dogma Online: Season 2,Action,t,2016-06-30,40
11857,Titan Quest,Action,t,2018-03-20,40
4665,Harvest Moon: Tree Of Tranquility,Simulation,t,2008-09-30,40
11591,The Pillars Of The Earth,Adventure,t,2017-11-28,40
3154,Ea Sports Active: More Workouts,Sports,t,2009-11-17,40
7531,Natsumegu,Action,t,2015-07-30,40
9105,Redcard 20-03,Sports,t,2002-06-24,40
5179,Iron Chef America: Supreme Cuisine,Simulation,t,2008-11-18,40
98,7 Days To Die,Action,t,2016-06-28,40
11946,Tom Clancy'S Endwar,Strategy,t,2008-11-04,40
5924,Kung Fu Rider,Action,t,2010-09-17,40
5042,Imagine Figure Skater (Jp Sales),Sports,t,2008-03-04,40
3143,Dynasty Warriors: Strikeforce,Action,t,2010-02-16,40
6769,Metal Gear Survive,Action,t,2018-02-20,40
5833,Klap!! Kind Love And Punish,Action,t,2015-07-30,40
12693,We Love Golf!,Sports,t,2008-07-15,40
4337,Grand Theft Auto: Vice City,Action,t,2002-10-28,40
10509,Ssx Tricky,Sports,t,2001-11-05,40
12514,Viking: Battle For Asgard,Action,t,2008-03-25,40
3518,Family Jockey,Sports,t,2008-03-06,40
3962,Fuel,Racing,t,2009-06-02,40
7123,Mortal Kombat: Deadly Alliance,Fighting,t,2002-11-20,40
12108,Toukiden 2,Action,t,2017-03-21,40
11167,Tenchu Z,Action,t,2007-06-12,40
6755,Metal Gear Solid V: Ground Zeroes,Action-Adventure,t,2014-03-18,40
2765,Domino Rally,Action,t,2009-08-18,40
9698,Secret Files: Tunguska,Adventure,t,2010-03-10,40
279,Akogare Girls Collection: Wan Nyan Doubutsu Byouin - Suteki Na Juui-San Ni Narou!,Action,t,2015-07-30,40
7346,Mysims Racing,Racing,t,2009-06-08,40
11253,The Adventures Of Jimmy Neutron Boy Genius: Jet Fusion,Action,t,2003-09-16,40
4911,Hot Shots Golf: Out Of Bounds,Sports,t,2008-03-18,40
4834,"Hisshou Pachinko*Pachi-Slot Kouryaku Series Vol. 11: Shinseiki Evangelion - Magokoro O, Kimi Ni",Misc,t,2007-09-27,40
10356,South Park: The Fractured But Whole,Role-Playing,t,2017-10-17,40
2669,Disney'S Treasure Planet,Action,t,2002-11-11,40
3205,Eiken Ds,Misc,t,2007-09-27,40
849,Battle Chasers: Nightwar,Role-Playing,t,2017-10-03,40
2810,Dorabase 2: Nettou Ultra Stadium,Sports,t,2009-11-19,40
11342,The Escapists 2,Action,t,2017-08-22,40
7384,Nacho Libre,Action,t,2006-10-26,40
5259,Jake Hunter: Detective Chronicles,Adventure,t,2008-06-11,40
11308,The Croods: Prehistoric Party!,Action,t,2013-03-19,40
11438,The Incredible Hulk,Action,t,2008-06-05,40
10388,Spec Ops: Airborne Commando,Shooter,t,2002-10-31,40
6649,Mega Man Legacy Collection 2,Action,t,2017-08-08,40
226,Agents Of Mayhem,Action,t,2017-08-15,40
5274,James Cameron'S Dark Angel,Action,t,2002-11-20,40
1011,Bionicle Heroes,Shooter,t,2006-11-14,40
7649,Ncaa Football 09 All-Play,Sports,t,2008-07-15,40
7320,My Pet Hotel 2,Simulation,t,2008-09-26,40
9485,Saiki Kusuo No Psi-Nan: Shijou Psi-Dai No Psi-Nan!?,Action,t,2016-11-10,40
7684,Need For Speed Carbon: Own The City,Racing,t,2006-10-31,40
3030,Driving Theory Training 2009/2010 Edition,Misc,t,2009-08-28,40
6405,Major Dream: Major Wii Perfect Closer,Sports,t,2008-12-11,40
9430,Run For Money Cho Tousouchuu,Action,t,2015-07-09,40
6072,Leisure Suit Larry: Box Office Bust,Adventure,t,2009-05-05,40
4951,Hunter: The Reckoning,Action,t,2002-11-18,40
6904,Mirror'S Edge,Platform,t,2008-11-11,40
12205,Troll And I,Action,t,2017-03-21,40
6321,Madden Nfl 17,Sports,t,2016-08-23,40
2296,Date-A-Live Twin Edition: Rio Reincarnation,Action,t,2015-07-30,40
740,Bae Yong-Joon To Manabu Kankokugo Ds,Misc,t,2009-09-19,40
11988,Tomb Raider: Anniversary,Action,t,2007-06-05,40
7605,Nba Live 18,Sports,t,2017-09-15,40
9961,Shinsouhan Heart No Kuni No Alice: Wonderful Wonder World,Action,t,2015-07-30,40
6159,Live-On Ds,Action,t,2009-08-20,40
5464,Jojo No Kimyou Na Bouken: Phantom Blood,Action,t,2006-10-26,40
11973,Tom Clancy'S Splinter Cell,Action,t,2002-11-17,40
8301,Paw Patrol On A Roll,Platform,t,2018-10-23,39
7303,My Frogger: Toy Trials,Action,t,2006-11-13,39
10455,Spongebob Squarepants: Revenge Of The Flying Dutchman,Action,t,2002-11-21,39
179,Adventure Time: Explore The Dungeon Because I Don'T Know!,Action-Adventure,t,2013-11-19,39
6000,Learn Science,Misc,t,2010-12-07,39
111,99 No Namida,Adventure,t,2008-06-05,39
8983,Rampage: Total Destruction,Action,t,2006-11-14,39
9734,Sega Superstars,Misc,t,2004-11-03,39
3119,Dynasty Warriors 5,Action,t,2005-09-13,39
12990,Wwe '13,Sports,t,2012-10-30,39
5552,Kabu Trader Shun,Action,t,2007-06-07,39
11865,Tna Impact!,Fighting,t,2008-09-09,39
1157,Bob The Builder: Festival Of Fun,Action,t,2009-05-22,39
3586,Fatal Frame,Action,t,2002-11-22,39
11124,Technic Beat,Misc,t,2004-11-02,39
10503,Srs: Street Racing Syndicate,Racing,t,2004-08-31,39
493,Archer Maclean'S 3d Pool,Misc,t,2004-11-03,39
1669,Charlotte'S Web,Action,t,2006-11-14,39
12628,Warhammer: Battle For Atluma,Action,t,2006-11-14,39
12350,Ultimate Spider-Man,Action,t,2005-09-21,39
11979,Tom Clancy'S Splinter Cell: Double Agent,Action,t,2006-10-26,39
3532,Fantastic 4,Action,t,2005-06-27,39
2817,Doraemon Wii: Himitsu Douguou Ketteisen!,Misc,t,2007-12-06,39
3309,Espn Nba 2night 2002,Sports,t,2002-02-25,39
10474,Sports Illustrated For Kids: Football,Sports,t,2003-08-31,39
8391,Petz Wild Animals: Dolphinz,Simulation,t,2007-10-16,39
4144,Genji: Days Of The Blade,Action,t,2006-11-14,39
4582,Haneru No Tobira Wii: Girigirissu,Misc,t,2007-12-06,39
3770,Fish Tycoon,Simulation,t,2007-10-16,39
617,Asterix At The Olympic Games,Sports,t,2008-02-29,39
12413,Urban Reign,Action,t,2005-09-13,39
4581,Haneru No Tobira Ds: Tanshuku Tetsudou No Yoru,Misc,t,2007-12-06,39
5261,Jake Power: Fireman,Adventure,t,2009-02-10,39
5618,Karaoke Joysound Wii Super Dx: Hitori De Minna De Utai Houdai!,Misc,t,2010-12-09,39
11389,The Grim Adventures Of Billy & Mandy,Action,t,2006-11-16,39
5620,Karaoke Revolution,Misc,t,2004-11-10,39
2668,Disney'S Treasure Planet,Action,t,2002-10-31,39
725,Backyard Nfl Football,Sports,t,2002-09-25,39
9140,Resident Evil - Code: Veronica X,Action,t,2003-12-03,39
10798,Super Auto Salon: Custom Car Contest,Misc,t,2009-04-09,39
7037,Monster Band,Misc,t,2009-03-02,39
5628,Karaoke Revolution Volume 3,Misc,t,2004-11-09,39
3206,Eiken Kakomon Daishuuroku: Eiken Ds 2 Deluxe,Misc,t,2009-04-09,39
7564,Nba 2k2,Sports,t,2002-02-27,39
3579,Fashionable Puppy: Oshare Na Koinu Ds,Simulation,t,2007-10-18,39
10080,"Simple 2500 Series Portable!! Vol. 12: The Hohei 2: Senyuu Yo, Sakini Ike",Action,t,2009-07-30,39
3151,Ea Replay,Action,t,2006-11-14,39
5274,James Cameron'S Dark Angel,Action,t,2002-11-18,39
9942,Shinobi,Action,t,2002-11-10,39
13220,Zaidan Houjin Nippon Kanji Nouryoku Kentei Kyoukai Kounin: Kanken Ds3 Deluxe,Misc,t,2009-04-09,39
10303,Sonic Mega Collection Plus,Misc,t,2004-11-02,39
718,Backyard Baseball '09,Sports,t,2008-03-25,39
11546,The Lord Of The Rings: The Two Towers,Action,t,2002-11-11,39
12808,Winx Club: Quest For The Codex,Action,t,2006-11-13,39
6005,Left Brain Right Brain: Use Both Hands Train Both Sides,Misc,t,2007-12-04,39
1993,Cranium Kabookii,Misc,t,2007-12-04,39
9687,Seaman 2: Peking Genjin Ikusei Kit,Simulation,t,2007-10-18,39
9311,Rocket Power: Zero Gravity Zone,Sports,t,2003-09-04,39
12350,Ultimate Spider-Man,Action,t,2005-09-19,39
13194,Yu Yu Hakusho Ghost Files: Spirit Detective,Action,t,2003-12-02,39
2713,Diva Girls: Diva Dancers,Misc,t,2009-04-09,39
9638,Scooby-Doo! Unmasked,Platform,t,2005-10-18,39
7157,Motogp 07,Racing,t,2007-10-23,39
830,Batman: Arkham Origins,Action-Adventure,t,2013-10-25,39
1473,Call Of Duty: Modern Warfare 2,Shooter,t,2009-11-10,38
13051,Xbox Live Arcade,Misc,t,2004-11-04,38
3530,Fancy Nancy: Tea Party Time!,Adventure,t,2010-09-14,38
13069,Xiaolin Showdown,Action,t,2006-11-14,38
4936,House M.D.,Adventure,t,2010-09-14,38
2274,Dark Void,Action,t,2010-01-19,38
7332,My Virtual Tutor: Reading Adventure First To Second Grade,Misc,t,2009-09-11,38
367,American Bass Challenge,Sports,t,2001-12-05,38
6710,Memories Off 2nd,Adventure,t,2008-05-29,38
1276,Breath: Toiki Wa Akaneiro,Adventure,t,2008-06-26,38
9250,River King: Wonderful Journey,Sports,t,2006-03-28,38
10053,Silent Scope 3,Shooter,t,2002-10-15,38
344,Altered Beast: Guardian Of The Realms,Action,t,2002-11-23,38
3991,Fushigi Yuugi: Suzaku Ibun,Adventure,t,2008-05-29,38
10802,Super Black Bass Fishing,Sports,t,2006-03-28,38
5046,Imagine: Babyz,Simulation,t,2007-10-23,38
473,Aragami,Action,t,2016-10-11,38
10022,Shuumatsu Otome Gensou Alicematic Apocalypse,Adventure,t,2008-05-29,38
6848,Mike Tyson Boxing,Sports,t,2002-03-06,38
5369,Jikkyou Powerful Major League 2009,Sports,t,2009-04-29,38
3775,Fisherman'S Bass Club,Sports,t,2002-11-30,38
3829,Football Manager 2008,Sports,t,2008-03-28,38
4805,Higurashi No Nakukoru Ni Kizuna: Dai-Ichi-Kan - Tatari,Adventure,t,2008-06-26,38
12985,Wsc Real 11: World Snooker Championship,Sports,t,2011-04-15,38
313,All-Star Baseball 2003,Sports,t,2002-02-26,38
1147,Blue Roses: Yousei To Aoi Hitomi No Senshitachi,Adventure,t,2010-09-16,38
12783,Winning Post 6,Sports,t,2003-08-28,38
7334,My Virtual Tutor: Reading Adventure Pre-K To Kindergarten,Misc,t,2009-09-11,38
12474,Vamwolf Cross,Action,t,2015-07-23,38
11818,Tiger Woods Pga Tour 2002,Sports,t,2002-02-24,38
5051,Imagine: Champion Rider 2009,Sports,t,2009-06-19,38
508,Aria: The Origination ~Aoi Wakusei No El Cielo~,Adventure,t,2008-06-26,38
7333,My Virtual Tutor: Reading Adventure Kindergarten To First,Misc,t,2009-09-11,38
5382,Jikkyou Powerful Pro Yakyuu 11,Sports,t,2004-07-15,38
7553,Nba 2k Playgrounds 2,Sports,t,2018-10-16,38
899,Battlezone,Action,t,2016-10-13,38
6494,Marvel Disk Wars: Avengers - Ultimate Heroes,Action,t,2014-11-13,38
9144,Resident Evil 5,Action,t,2016-07-12,38
2850,Dr. Seuss' The Cat In The Hat,Adventure,t,2003-11-05,38
8173,Outlast Trinity,Action,t,2017-04-25,38
11597,The Powerpuff Girls: Relish Rampage,Action,t,2002-11-24,38
8699,Prince Of Persia: Rival Swords,Action,t,2007-04-03,38
10276,Song Of The Deep,Action,t,2016-07-12,38
9422,Rugrats: I Gotta Go Party,Action,t,2002-11-08,38
4115,Gauntlet: Dark Legacy,Action,t,2002-11-25,38
6706,Memories Off,Adventure,t,2008-05-29,38
6025,Legends Of Wrestling Ii,Fighting,t,2002-11-26,38
10782,Summon Night 6: Lost Borders,Role-Playing,t,2017-10-31,38
5839,Klonoa Beach Volleyball,Sports,t,2002-09-20,38
9454,Rygar: The Legendary Adventure,Action,t,2002-11-25,38
5043,Imagine: Animal Doctor,Simulation,t,2007-10-23,38
7039,Monster Boy And The Cursed Kingdom,Action-Adventure,t,2018-11-06,38
12262,Tv Anime Idolm@Ster: Cinderella Girls G4u! Pack Vol.3,Action,t,2015-07-23,38
6447,Maplus: Portable Navi 3,Misc,t,2009-09-10,38
1366,Burnout Revenge,Racing,t,2005-09-13,38
12460,Valkyrie Drive: Bhikkhuni,Action,t,2016-10-11,38
7373,Mystic Heroes,Action,t,2002-11-24,38
3020,Driver 2 Advance,Action,t,2002-10-22,38
7256,Mvp Baseball 2003,Sports,t,2003-03-10,38
12967,Wrc 2: Fia World Rally Championship,Racing,t,2011-10-14,38
9218,Rigs: Mechanized Combat League,Action,t,2016-10-13,38
7785,Nfl Gameday 2002,Sports,t,2001-12-03,38
6898,Minority Report: Everybody Runs,Action,t,2002-11-19,38
4786,High Rollers Casino,Misc,t,2004-11-10,38
4158,Get Fit With Mel B,Sports,t,2011-09-14,38
9109,Reel Fishing Iii,Sports,t,2003-09-11,38
5488,Jump Start Pet Rescue,Misc,t,2009-09-08,38
5138,Intellivision Lives!,Misc,t,2004-11-04,38
1746,Chrysler Classic Racing,Racing,t,2008-11-25,38
12183,Trick X Logic: Season 2,Adventure,t,2010-09-16,38
12810,Winx Club: Saving Alfea,Action,t,2014-11-11,38
10795,Sunset Overdrive,Action,t,2014-10-28,38
1420,Cabela'S Big Game Hunter: Ultimate Challenge,Sports,t,2001-12-04,38
4283,Goldeneye 007,Shooter,t,2010-11-02,38
7317,My Make-Up,Misc,t,2009-08-18,38
7821,Nhl 2002,Sports,t,2001-12-10,38
4846,Hitman 2,Action-Adventure,t,2018-11-13,38
7364,Mystery P.I. - Portrait Of A Thief,Adventure,t,2008-12-23,38
7668,Ncaa Gamebreaker 2004,Sports,t,2003-08-27,38
5065,Imagine: Master Chef,Simulation,t,2007-10-23,38
131,A Way Out,Action,t,2018-03-23,38
12086,Touch Detective Funghi Rhythm,Action,t,2014-11-13,38
482,Arcade Zone,Misc,t,2009-09-08,38
2139,D.C. Ii P.S.: Da Capo Ii Plus Situation,Adventure,t,2008-05-29,38
7787,Nfl Gameday 2004,Sports,t,2003-08-27,38
13287,Zoo Hospital,Simulation,t,2007-10-23,38
8112,Operation Flashpoint: Dragon Rising,Shooter,t,2009-10-06,38
12013,Tony Hawk'S Pro Skater,Sports,t,2000-02-29,38
2869,Dragon Age Ii,Role-Playing,t,2011-03-08,38
6485,Mark Davis Pro Bass Challenge,Sports,t,2003-08-27,38
832,Batman: Arkham Vr,Action,t,2016-10-11,38
4366,Gremlins: Stripe Vs Gizmo,Action,t,2002-11-27,38
8738,Pro Cast Sports Fishing,Sports,t,2003-08-27,38
8106,Ookami To Koushinryou: Boku To Horo No Ichinen,Adventure,t,2008-06-26,38
11302,The Conveni Ds: Otona No Keiei Ryoku Training,Simulation,t,2008-11-27,38
12254,Turning Point: Fall Of Liberty,Shooter,t,2008-02-26,38
3311,Espn Nfl 2k5,Sports,t,2004-07-20,38
10401,Speed Kings,Racing,t,2003-05-28,38
8320,Pdc World Championship Darts 2008,Sports,t,2009-06-16,38
12124,Toy Story Mania!,Misc,t,2009-09-15,38
11891,Toejam & Earl Iii: Mission To Earth,Action,t,2002-10-23,38
2394,Deca Sports Extreme,Sports,t,2011-09-13,38
1784,Clannad,Adventure,t,2008-05-29,38
4180,Ghostbusters (2016),Action,t,2016-07-12,38
4577,Hanayoi Romanesque: Ai To Kanashimi,Adventure,t,2008-05-29,38
11892,Togainu No Chi: True Blood,Adventure,t,2008-05-29,38
5991,Last Window: The Secret Of Cape West,Adventure,t,2010-09-17,38
8195,Overlord: Raising Hell,Adventure,t,2008-06-24,38
5484,Juiced 2: Hot Import Nights,Racing,t,2007-10-22,38
4099,Gardening Guide: How To Get Green Fingers,Misc,t,2009-08-14,38
3313,Espn Nfl Primetime 2002,Sports,t,2001-12-02,38
8322,Pdc World Championship Darts 2009,Sports,t,2009-06-16,38
5055,Imagine: Fashion Designer,Simulation,t,2007-10-23,38
9098,Red Faction Ii,Shooter,t,2002-10-15,38
7782,Nfl Fever 2004,Sports,t,2003-08-27,38
12986,Wta Tour Tennis,Sports,t,2002-03-26,38
9718,Sega Bass Fishing,Sports,t,2008-02-26,38
9280,Robot Alchemic Drive,Action,t,2002-11-04,37
1254,Bratz: Rock Angelz,Misc,t,2005-10-05,37
7667,Ncaa Gamebreaker 2003,Sports,t,2002-08-14,37
7729,Nerf N-Strike,Shooter,t,2008-10-28,37
8769,Pro Yakyuu Famista Ds 2009,Sports,t,2009-04-02,37
1313,Brunswick Pro Bowling,Sports,t,2011-09-20,37
10509,Ssx Tricky,Sports,t,2001-12-10,37
11806,Tiger Woods Pga Tour 07,Sports,t,2006-10-17,37
9115,Reign Of Fire,Shooter,t,2002-10-31,37
8259,Pangya: Fantasy Golf,Sports,t,2009-06-23,37
12811,Winx Club: Saving Alfea,Action,t,2014-10-31,37
8646,Power Pro Kun Pocket 4,Sports,t,2002-03-02,37
9405,Rugby 2004,Sports,t,2003-09-16,37
8087,Onechanbara Z2: Chaos,Action,t,2015-07-21,37
1078,Blazing Angels 2: Secret Missions Of Wwii,Simulation,t,2007-11-06,37
788,Barbie Horse Adventures: Blue Ribbon Race,Sports,t,2003-09-17,37
7572,Nba Ballers: Phenom,Sports,t,2006-03-29,37
7786,Nfl Gameday 2003,Sports,t,2002-08-12,37
12558,Vitamin X Evolution Plus,Adventure,t,2010-09-09,37
5785,King Of Clubs,Sports,t,2008-03-20,37
3841,Football Manager Handheld 2011,Sports,t,2010-11-26,37
13214,Yuuzai X Muzai,Adventure,t,2009-05-21,37
4889,Horse Life,Simulation,t,2007-11-06,37
12869,World Championship Poker,Misc,t,2004-11-03,37
7228,Muppets Movie Adventures,Action,t,2014-11-07,37
6737,Mesaze!! Tsuri Master: Sekai Ni Challenge! Hen,Sports,t,2008-07-24,37
5179,Iron Chef America: Supreme Cuisine,Simulation,t,2008-11-25,37
3641,Fifa Football,Sports,t,2011-09-27,37
9816,Shadow Of The Colossus,Adventure,t,2005-10-18,37
7905,Nihon Yakyuu Kikou Shounin: Batting Revolution,Sports,t,2009-07-16,37
5580,Kamen Rider Ryuki,Action,t,2002-11-28,37
262,Akai Ito Ds,Adventure,t,2008-12-25,37
4278,Golden Nugget Casino,Misc,t,2004-11-16,37
4336,Grand Theft Auto: The Trilogy,Adventure,t,2005-10-19,37
4173,Ghost In The Shell: Stand Alone Complex,Adventure,t,2005-10-26,37
11235,Texas Hold 'Em Poker,Misc,t,2004-11-01,37
1254,Bratz: Rock Angelz,Misc,t,2005-10-06,37
12003,Tongari Boushi To Oshare Na Mahou Tsukai,Action,t,2011-12-10,37
1458,Call Of Cthulhu: Dark Corners Of The Earth,Adventure,t,2005-10-24,37
10452,Spongebob Squarepants: Game Boy Advance Video Volume 3,Misc,t,2004-11-01,37
10091,Simple Ds Series Vol. 48: The Saibanin: 1-Tsu No Shinjitsu 6-Tsu No Kotae,Adventure,t,2009-05-21,37
1949,Cooking Mama 2: Dinner With Friends,Simulation,t,2007-11-13,37
904,Beach Spikers: Virtua Beach Volleyball,Sports,t,2002-08-12,37
8167,Our House Party!,Simulation,t,2009-09-22,37
981,Big Bumpin',Action,t,2006-11-19,37
12276,Twin Strike: Operation Thunder,Shooter,t,2008-10-28,37
3057,Duel Masters: Kaijudo Showdown,Misc,t,2004-11-16,37
11350,The Fairly Odd Parents: Clash With The Anti-World,Adventure,t,2005-10-18,37
3317,Espn Winter X Games: Snowboarding 2002,Sports,t,2002-03-04,37
6108,Lifesigns: Surgical Unit,Simulation,t,2007-11-06,37
6750,Metal Gear Solid 2: Substance,Action,t,2002-11-04,37
11796,Thunder Force Vi,Shooter,t,2008-10-30,37
10011,Shrek The Third,Action,t,2007-06-05,37
8548,Pocky & Rocky With Becky,Shooter,t,2002-10-18,37
1332,Build-A-Bear Workshop,Simulation,t,2007-11-05,37
7314,My Little Baby,Simulation,t,2008-11-21,37
12922,World Soccer Winning Eleven 5 Final Evolution,Sports,t,2001-12-13,37
10014,Shrek: Ogres & Dronkeys,Simulation,t,2007-11-05,37
6898,Minority Report: Everybody Runs,Action,t,2002-11-12,37
3576,Fashion Designer: Style Icon,Simulation,t,2007-11-09,37
401,Angelique: Maren No Rokukishi,Adventure,t,2011-11-17,36
10117,Singstar Party,Misc,t,2004-11-19,36
8588,Pony Friends 2,Simulation,t,2010-02-23,36
11741,The Walking Dead: Season Two,Misc,t,2014-10-21,36
8403,Petz: Horseshoe Ranch,Adventure,t,2009-02-03,36
5514,Just Cause 2,Action,t,2010-03-23,36
6035,Lego Dc Super-Villains,Action-Adventure,t,2018-10-16,36
12442,Uwasa No Midori-Kun!! 2 Futari No Midori!?,Adventure,t,2008-08-21,36
1680,Chessmaster,Misc,t,2004-10-26,36
4831,Hisshou Pachinko*Pachi-Slot Kouryaku Series Ds Vol. 5: Shinseiki Evangelion - Tamashii No Kiseki,Misc,t,2010-06-03,36
10306,Sonic Riders: Zero Gravity,Racing,t,2008-01-08,36
4269,Gold'S Gym: Cardio Workout,Sports,t,2009-03-25,36
5136,Instant Brain,Adventure,t,2011-11-10,36
13162,Yu-Gi-Oh! Capsule Monster Coliseum,Misc,t,2004-10-26,36
7629,Nba Street Homecourt,Sports,t,2007-03-06,36
10250,Soccer Tsuku 2002: J-League Pro Soccer Club O Tsukurou!,Sports,t,2002-03-07,36
7828,Nhl 2k6,Sports,t,2005-09-07,36
3305,Espn Mls Extratime 2002,Sports,t,2002-03-27,36
149,Ace Attorney Investigations: Miles Edgeworth,Adventure,t,2010-02-16,36
371,American Girl: Kit Mystery Challenge!,Adventure,t,2008-06-23,36
3272,Enkaku Sousa: Sana E No 23 Hiai,Adventure,t,2009-02-05,36
8219,Pac-Man World 3,Platform,t,2005-11-17,36
7781,Nfl Fever 2003,Sports,t,2002-08-05,36
5143,International Athletics,Sports,t,2008-07-25,36
2630,Disney'S Chicken Little,Platform,t,2005-10-18,36
11470,The King Of Fighters Collection: The Orochi Saga,Fighting,t,2008-10-28,36
2302,Dave Mirra Bmx Challenge,Sports,t,2006-11-02,36
4636,Harukanaru Toki No Naka De: Yumenoukihashi,Adventure,t,2008-08-21,36
8479,Pinball Hall Of Fame: The Gottlieb Collection,Misc,t,2004-11-18,36
882,Battlefield 3,Shooter,t,2011-10-25,36
5559,Kaidan Restaurant: Ura Menu 100-Sen,Misc,t,2010-06-03,36
10421,Spider-Man: The Movie,Action,t,2002-04-15,36
6699,Meitantei Conan & Kindaichi Shounen No Jikenbou: Meguri Au Futari No Meitantei,Adventure,t,2009-02-05,36
9733,Sega Soccer Slam,Sports,t,2002-08-22,36
7589,Nba Jam 2002,Sports,t,2002-02-17,36
1213,Borderlands,Shooter,t,2009-10-20,36
2245,Dante'S Inferno,Action,t,2010-02-09,36
9246,River City Soccer Hooligans,Sports,t,2010-06-15,36
2677,Disney Fairies: Tinker Bell And The Great Fairy Rescue,Adventure,t,2010-09-21,36
12140,Transformer: Rise Of The Dark Spark,Shooter,t,2014-06-24,36
11921,Tokyo Majin Gakuen: Kenfuuchou,Adventure,t,2008-08-21,36
12016,Tony Hawk'S Pro Skater 3,Sports,t,2002-08-20,36
4284,Goldeneye 007: Reloaded,Shooter,t,2011-11-01,36
1790,Classic British Motor Racing,Racing,t,2007-10-26,36
4065,Gallop Racer Inbreed,Sports,t,2006-11-02,36
4832,Hisshou Pachinko*Pachi-Slot Kouryaku Series Portable Vol. 1: Shinseiki Evangelion - Tamashii No Kiseki,Misc,t,2010-06-03,36
4786,High Rollers Casino,Misc,t,2004-11-07,36
9091,Red Bull Bc One,Misc,t,2008-09-16,36
10365,Space Chimps,Platform,t,2008-07-15,36
13222,Zaidan Houjin Nippon Kanji Nouryoku Kentei Kyoukai Koushiki Soft: 250 Banjin No Kanken Premium - Zenkyuu Zen-Kanji Kanzen Seiha,Misc,t,2009-04-23,36
431,Another Time Another Leaf: Kagami No Naka No Tantei,Adventure,t,2009-04-23,36
10408,Spelling Challenges And More!,Misc,t,2007-09-25,36
4598,Happy Feet,Adventure,t,2006-11-14,36
4919,Hot Wheels: Battle Force 5,Racing,t,2009-11-17,36
5592,Kami Naru Kimi To,Adventure,t,2011-10-20,36
6141,Little Red Riding Hood'S Zombie Bbq,Shooter,t,2008-11-06,36
9294,Rock Band 4,Music,t,2015-10-06,36
7847,Nhl Hitz 20-03,Sports,t,2002-09-15,36
9231,Rise Of The Argonauts,Action,t,2008-12-16,36
7234,Murdered: Soul Suspect,Action-Adventure,t,2014-06-03,36
11191,"Tennis No Oji-Sama: Doubles No Oji-Sama - Boys, Be Glorious!",Sports,t,2009-03-26,36
13267,Zoey 101: Field Trip Fiasco,Action,t,2007-09-11,36
12341,Ultimate Marvel Vs. Capcom 3,Fighting,t,2011-11-15,36
7570,Nba Ballers,Sports,t,2004-04-05,36
6124,Little Anchor,Adventure,t,2009-04-23,36
2682,Disney Infinity,Misc,t,2013-08-18,36
2635,Disney'S Extreme Skate Adventure,Sports,t,2003-09-04,36
2607,Disgaea 1 Complete,Role-Playing,t,2018-10-09,36
8241,Pachitte Chonmage Tatsujin 15: Pachinko Fuyu No Sonata 2,Misc,t,2008-12-25,36
10596,Starlink: Battle For Atlas,Action-Adventure,t,2018-10-16,36
7800,Nfl Tour,Sports,t,2008-01-08,36
4877,Honki De Manabu: Lec De Goukaku - Ds Takuchi Tatemono Torihiki Shuninsha,Misc,t,2009-02-26,36
12940,World Tour Soccer 2002,Sports,t,2002-02-17,36
5956,L.A. Rush,Racing,t,2005-10-11,36
8479,Pinball Hall Of Fame: The Gottlieb Collection,Misc,t,2004-11-16,36
12998,Wwe Crush Hour,Racing,t,2003-03-17,36
973,Bicycle Casino 2005,Misc,t,2004-10-26,36
634,Atari Anthology,Misc,t,2004-11-16,36
7272,Mx World Tour Featuring Jamie Little,Racing,t,2005-04-06,36
1397,Buzz! Quiz World,Misc,t,2009-12-18,36
3429,F1 2009,Racing,t,2009-11-17,36
10541,Star Wars Battlefront Ii (Us Sales),Shooter,t,2005-11-01,36
9099,Red Faction: Armageddon,Shooter,t,2011-06-07,36
5538,Just Sing! Vol. 2,Misc,t,2011-09-23,36
3147,E.X. Troopers,Action,t,2012-11-22,36
4784,High Heat Major League Baseball 2003,Sports,t,2002-03-05,36
6831,Midnight Mysteries: The Edgar Allan Poe Conspiracy,Adventure,t,2010-09-21,36
4270,Gold'S Gym: Cardio Workout (Others Sales),Sports,t,2009-03-25,36
4321,Grand Slam Tennis 2,Sports,t,2012-02-14,36
7793,Nfl Quarterback Club 2002,Sports,t,2001-12-14,36
13164,Yu-Gi-Oh! Destiny Board Traveler,Misc,t,2004-10-26,36
2301,Datenshi No Amai Yuuwaku X Kaikan Phrase,Adventure,t,2010-02-18,36
7518,Nascar Thunder 2004,Racing,t,2003-09-16,36
7821,Nhl 2002,Sports,t,2002-03-07,36
8114,Operation Flashpoint: Red River,Shooter,t,2011-06-07,36
11846,Timesplitters 2,Shooter,t,2002-10-16,36
8746,Pro Evolution Soccer 2008 (Jp Sales),Sports,t,2008-03-11,36
7326,My Secret World By Imagine,Misc,t,2008-09-16,36
1617,Centipede: Infestation,Shooter,t,2011-10-25,36
2423,Deformers,Action,t,2017-04-21,36
6712,Memories Off 6: T-Wave,Adventure,t,2008-08-21,36
1305,Brothers In Arms: Hell'S Highway,Shooter,t,2008-09-23,36
8753,Pro Evolution Soccer 2014,Sports,t,2013-09-24,36
2694,Disney Sing It: Family Hits,Misc,t,2010-08-03,36
10408,Spelling Challenges And More!,Misc,t,2007-09-24,36
11168,Tenchu: Dark Secret,Action,t,2006-08-21,36
2049,Crime Scene,Adventure,t,2010-02-16,36
7470,Naruto Ultimate Collection,Misc,t,2008-09-17,36
11403,The History Channel: Civil War - Secret Missions,Shooter,t,2008-11-04,36
5984,Last Bullet,Adventure,t,2009-04-23,36
3628,Fifa 07 Soccer,Sports,t,2006-10-17,36
7880,Nicktoons: Unite!,Adventure,t,2005-10-26,36
13238,Zero Escape The Nonary Games,Adventure,t,2017-03-24,36
7312,My Horse & Me: Riding For Gold,Sports,t,2009-03-26,36
10509,Ssx Tricky,Sports,t,2001-12-02,36
7899,Nights Of Azure 2: Bride Of The New Moon,Action,t,2017-10-24,36
7898,Nights Of Azure 2,Action,t,2017-10-24,36
11451,The Italian Job,Racing,t,2003-06-25,36
6060,Lego Soccer Mania,Sports,t,2002-06-17,36
4849,Hitman: Absolution,Action,t,2012-11-20,36
3732,Final Fantasy Xi: Vana'Diel Collection 2008,Role-Playing,t,2007-11-20,36
8216,Pac-Man Power Pack,Misc,t,2008-09-17,36
11030,Taiko Drum Master,Misc,t,2004-10-26,36
9887,Shin Koihime Musou: Otome Ryouran * Sangokushi Engi - Wu-Hen,Adventure,t,2010-09-22,36
932,Bejeweled 3,Puzzle,t,2011-11-15,36
7627,Nba Street,Sports,t,2002-02-17,36
12360,Umineko No Naku Koro Ni Portable 1,Adventure,t,2011-10-20,36
3733,Final Fantasy Xi: Wings Of The Goddess,Role-Playing,t,2007-11-20,36
4609,Harlem Globetrotters: World Tour,Sports,t,2007-03-07,36
1248,Bratz 4 Real,Adventure,t,2007-11-05,36
10040,Silent Hill 4: The Room,Adventure,t,2004-09-07,36
8812,Prostroke Golf: World Tour 2007,Sports,t,2007-03-08,36
7435,Narc,Shooter,t,2005-03-22,36
3926,Frisbee Disc Freestyle / Frisbee Disc Golf,Sports,t,2007-03-06,36
4231,"Go, Diego, Go! Safari Rescue",Adventure,t,2007-11-05,36
6019,Legendary,Shooter,t,2008-10-31,36
12302,Uchi No 3 Shimai Ds,Misc,t,2008-12-25,36
3098,Durarara!! 3-Way Standoff,Adventure,t,2010-09-22,36
11876,To Love-Ru Trouble: Darkness - True Princess,Action,t,2015-11-05,35
6012,Legend Of Kay,Action,t,2010-06-15,35
4591,Hannspree Ten Kate Honda: Sbk Superbike World Championship,Racing,t,2007-10-29,35
8811,Prostroke Golf: World Tour 2007,Sports,t,2006-09-12,35
5736,Kikou Heidan J-Phoenix: Cobalt Shoutaihen,Action,t,2002-12-05,35
7879,Nicktoons: Movin,Action,t,2004-10-21,35
12868,World Championship Games: A Track & Field Event,Sports,t,2009-03-10,35
1084,Bleach Ds 4th: Flame Bringer,Action,t,2009-08-06,35
9850,Shawn Johnson Gymnastics,Sports,t,2010-11-30,35
5395,Jikkyou Powerful Pro Yakyuu 2009,Sports,t,2009-03-19,35
3190,Eco Creatures: Save The Forest,Adventure,t,2008-03-04,35
8745,Pro Evolution Soccer 2008,Sports,t,2008-03-18,35
6269,Lupin Sansei: Shijou Saidai No Zunousen,Adventure,t,2010-02-11,35
8244,Pacific Liberator,Action,t,2009-09-15,35
7408,Nana: Live Staff Daiboshuu! Shoshinsha Kangei,Action,t,2007-06-21,35
8589,Pony Friends: Mini Breeds Edition,Simulation,t,2008-12-02,35
3623,Field & Stream: Total Outdoorsman Challenge,Sports,t,2010-06-22,35
9017,Raw Danger!,Action,t,2007-06-19,35
876,Battlebots: Beyond The Battlebox,Action,t,2002-12-10,35
730,Backyard Nfl Football 2007,Sports,t,2006-09-26,35
2519,Devil May Cry 4 Special Edition,Action,t,2015-06-23,35
9533,Sam Power: Footballer,Sports,t,2009-03-13,35
829,Batman: Arkham Knight,Action,t,2015-06-23,35
11343,The Escapists: The Walking Dead,Action,t,2016-02-19,35
12261,Tv Anime Idolm@Ster: Cinderella Girls G4u! Pack Vol.2,Action,t,2015-06-25,35
9018,Raw Danger! (Jp Sales),Action,t,2007-06-19,35
6564,Mc Groovz Dance Craze,Misc,t,2004-11-22,35
8149,Otogi 2: Immortal Warriors,Action,t,2004-10-21,35
4254,Godzilla (2015),Action,t,2015-07-14,35
2645,Disney'S Lilo & Stitch 2: Hamsterveil Havoc,Action,t,2004-10-12,35
3825,Football Academy,Sports,t,2009-03-20,35
9281,Robotech: Battlecry,Shooter,t,2002-10-11,35
9945,"Shinobi, Koi Utsutsu: Setsugetsuka Koi Emaki",Action,t,2015-06-25,35
7609,Nba Live 2002,Sports,t,2001-10-30,35
7828,Nhl 2k6,Sports,t,2005-09-06,35
7319,My Pet Dolphin,Simulation,t,2007-11-16,35
5599,Kan Colle Kai,Action,t,2016-02-18,35
10258,Socom: U.S. Navy Seals Confrontation,Shooter,t,2008-10-14,35
9054,Ready 2 Rumble Revolution,Sports,t,2009-03-17,35
4930,Hotel Giant Ds,Simulation,t,2008-11-28,35
4907,Hot Shots Golf 3,Sports,t,2002-03-11,35
1489,Calvin Tucker'S Redneck Jamboree,Misc,t,2008-12-19,35
4809,Hiiro No Kakera Ds,Adventure,t,2008-05-22,35
11846,Timesplitters 2,Shooter,t,2002-10-17,35
12662,Wartech: Senko No Ronde (Jp Sales),Action,t,2007-05-29,35
12374,Under The Skin,Action,t,2004-10-12,35
31,101-In-1 Explosive Megamix,Misc,t,2009-04-21,35
6165,Lma Manager 2007,Sports,t,2006-09-22,35
12869,World Championship Poker,Misc,t,2004-11-18,35
430,Another Code R: A Journey Into Lost Memories,Adventure,t,2009-06-26,35
10018,Shugo Chara! Norinori! Chara-Nari Zumu,Action,t,2009-08-06,35
1857,Codename: Kids Next Door: Operation V.I.D.E.O.G.A.M.E.,Platform,t,2005-10-16,35
7434,Naraku No Shiro,Adventure,t,2008-03-06,35
4896,Hoshiiro No Okurimono,Adventure,t,2007-11-08,35
4611,Harry Potter And The Chamber Of Secrets,Adventure,t,2002-11-14,35
6019,Legendary,Shooter,t,2008-11-04,35
11192,"Tennis No Oji-Sama: Doubles No Oji-Sama - Girls, Be Gracious!",Sports,t,2009-03-05,35
11546,The Lord Of The Rings: The Two Towers,Action,t,2002-10-21,35
2536,Diabolik: The Original Sin,Adventure,t,2009-06-26,35
7904,Nihon Pro Mahjong Kishikai Kanshuu: Pro Ni Naru Mahjong Ds,Misc,t,2005-11-24,35
2243,Danny Phantom: The Ultimate Enemy,Action,t,2005-09-08,35
1862,Cold Stone Creamery: Scoop It Up,Misc,t,2009-12-22,35
8361,Pes 2009: Pro Evolution Soccer,Sports,t,2009-03-17,35
558,Army Men: Soldiers Of Misfortune,Shooter,t,2008-11-04,35
9733,Sega Soccer Slam,Sports,t,2002-03-18,35
202,Agassi Tennis Generation,Sports,t,2003-08-25,35
12448,Vacation Sports,Sports,t,2009-03-10,35
9417,Rugby World Cup 2011,Sports,t,2011-09-06,35
4867,Home Run King,Sports,t,2002-03-18,35
10793,Sunny Garcia Surfing,Sports,t,2001-10-22,35
12143,Transformers: Autobots / Decepticons,Action,t,2007-06-19,35
6047,Lego Knights' Kingdom,Action,t,2004-10-04,35
8658,Power Rangers: S.P.D.,Action,t,2005-09-08,35
7773,Nfl 2k3,Sports,t,2002-08-21,35
11532,The Lego Movie Videogame,Action-Adventure,t,2014-02-07,35
377,Amf Bowling Pinbusters!,Sports,t,2008-07-07,35
7202,Mr Bean'S Wacky World Of Wii,Adventure,t,2009-02-06,35
5565,Kaitou Joker: Toki O Koeru Kaitou To Ushinawareta Houseki,Action,t,2015-06-25,35
11095,Tamagotchi No Pichi Pichi Omisecchi,Action,t,2010-06-17,35
828,Batman: Arkham Knight,Action,t,2015-06-23,35
4253,Godzilla (2014),Action,t,2015-07-14,35
8480,Pinball Hall Of Fame: The Williams Collection,Misc,t,2011-09-20,35
11641,The Sims 2: Castaway,Simulation,t,2007-10-23,35
4265,"Gokuhou!! Mecha Mote Iinchou: Mecha Mote Days, Hajime Masuwa!",Simulation,t,2008-12-04,35
12234,Tsukibuto,Action,t,2009-08-06,35
5414,Jikkyou Powerful Pro Yakyuu Next,Sports,t,2009-03-19,35
4596,Happy Cooking,Simulation,t,2008-12-02,35
6531,Mat Hoffman'S Pro Bmx 2,Sports,t,2002-08-13,35
3764,Fired Up,Action,t,2005-09-01,34
4690,Hayarigami 3: Keishichou Kaii Jiken File,Adventure,t,2009-08-06,34
5349,Jewel Quest Mysteries,Puzzle,t,2009-11-03,34
13180,Yu-Gi-Oh! Nightmare Troubadour (Us Sales),Action,t,2005-08-30,34
11704,The Suffering,Action,t,2004-03-09,34
1414,Cabela'S Big Game Hunter (2008),Sports,t,2007-11-06,34
11874,To Heart Portable,Adventure,t,2011-10-27,34
7041,Monster Force,Shooter,t,2002-09-29,34
13079,Yaiba: Ninja Gaiden Z,Misc,t,2014-03-04,34
1414,Cabela'S Big Game Hunter (2008),Sports,t,2007-11-07,34
3696,Final Approach 2: 1st Priority,Adventure,t,2008-02-28,34
275,Akiba'S Trip: Undead & Undressed,Action,t,2014-11-25,34
6363,Magna Carta 2,Role-Playing,t,2009-10-13,34
4749,Hero'S Saga Laevatein Tactics,Role-Playing,t,2009-10-13,34
484,Arcana Famiglia: La Storia Della Aracana Famiglia,Adventure,t,2011-10-27,34
9052,Ready 2 Rumble Boxing,Sports,t,1999-10-31,34
2132,Cyber Troopers: Virtual On X Toaru Majutsu No Index: Toaru Majutsu No Dennou Senki,Action,t,2018-02-15,34
11299,The Club,Shooter,t,2008-02-19,34
10486,Spy Hunter: Nowhere To Run,Racing,t,2006-09-05,34
1107,Blinx: The Time Sweeper,Platform,t,2002-10-07,34
11826,Tim Burton'S The Nightmare Before Christmas: The Pumpkin King,Platform,t,2005-10-10,34
11479,The King Of Fighters Xiii,Fighting,t,2011-11-22,34
7607,Nba Live 2000,Sports,t,1999-10-31,34
3421,F.E.A.R. 3,Shooter,t,2011-06-21,34
1126,Blood Omen 2,Action,t,2002-12-09,34
5541,Justice League: Chronicles,Platform,t,2003-11-12,34
199,Again,Adventure,t,2010-03-30,34
481,Arcade Shooting Gallery,Shooter,t,2008-11-09,34
3547,Far Cry 5,Action,t,2018-03-27,34
13179,Yu-Gi-Oh! Nightmare Troubadour (Jp Sales),Action,t,2005-08-30,34
5384,Jikkyou Powerful Pro Yakyuu 12 Ketteiban,Sports,t,2005-12-15,34
8502,Pirates Plundarrr,Action,t,2010-05-25,34
12198,Triple Play 2002,Sports,t,2002-03-18,34
9542,Samurai Dou Portable,Action,t,2008-09-18,34
2330,Dead Island Definitive Collection,Action,t,2016-05-31,34
318,All-Star Slammin' D-Ball,Sports,t,2001-10-25,34
10956,Sushi Go-Round,Simulation,t,2010-03-30,34
3169,Earth Defense Force: Insect Armageddon,Shooter,t,2011-07-05,34
7295,My First Dollhouse,Misc,t,2010-08-31,34
5650,Katekyoo Hitman Reborn! Ds: Mafia Daishuugou Bongole Festival,Action,t,2008-12-04,34
634,Atari Anthology,Misc,t,2004-11-22,34
12054,Tori No Hoshi: Aerial Planet,Adventure,t,2008-02-28,34
12491,Venetica,Role-Playing,t,2011-01-11,34
12027,Top Angler: Real Bass Fishing,Sports,t,2002-03-28,34
9694,Secret Agent Barbie: Royal Jewels Mission,Platform,t,2002-10-08,34
7890,Nightcaster Ii: Equinox,Action,t,2002-12-11,34
3025,Drivers Ed Portable,Misc,t,2008-12-22,34
560,Army Of Two,Shooter,t,2008-03-07,34
7240,Mushroom Men: The Spore Wars,Action,t,2008-12-02,34
7606,Nba Live 19,Sports,t,2018-09-07,34
559,Army Men: Turf Wars,Shooter,t,2002-09-29,34
2495,Destroy All Humans! Path Of The Furon,Action,t,2008-12-02,34
9827,Shadows Awakening,Role-Playing,t,2018-09-04,34
10477,Spray,Action,t,2008-12-03,34
12198,Triple Play 2002,Sports,t,2002-03-11,34
5336,Jewel Master Egypt,Puzzle,t,2009-11-03,34
8700,Prince Of Persia: The Fallen King,Action,t,2008-12-02,34
5017,Igor: The Game,Action,t,2008-09-19,34
7609,Nba Live 2002,Sports,t,2001-10-29,34
780,Barbie And The Magic Of Pegasus,Action,t,2005-09-06,34
3131,Dynasty Warriors Advance,Action,t,2005-08-29,34
6187,Looney Tunes: Back In Action,Platform,t,2003-11-11,34
7888,Night Wizard The Video Game: Denial Of The World,Adventure,t,2008-02-28,34
2462,Derby Stallion Advance,Sports,t,2002-12-06,34
5082,Immortal Unchained,Role-Playing,t,2018-09-07,34
6794,Metroid: Other M,Action,t,2010-08-31,34
5465,Joker No Kuni No Alice,Adventure,t,2011-10-27,34
5711,Kid Adventures: Sky Captain,Action,t,2010-05-25,34
3040,Ds Dengeki Bunko Adv: Baccano!,Adventure,t,2008-02-28,34
12208,Tron 2.0: Killer App,Action,t,2004-10-20,34
704,B-Boy,Action,t,2008-09-16,34
6183,Looney Tunes Double Pack: Dizzy Driving / Acme Antics,Misc,t,2005-10-01,34
6322,Madden Nfl 18,Sports,t,2017-08-25,34
9255,Ro-Kyu-Bu!,Adventure,t,2011-10-27,34
3974,Fullmetal Alchemist: Prince Of The Dawn,Adventure,t,2009-08-13,34
9572,Samurai Warriors: Sanada Maru,Action,t,2017-11-09,34
9061,Real Heroes: Firefighter,Action,t,2009-08-04,34
9441,Rune Factory: Tides Of Destiny,Simulation,t,2011-10-11,34
9960,Shinsouban Mahou Tsukai No Goshujinsama,Action,t,2015-06-18,34
278,Akogare Girls Collection: Suteki Ni Nurse Days,Adventure,t,2009-08-06,34
5676,Kelly Slater'S Pro Surfer,Sports,t,2002-08-21,34
2681,Disney Guilty Party,Misc,t,2010-08-31,34
3305,Espn Mls Extratime 2002,Sports,t,2002-03-25,34
11556,The Magic School Bus: Oceans,Adventure,t,2011-10-25,34
7239,Mushroom Men: Rise Of The Fungi,Action,t,2008-12-02,34
6326,Madden Nfl 2002,Sports,t,2001-10-29,34
7497,Nascar 06: Total Team Control,Racing,t,2005-08-30,34
6335,Madden Nfl Football,Sports,t,2011-03-22,34
4928,Hotel For Dogs,Simulation,t,2009-01-06,34
4688,Hayarigami 2 Ds: Toshidensetsu Kaii Jiken,Adventure,t,2009-07-09,34
260,Akagawa Jirou Mystery: Yasoukyoku - Hon Ni Manekareta Satsujin,Adventure,t,2008-02-28,34
5275,James Noir'S Hollywood Crimes,Adventure,t,2011-11-01,34
12588,Wallace & Gromit: Curse Of The Were-Rabbit,Adventure,t,2005-09-29,34
2698,Disney Sports Football,Sports,t,2002-12-08,34
9994,Shounen Sunday & Shounen Magazine: White Comic,Role-Playing,t,2009-10-15,34
8749,Pro Evolution Soccer 2011 3d,Sports,t,2011-03-25,34
5287,Jampack Volume 11,Misc,t,2004-10-22,34
7498,Nascar 07,Racing,t,2006-09-06,34
9793,Serious Sam Ii,Shooter,t,2005-10-11,34
12676,Way Of The Samurai 2 Portable,Action,t,2009-09-03,34
1326,Buffy The Vampire Slayer: Chaos Bleeds,Action,t,2003-08-27,34
2804,Dora The Explorer: Dora Saves The Snow Princess,Platform,t,2008-10-27,34
3705,Final Fantasy Crystal Chronicles: Echoes Of Time,Role-Playing,t,2009-03-24,34
12656,Warriors Orochi 3,Action,t,2017-11-09,34
721,Backyard Basketball,Sports,t,2004-09-22,34
3130,Dynasty Warriors 9,Action,t,2018-02-13,34
11538,The Longest 5 Minutes,Action,t,2018-02-13,34
5188,Irozuki Tingle No Koi No Balloon Trip,Adventure,t,2009-08-06,34
10254,Socom 3: U.S. Navy Seals,Shooter,t,2005-10-11,34
8504,Pirates: Duels On The High Seas,Action,t,2009-05-14,34
282,Alan Hansen'S Sports Challenge,Misc,t,2007-12-08,34
985,Big Idea'S Veggietales: Larryboy And The Bad Apple,Action,t,2006-08-08,34
9005,Ratchet & Clank: Full Frontal Assault,Action,t,2012-11-27,34
11160,Telly Addicts,Misc,t,2007-12-07,34
1490,Camp Rock: The Final Jam,Misc,t,2010-08-31,34
319,All Grown Up! Express Yourself,Misc,t,2004-10-19,34
1963,Corpse Party,Adventure,t,2011-11-22,34
10759,Sumikko Gurashi: Koko Ga Ochitsukundesu,Action,t,2014-11-20,34
10703,Strike Witches: Anata To Dekiru Koto - A Little Peaceful Days,Action,t,2010-05-27,34
7500,Nascar 09,Racing,t,2008-06-10,33
5855,Knockout Party,Puzzle,t,2009-11-06,33
10762,Sumikko Gurashi: Omise Hajimerundesu,Action,t,2015-11-19,33
10552,Star Wars Jedi Knight Ii: Jedi Outcast,Shooter,t,2002-11-20,33
11846,Timesplitters 2,Shooter,t,2002-10-09,33
8928,Rabbids Invasion: The Interactive Tv Show,Misc,t,2014-11-18,33
4072,Game Center Cx: Arino No Chousenjou 2,Action,t,2009-02-26,33
1278,Brian Lara 2007 Pressure Play,Sports,t,2007-08-31,33
597,Assassin'S Creed Iv: Black Flag,Action-Adventure,t,2013-10-29,33
2013,Crash: Mind Over Mutant,Platform,t,2008-10-07,33
11127,Tecmo Classic Arcade,Misc,t,2005-09-14,33
2541,Die Hard: Vendetta,Shooter,t,2002-11-19,33
8190,Overcooked! 2,Simulation,t,2018-08-07,33
708,Baby Pals,Simulation,t,2007-11-19,33
12163,Trauma Center: New Blood,Simulation,t,2007-11-20,33
8670,Powerful Golf,Sports,t,2011-03-17,33
7799,Nfl Street 3,Sports,t,2006-11-14,33
8781,Pro Yakyuu Spirits 2014,Sports,t,2014-03-20,33
4468,Gundam Musou Special,Action,t,2008-02-28,33
5452,John Deere: Harvest In The Heartland,Simulation,t,2007-11-20,33
10432,Spirits & Spells,Platform,t,2003-11-02,33
6091,Let'S Ride! Friends Forever,Adventure,t,2008-03-03,33
12392,Unreal Championship,Shooter,t,2002-09-24,33
7290,My Doitall,Misc,t,2009-02-10,33
11065,Take A Break'S: Puzzle Master,Puzzle,t,2009-11-13,33
360,America'S Army: True Soldiers,Shooter,t,2007-11-15,33
8456,Pia Carrot E Youkoso!! 2.5,Adventure,t,2008-06-21,33
7864,Nickelodeon Kart Racers,Racing,t,2018-10-23,33
5312,Jenga World Tour,Misc,t,2007-12-07,33
11355,The Fairly Oddparents: Breakin' Da Rules,Platform,t,2003-11-03,33
7548,Nba 07,Sports,t,2006-11-14,33
1939,Contra 4,Shooter,t,2007-11-13,33
6677,Mega Man Zero 4,Platform,t,2005-10-04,33
1418,Cabela'S Big Game Hunter: Hunting Party,Sports,t,2011-11-01,33
9839,Shaq-Fu: A Legend Reborn,Action,t,2018-06-05,33
12910,World Series Of Poker,Misc,t,2005-09-14,33
7880,Nicktoons: Unite!,Adventure,t,2005-10-27,33
11348,The Fairly Odd Parents: Breakin' Da Rules,Platform,t,2003-11-03,33
733,Backyard Sports Baseball 2007,Sports,t,2006-09-05,33
5933,Kurogane No Linebarrels,Role-Playing,t,2009-10-08,33
6849,Mike Tyson Heavyweight Boxing,Sports,t,2002-07-17,33
2774,Donkey Kong Barrel Blast,Racing,t,2007-10-08,33
9685,Seablade,Shooter,t,2002-11-20,33
2413,Def Jam: Fight For Ny,Fighting,t,2004-09-20,33
7912,Ninja Assault,Shooter,t,2002-11-18,33
10212,Smash Court Tennis Pro Tournament,Sports,t,2002-03-20,33
10259,Socom: U.S. Navy Seals Fireteam Bravo,Shooter,t,2005-11-08,33
8499,Pirates Of The Caribbean: Dead Man'S Chest,Adventure,t,2006-06-27,33
1586,Castlevania: Dawn Of Sorrow,Platform,t,2005-10-04,33
10251,Soccer Tsuku Ds: World Challenge 2010,Sports,t,2010-05-27,33
12364,Unbox: Newbie'S Adventure,Action,t,2017-11-01,33
7247,Mutant Football League: Dynasty Edition,Sports,t,2018-10-30,33
4946,Hulk,Action,t,2003-05-27,33
8791,Professional Fisherman'S Tour: Northern Hemisphere,Sports,t,2007-08-29,33
9698,Secret Files: Tunguska,Adventure,t,2010-03-30,33
4588,Hannah Montana: Rock Out The Show,Misc,t,2009-08-04,33
1726,Chou Gekijouban Keroro Gunsou 3: Tenkuu Daibouken De Arimasu!,Action,t,2008-02-28,33
2349,Dead Rising: Chop Till You Drop,Action,t,2009-02-24,33
132,A Witch'S Tale,Role-Playing,t,2009-10-06,33
6163,Lizzie Mcguire 2: Lizzie Diaries,Action,t,2004-10-18,33
794,Barbie Superpack: Secret Agent / Groovy Games,Misc,t,2005-09-14,33
11807,Tiger Woods Pga Tour 08,Sports,t,2007-08-28,33
9566,Samurai Warriors 4,Fighting,t,2014-10-21,33
10045,Silent Hill: Origins,Action,t,2008-03-04,33
3671,Fifa World Cup: Germany 2006,Sports,t,2006-04-24,33
4770,Hidamari Sketch: Doko Demo Sugoroku X 365,Misc,t,2009-02-12,33
8628,Postman Pat: Special Delivery Service,Misc,t,2009-08-07,33
6861,Mind Your Language: Learn English! / French! / German! / Spanish! /Japanese!,Misc,t,2009-02-13,33
803,Baseball Advance,Sports,t,2002-03-20,33
8113,Operation Flashpoint: Elite,Shooter,t,2005-11-08,33
1483,Call Of Duty: World At War Final Fronts,Shooter,t,2008-11-10,33
2054,Crimson Sea,Action,t,2002-12-16,33
1560,Cartoon Network: Battle Crashers,Action,t,2017-10-31,33
1842,Code Lyoko: Fall Of X.A.N.A.,Adventure,t,2008-06-20,33
7242,Music Maker: Rockstar,Misc,t,2009-08-07,33
9271,Roary The Racing Car,Misc,t,2009-08-07,33
6122,Lips: Party Classics,Misc,t,2010-03-02,33
2082,Crushed Baseball,Sports,t,2004-09-06,33
4198,Girl Friend Beta: Kimi To Sugosu Natsuyasumi,Action,t,2015-11-19,33
1873,College Hoops 2k6,Sports,t,2006-03-07,33
2354,Dead To Rights,Shooter,t,2002-11-18,32
10548,Star Wars Episode Iii: Revenge Of The Sith,Action,t,2005-05-04,32
5040,Imabikisou,Adventure,t,2007-10-25,32
2911,Dragon Ball Z: Ultimate Tenkaichi,Fighting,t,2011-10-25,32
2026,Crazy Chicken Tales,Action,t,2009-12-01,32
6178,Lola & Virginia,Action,t,2009-02-20,32
6263,Lunar: Silver Star Harmony,Role-Playing,t,2010-03-02,32
1412,Cabela'S Big Game Hunter,Sports,t,2002-12-11,32
289,Alias,Action,t,2004-04-05,32
298,Alien Syndrome,Role-Playing,t,2007-07-24,32
6878,Mini Desktop Racing,Racing,t,2007-11-20,32
9752,Sengoku Basara Sanada Yukimura-Den,Action,t,2016-08-25,32
3891,Foto Showdown,Role-Playing,t,2010-03-09,32
3180,Eat Lead: The Return Of Matt Hazard,Shooter,t,2009-02-26,32
8948,Ragnarok Ds,Role-Playing,t,2010-02-16,32
4467,Gundam Memories: Tatakai No Kioku,Action,t,2011-06-23,32
11275,The Bigs 2,Sports,t,2009-08-25,32
8772,Pro Yakyuu Famista Returns,Sports,t,2015-10-08,32
7727,Neopets: The Darkest Faerie,Adventure,t,2005-11-16,32
5111,Indigo Prophecy,Adventure,t,2005-09-26,32
2494,Destroy All Humans! Big Willy Unleashed,Action,t,2008-02-25,32
868,Battle Spirits: Hero'S Soul,Role-Playing,t,2010-03-11,32
2871,Dragon Age: Inquisition,Role-Playing,t,2014-11-18,32
9853,Shellshock 2: Blood Trails,Shooter,t,2009-02-24,32
142,Abzu,Adventure,t,2017-01-31,32
3827,Football Manager 2006,Sports,t,2006-04-13,32
2615,Disgaea Infinite,Adventure,t,2010-06-08,32
2355,Dead To Rights Ii,Shooter,t,2005-04-12,32
991,Big Mutha Truckers 2,Racing,t,2005-08-23,32
11833,Time Crisis 4,Shooter,t,2007-11-20,32
1571,Casper: Spirit Dimensions,Platform,t,2002-10-15,32
5792,Kingdom Come: Deliverance,Role-Playing,t,2018-02-13,32
1363,Burnout Paradise,Racing,t,2008-01-22,32
9544,Samurai Jack: The Shadow Of Aku,Action,t,2004-03-24,32
2922,Dragon Ball: Raging Blast 2,Fighting,t,2010-11-02,32
12333,Ultimate Duck Hunting,Sports,t,2009-08-25,32
10455,Spongebob Squarepants: Revenge Of The Flying Dutchman,Action,t,2002-12-18,32
2025,Crazy Chase,Platform,t,2002-10-23,32
12983,Wsc Real 09: World Championship Snooker,Sports,t,2009-08-28,32
6932,Mlb 16: The Show,Sports,t,2016-03-29,32
9111,Reel Fishing: Angler'S Dream,Sports,t,2009-08-25,32
7564,Nba 2k2,Sports,t,2002-03-20,32
8449,Phoenix Wright: Ace Attorney - Trials And Tribulations,Adventure,t,2007-10-23,32
23,100 All-Time Favorites,Puzzle,t,2009-10-27,32
11269,The Berenstain Bears And The Spooky Old Tree,Platform,t,2005-09-20,32
12168,Travel Coach: Europe 1,Misc,t,2010-03-09,32
12359,Umihara Kawase Jun: Second Edition Kanzenban,Puzzle,t,2009-10-29,32
12726,White Album: Tsuzurareru Fuyu No Omoide,Adventure,t,2010-06-24,32
1349,Bully: Scholarship Edition,Action,t,2008-03-04,32
8752,Pro Evolution Soccer 2013,Sports,t,2012-09-25,32
403,Angler'S Club: Ultimate Bass Fishing 3d,Sports,t,2011-08-30,32
7775,Nfl Blitz 20-02,Sports,t,2002-02-06,32
10357,South Park: The Stick Of Truth,Role-Playing,t,2018-02-13,32
4177,Ghost Squad,Shooter,t,2007-11-20,32
6760,Metal Gear Solid: Peace Walker,Action,t,2010-06-08,32
4784,High Heat Major League Baseball 2003,Sports,t,2002-02-09,32
11321,The Destiny Of Zorro,Action,t,2009-05-05,32
10225,Sniper Elite Iii,Shooter,t,2014-07-01,32
1752,Chuck E. Cheese'S Super Collection,Action,t,2011-09-07,32
1633,Champion Jockey: G1 Jockey & Gallop Racer,Sports,t,2011-09-02,32
12011,Tony Hawk'S Downhill Jam,Sports,t,2006-11-14,32
3836,Football Manager Handheld,Sports,t,2006-04-13,32
10940,Superstars V8 Racing,Racing,t,2009-06-26,32
2807,Dora The Explorer: Super Spies,Platform,t,2004-10-25,32
11113,Taz Wanted,Platform,t,2002-10-10,32
9392,Rpg Tsukuru Ds,Role-Playing,t,2010-03-11,32
6092,Let'S Ride! Silver Buckle Stables,Sports,t,2006-03-14,32
9112,Reel Fishing: The Great Outdoors,Sports,t,2006-11-06,32
1171,Boku No Natsuyasumi Portable 2: Nazo Nazo Shimai To Chinbotsusen No Himitsu,Adventure,t,2010-06-24,32
9172,Retro Game Challenge,Action,t,2009-02-10,32
10966,Suzumiya Haruhi No Tsuisou,Adventure,t,2011-05-12,32
2340,Dead Or Alive Xtreme 2,Sports,t,2006-11-13,32
1170,"Boku No Natsuyasumi 4: Seitouchi Shounen Tanteidan, Boku To Himitsu No Chizu",Adventure,t,2009-07-02,32
9937,Shinjuku No Ookami,Action,t,2009-02-19,32
11148,Tegami Bachi: Kokoro Tsumugu Mono E,Role-Playing,t,2010-03-04,32
1255,Bratz: Super Babyz,Action,t,2008-02-25,32
2720,Divinity: Original Sin Ii,Role-Playing,t,2018-08-31,32
8810,Project: Snowblind,Action,t,2005-02-23,32
10495,Spyro: Attack Of The Rhynocs,Platform,t,2003-10-27,32
13217,Zack & Wiki: Quest For Barbaros' Treasure,Adventure,t,2007-10-23,32
2734,Doctor Fizzwizzle'S Animal Rescue,Puzzle,t,2009-10-27,32
1823,Clock Zero: Shuuen No Ichibyou Portable,Adventure,t,2011-10-13,32
7093,Monster! Bass Fishing,Sports,t,2004-09-28,32
12182,Trick X Logic: Season 1,Adventure,t,2010-07-22,32
10599,Starry * Sky: In Spring - Psp Edition,Adventure,t,2010-06-24,32
5364,Jig-A-Pix: Wonderful World,Puzzle,t,2009-11-20,32
10270,Soldier Of Fortune: Payback,Shooter,t,2007-11-13,32
10785,Summon Night Granthese: Horobi No Ken To Yakusoku No Kishi,Role-Playing,t,2010-03-11,32
1349,Bully: Scholarship Edition,Action,t,2008-03-05,32
10911,Super Sentai Battle: Ranger Cross,Action,t,2011-09-08,32
8334,Penguin No Mondai: The World,Adventure,t,2010-12-02,32
3890,Foto Frenzy: Spot The Diffrence,Puzzle,t,2009-11-17,32
4078,Game Of Thrones: A Telltale Games Series,Adventure,t,2014-12-03,32
441,Aoishiro,Adventure,t,2008-05-15,32
950,Bermuda Triangle: Saving The Coral,Puzzle,t,2009-11-17,32
8841,Pure (Jp Sales),Racing,t,2009-06-25,32
11806,Tiger Woods Pga Tour 07,Sports,t,2006-11-14,32
1110,Blitz: The League,Sports,t,2006-11-13,32
9642,Scrabble,Puzzle,t,2009-03-17,32
2632,Disney'S Cinderella: Magical Dreams,Platform,t,2005-09-20,32
7349,Myst,Adventure,t,2008-05-13,32
4155,Geon Cube,Puzzle,t,2009-10-27,32
9254,Rlh: Run Like Hell,Shooter,t,2002-09-27,32
8473,Pillow Pets,Adventure,t,2011-10-11,32
2157,Daigasso! Band Brothers,Misc,t,2004-12-02,32
8088,Onechanbara: Bikini Samurai Squad,Action,t,2009-02-10,32
248,Air Traffic Chaos,Simulation,t,2008-09-09,32
7878,Nicktoons: Freeze Frame Frenzy,Action,t,2004-09-27,32
8242,Pachitte Chonmage Tatsujin 16: Pachinko Hissatsu Shigotojin Iii,Misc,t,2010-05-27,32
1462,Call Of Duty 3,Shooter,t,2006-11-07,32
9536,Samantha Swift And The Secret Scroll,Adventure,t,2010-06-08,32
11310,The Crown Of Midas,Adventure,t,2011-11-04,32
8920,R.B.I. Baseball 2016,Sports,t,2016-04-05,32
7829,Nhl 2k7,Sports,t,2006-11-13,32
10482,Spy Games: Elevator Mission,Shooter,t,2007-11-16,32
1794,Classic Nes Series: Castlevania,Platform,t,2004-10-25,32
8089,Onechanbara: Bikini Zombie Slayers,Action,t,2009-02-10,32
1663,Chaos;Head Noah,Adventure,t,2010-06-24,32
3842,Football Manager Handheld 2012,Sports,t,2011-10-28,32
6595,Medal Of Honor: Airborne,Shooter,t,2007-11-19,32
1360,Burnout 3: Takedown,Racing,t,2004-09-07,32
1725,Chou Gekijoban Keroro Gunsou: Gekishin Dragon Warriors De Arimasu!,Action,t,2009-02-19,32
4574,"Hanayaka Kana, Ware Ga Ichizoku",Adventure,t,2010-07-01,32
3394,Extinction,Action,t,2018-04-10,32
9742,Sekai No Hate Made Itte Q! Chinjuu Hunter Mono No Daibouken,Misc,t,2010-05-27,32
7,.Hack//Link,Role-Playing,t,2010-03-04,32
1414,Cabela'S Big Game Hunter (2008),Sports,t,2007-11-13,32
12601,Wand Of Fortune: Mirai E No Prologue Portable,Adventure,t,2010-12-02,32
5362,Jig-A-Pix: Pets,Puzzle,t,2009-11-20,32
9215,Riding Stables: The Whitakers Present Milton And Friends,Sports,t,2011-10-28,32
7567,Nba 2k7,Sports,t,2006-11-13,32
11902,Tokimeki Memorial Girl'S Side 3rd Story,Adventure,t,2010-06-24,32
12464,Vampire Legends: Power Of Three,Adventure,t,2010-06-29,32
1358,Burnout,Racing,t,2001-11-01,32
9703,Secret Of Mana,Role-Playing,t,2018-02-15,32
8767,Pro Yakyuu Famista 2011,Sports,t,2011-03-31,32
9612,Sbk X: Superbike World Championship,Racing,t,2010-12-07,32
4028,Gakken Europa 4: Kokugo Sanmai Ds,Misc,t,2010-03-11,32
62,2002 Fifa World Cup,Sports,t,2002-04-22,32
12596,Wand Of Fortune Portable,Adventure,t,2010-06-10,32
7493,Naruto: Uzumaki Chronicles 2 (Jp Sales),Action,t,2007-09-04,32
12421,Uta No * Prince-Sama,Adventure,t,2010-06-24,32
10549,Star Wars Episode Iii: Revenge Of The Sith,Action,t,2005-05-04,32
6940,Mlb 2k9 Fantasy All-Stars,Sports,t,2009-03-03,32
1868,Colin Mcrae Rally 2005,Action,t,2004-09-28,32
3531,Fantasia: Music Evolved,Music,t,2014-10-21,32
10562,Star Wars Trilogy: Apprentice Of The Force,Action,t,2004-09-21,32
1567,Casper,Platform,t,2002-10-15,32
9148,Resident Evil Archives: Resident Evil Zero,Action,t,2009-12-01,32
11447,The Invincible Iron Man,Action,t,2002-12-15,32
8725,Prinny: Can I Really Be The Hero? (Us Sales),Action,t,2009-02-17,32
6456,Margot'S Bepuzzled!,Puzzle,t,2009-11-06,32
9616,Scared Rider Xechs,Adventure,t,2010-07-01,32
10270,Soldier Of Fortune: Payback,Shooter,t,2007-11-14,32
5143,International Athletics,Sports,t,2010-06-25,32
6305,Madagascar 3: The Video Game,Misc,t,2012-10-19,32
10507,Ssx Blur,Sports,t,2007-02-27,32
4251,God Wars: Nihon Shinwa Taisen,Role-Playing,t,2018-06-14,32
92,50 Cent: Blood On The Sand,Shooter,t,2009-02-24,32
7184,Moujuutsukai To Oujisama,Adventure,t,2010-06-24,32
1336,Build-A-Lot,Simulation,t,2008-12-09,32
7436,Narcissus: Moshimo Ashita Ga Runara,Adventure,t,2010-06-24,32
1550,Cars: Mater-National Championship,Racing,t,2007-10-30,32
2229,Dancing On Ice,Sports,t,2010-06-25,32
1980,Countdown: The Game,Puzzle,t,2009-11-06,32
2138,D.C. Girl'S Symphony Pocket,Adventure,t,2010-06-24,32
1980,Countdown: The Game,Puzzle,t,2009-11-13,32
10253,Soccer Tsuku: Pro Soccer Club O Tsukurou!,Sports,t,2013-10-10,32
1700,Chicken Shoot 2,Adventure,t,2005-11-10,32
12180,Tribes: Aerial Assault,Shooter,t,2002-09-23,32
10089,Simple Ds Series Vol. 46: The Hikyou Tankentai: Choutoko Special,Action,t,2009-02-19,32
4713,Heavy Fire: Afghanistan,Shooter,t,2011-11-18,32
7812,Nhl 13,Sports,t,2012-09-11,32
6380,Mahjong Taikai,Misc,t,2004-12-02,32
9173,Retro Game Challenge (Us Sales),Action,t,2009-02-10,32
5701,Keroro Rpg: Kishi To Musha To Densetsu No Kaizoku,Role-Playing,t,2010-03-04,32
1003,Billy The Wizard: Rocket Broomstick Racing,Racing,t,2007-10-02,31
10435,Splashdown,Racing,t,2001-11-05,31
2166,Daisy Fuentes Pilates,Sports,t,2009-08-04,31
10101,Singstar '80s,Misc,t,2007-09-18,31
4470,Gundam Seed: Federation Vs. Z.A.F.T.,Shooter,t,2005-11-17,31
11776,Thinksmart Family!,Misc,t,2010-06-15,31
13066,Xgra: Extreme G Racing Association,Racing,t,2003-11-24,31
3307,Espn Nba 2k5,Sports,t,2004-09-28,31
12576,W.L.O. Sekai Renai Kikousen,Adventure,t,2010-06-03,31
2215,Dance On Broadway,Misc,t,2010-06-15,31
8742,Pro Cycling Season 2009: Le Tour De France,Sports,t,2009-07-10,31
8411,Pgr4 - Project Gotham Racing 4,Racing,t,2007-10-02,31
1327,Buffy The Vampire Slayer: Sacrifice,Action,t,2009-02-13,31
12805,Winx Club,Shooter,t,2005-11-16,31
5132,Insecticide,Adventure,t,2008-03-11,31
5109,Indianapolis 500 Evolution,Racing,t,2009-10-01,31
8799,Project Gotham Racing 2 (Jp Weekly Sales),Racing,t,2003-11-20,31
4154,Geometry Wars: Galaxies,Shooter,t,2007-11-20,31
10097,Sine Mora Ex,Action,t,2017-09-26,31
9486,Saikin Koishiteru?,Adventure,t,2009-07-30,31
12840,Wizmans World,Role-Playing,t,2010-02-25,31
3155,Ea Sports Grand Slam Tennis,Sports,t,2009-06-08,31
738,Bad Apple Wars,Action,t,2017-10-13,31
11775,Thinksmart,Misc,t,2010-06-15,31
6041,Lego Harry Potter: Years 5-7,Action,t,2012-03-06,31
2790,Doom 3: Resurrection Of Evil,Shooter,t,2005-10-05,31
6397,Majin And The Forsaken Kingdom,Adventure,t,2010-11-30,31
2209,Dance Dance Revolution: Hottest Party 2,Simulation,t,2008-09-12,31
1730,Chou Sentouchuu: Kyuukyoku No Shinobu To Battle Player Choujou Kessen!,Action,t,2016-09-15,31
10115,Singstar Mallorca Party,Misc,t,2009-07-13,31
10199,Smart Boy'S Gameroom,Misc,t,2007-09-18,31
3932,Frogger'S Adventures: The Rescue,Platform,t,2003-10-31,31
2754,Doki Majo Plus,Adventure,t,2009-07-30,31
6922,Mlb 07: The Show,Sports,t,2007-02-27,31
1018,Birthday Party Bash,Misc,t,2009-07-14,31
1460,Call Of Duty 2,Shooter,t,2005-11-17,31
949,Beowulf: The Game,Action,t,2007-12-04,31
2204,Dance Dance Revolution X,Simulation,t,2008-09-12,31
4548,Halo Triple Pack,Shooter,t,2005-10-06,31
810,Bass Pro Shops: The Hunt,Sports,t,2010-06-01,31
8446,Phoenix Wright: Ace Attorney,Adventure,t,2005-10-12,31
11777,Thinksmart Kids 8+,Misc,t,2010-06-22,31
11210,Test Drive Off-Road Wide Open,Racing,t,2001-11-14,31
3055,Duel Love: Koisuru Otome Wa Shouri No Megami,Adventure,t,2008-03-13,31
6828,Midnight Club: Street Racing,Racing,t,2001-11-14,31
5754,Kimi Ga Aruji De Shitsuji Ga Ore De: Oshie Nikki,Adventure,t,2008-03-27,31
9869,Sherlock Holmes: The Mystery Of The Mummy,Adventure,t,2009-07-14,31
5990,Last Rebellion,Role-Playing,t,2010-02-23,31
40,18 Wheeler: American Pro Trucker,Racing,t,2001-11-14,31
12909,World Series Of Poker,Misc,t,2005-09-14,31
11183,Tennis Masters,Sports,t,2007-02-23,31
12443,V-Rally 3,Racing,t,2002-10-22,31
12866,World Championship Athletics,Sports,t,2009-08-04,31
7764,New Touch Party Game,Misc,t,2007-09-21,31
5537,Just Sing!,Misc,t,2010-06-22,31
3798,Flatout: Ultimate Carnage,Racing,t,2007-10-02,31
4069,Game Book Ds: Aquarian Age Perpetual Period,Role-Playing,t,2010-02-25,31
108,88 Heroes: 98 Heroes Edition,Action,t,2017-10-10,31
3987,Fushigi No Dungeon: Fuurai No Shiren 4 - Kami No Hitomi To Akuma No Heso,Role-Playing,t,2010-02-25,31
5471,Jonny Moseley Mad Trix,Sports,t,2002-02-15,31
8933,Race Driver: Create & Race,Racing,t,2007-10-02,31
38,12riven: The Psi-Climinal Of Integral,Adventure,t,2008-03-13,31
12557,Vitamin X Evolution,Adventure,t,2008-03-27,31
11870,To Heart 2 Portable,Adventure,t,2009-07-30,31
12738,Wiffle Ball Advance,Sports,t,2007-03-12,31
11284,The Cages: Pro Style Batting Practice,Sports,t,2010-06-30,31
5230,J-League Winning Eleven 2009: Club Championship,Sports,t,2009-08-06,31
88,4x4 Evo 2,Racing,t,2001-11-14,31
10104,Singstar Amped,Misc,t,2007-09-18,31
6166,Loading Human,Adventure,t,2016-10-13,31
3932,Frogger'S Adventures: The Rescue,Platform,t,2003-10-29,31
11843,Timeshift,Shooter,t,2007-11-19,31
10720,Stunt Gp,Racing,t,2001-11-13,31
8713,Princess Isabella: A Witch'S Curse,Adventure,t,2010-09-03,31
5561,Kaijuu Busters,Action,t,2009-12-03,31
6968,Mobile Suit Gundam Unicorn,Action,t,2012-03-08,31
8124,Order Up!!,Action,t,2012-02-28,31
228,Aggressive Inline,Sports,t,2002-07-29,31
1786,Clannad: Mitsumi Mamoru Sakamichi De - Joukan,Adventure,t,2010-06-03,31
5118,Infected,Shooter,t,2005-11-15,31
7425,Nano Diver,Action,t,2011-09-01,31
4914,Hot Shots Tennis: Get A Grip,Sports,t,2010-06-29,31
8955,Raiden V,Action,t,2017-10-10,31
2970,Drake Of The 99 Dragons,Shooter,t,2003-11-03,31
3889,Foster'S Home For Imaginary Friends: Imagination Invaders,Adventure,t,2007-11-12,31
3628,Fifa 07 Soccer,Sports,t,2006-11-01,31
9615,Scaler,Platform,t,2004-10-20,31
6675,Mega Man Zero 2,Platform,t,2003-10-14,31
9041,Rc De Go!,Racing,t,2001-11-09,31
4311,Gran Turismo (Psp),Racing,t,2009-10-01,31
9712,Sega Ages 2500 Series Vol. 26: Dynamite Deka,Action,t,2006-04-27,31
9234,Rise Of The Tomb Raider,Adventure,t,2016-10-11,31
6300,Mad Dash Racing,Racing,t,2001-11-14,31
3534,Fantastic Football Fan Party,Sports,t,2010-06-04,31
809,Bass Pro Shops: The Hunt,Sports,t,2010-06-01,31
4747,Here They Lie,Adventure,t,2016-10-13,31
7827,Nhl 2k3,Sports,t,2002-12-11,31
12154,Transformers: The Game,Action,t,2007-06-19,31
700,Azure Striker Gunvolt: Striker Pack,Action,t,2016-10-04,31
8592,Pool Hall Pro,Sports,t,2009-06-09,31
3204,Eikan Wa Kimini 2002: Koshien No Kodou,Sports,t,2002-07-18,31
8627,Postman Pat,Adventure,t,2008-03-14,31
7223,Mugen No Frontier: Super Robot Taisen Og Saga Exceed,Role-Playing,t,2010-02-25,31
8714,Princess Isabella: A Witch'S Curse,Adventure,t,2010-09-03,31
3016,Driven,Racing,t,2001-11-06,31
54,2 Games In 1: Disney Princess & The Lion King,Misc,t,2004-12-01,31
5862,Kochira Katsushikaku Kameari Kouenmae Hashutsujo: Machiteba Tengoku! Makereba Jigoku! Ryoutsuryuu Ikkakusenkin Daisakusen!,Misc,t,2010-06-17,31
1974,Cosmic Family,Misc,t,2007-09-18,31
2447,Densetsu No Yuusha No Densetsu: Legendary Saga,Role-Playing,t,2010-02-18,31
12300,U-Sing: Girls Night,Misc,t,2010-06-18,31
8016,Nuga-Cel!,Adventure,t,2009-07-30,31
11365,The Garfield Show: Threat Of The Space Lasagna,Misc,t,2010-07-08,31
9235,Risen,Role-Playing,t,2010-02-23,31
9959,Shinseiki Gpx Cyber Formula: Road To The Infinity 4,Racing,t,2007-10-04,31
4780,Hidden Objects: Mystery Stories,Adventure,t,2010-07-20,31
457,Apollo Justice: Ace Attorney,Adventure,t,2008-02-19,31
12240,Tsuyo Kiss 2 Gakki: Swift Love,Adventure,t,2009-07-30,31
3387,Exhibition Volume 6,Misc,t,2004-12-01,31
11806,Tiger Woods Pga Tour 07,Sports,t,2007-03-13,31
8023,Obscure: The Aftermath,Adventure,t,2008-03-25,31
5141,Interactive Storybook Ds Series 1,Misc,t,2007-09-18,31
4540,Half-Life 2,Shooter,t,2005-11-15,31
5075,Imagine: Soccer Captain,Sports,t,2009-08-11,31
228,Aggressive Inline,Sports,t,2002-07-31,31
1874,College Hoops 2k7,Sports,t,2007-03-13,31
4533,Hakuouki: Yuugi Roku Ni - Matsuri Hayashi To Taishitachi,Misc,t,2012-10-18,31
6129,Little Britain: The Video Game,Misc,t,2007-09-21,31
8527,Plastic Memories,Adventure,t,2016-10-13,31
11934,Tokyo Xtreme Racer 3,Racing,t,2003-11-18,31
6240,Lucian Bee'S: Resurrection Supernova,Adventure,t,2009-07-30,31
4567,Hana To Otome Ni Shukufuku O: Harekaze No Okurimono,Adventure,t,2010-07-08,31
4323,Grand Theft Auto,Action,t,2004-10-26,31
11485,The Koala Brothers: Outback Adventures,Action,t,2006-04-25,31
7509,Nascar Heat 2002,Racing,t,2001-11-14,31
6415,Major League Baseball 2k9,Sports,t,2009-03-23,31
9434,Runaway: The Dream Of The Turtle,Adventure,t,2007-11-14,31
7278,Mxrider,Racing,t,2001-10-30,31
11849,Tiny Barbarian Dx,Action,t,2017-10-10,31
1610,Cel Damage,Racing,t,2001-11-14,31
2363,Deadly Creatures,Action,t,2009-02-09,31
22,10 Minute Solution,Sports,t,2010-06-29,31
6670,Mega Man X7,Platform,t,2003-10-14,31
7996,Norn + Nonette: Act Tune,Action,t,2016-10-06,31
10203,Smart Girl'S Playhouse,Misc,t,2007-09-18,31
4089,Gamesaid: Triple Pack,Misc,t,2010-06-25,31
1792,Classic Dungeon: Fuyoku No Masoujin,Role-Playing,t,2010-02-18,31
9323,Rocky Balboa,Sports,t,2007-03-13,31
359,America'S Army: Rise Of A Soldier,Shooter,t,2005-11-17,31
5907,Koukou Yakyuu Dou Ds,Sports,t,2009-07-23,30
8635,Power Poke Dash,Sports,t,2006-03-23,30
205,Agatha Christie: And Then There Were None,Adventure,t,2008-02-25,30
12447,Vacation Isle: Beach Party,Misc,t,2010-06-08,30
7020,Monkey Island: Special Edition Collection,Adventure,t,2011-09-09,30
4504,Haitaka No Psychedelica,Adventure,t,2016-09-29,30
1126,Blood Omen 2,Action,t,2002-03-21,30
2035,Crazy Taxi,Racing,t,2001-11-17,30
8992,Rapala For Kinect,Sports,t,2011-11-15,30
11257,The Aly & Aj Adventure,Adventure,t,2007-10-16,30
7481,Naruto: Ninja Council 3 (Jp Sales),Action,t,2007-05-22,30
24,100 Classic Books,Misc,t,2010-06-14,30
3322,Eternal Poison,Role-Playing,t,2008-11-11,30
10723,Stuntman: Ignition,Racing,t,2007-08-28,30
7603,Nba Live 15,Sports,t,2014-10-28,30
3249,Emily The Strange: Strangerous,Action,t,2011-05-24,30
10111,Singstar Fussballhits,Misc,t,2010-06-11,30
1280,Brian Lara International Cricket 2007,Sports,t,2007-03-23,30
12534,Virtua Pro Football,Sports,t,2006-09-01,30
4556,Hammerin' Hero,Action,t,2009-04-07,30
9615,Scaler,Platform,t,2004-10-21,30
10663,Stranglehold,Shooter,t,2007-10-29,30
10552,Star Wars Jedi Knight Ii: Jedi Outcast,Shooter,t,2003-11-19,30
3107,Dynamic Chord Feat. Reve Parfait: V Edition,Adventure,t,2016-09-29,30
5415,Jikkyou Powerful Pro Yakyuu Portable,Sports,t,2006-04-01,30
3138,Dynasty Warriors Vs,Action,t,2012-03-15,30
75,3rd Super Robot Wars Z Jigoku Hen,Misc,t,2014-04-10,30
3422,F.E.A.R. Files,Shooter,t,2007-11-06,30
8044,Offroad Extreme! Special Edition,Racing,t,2007-11-23,30
498,Arctic Thunder,Racing,t,2001-11-15,30
4316,Grand Kingdom,Role-Playing,t,2016-06-28,30
3896,Fragile Dreams: Farewell Ruins Of The Moon,Role-Playing,t,2010-03-16,30
910,Beat Down: Fists Of Vengeance,Action,t,2005-08-23,30
8451,Phoenix Wright: Ace Attorney: Spirit Of Justice,Adventure,t,2016-09-30,30
5267,Jam With The Band,Misc,t,2010-05-21,30
7789,Nfl Head Coach,Sports,t,2006-06-20,30
13141,Your Shape: Fitness Evolved 2012,Sports,t,2011-11-08,30
8882,Pw: Project Witch,Adventure,t,2009-07-23,30
11742,The Walking Dead: Survival Instinct,Shooter,t,2013-03-19,30
5053,Imagine: Detective,Simulation,t,2009-09-08,30
9082,Reco Love: Blue Ocean,Adventure,t,2016-10-01,30
11171,Tenchu: Shadow Assassins,Action,t,2009-02-05,30
10001,Shrek / Shark Tale Game Boy Advance Video,Misc,t,2006-09-08,30
7480,Naruto: Ninja Council 3,Action,t,2007-05-22,30
7341,Mysims,Simulation,t,2007-09-18,30
5320,Jeremy Mcgrath Supercross World,Racing,t,2001-11-15,30
11268,The Bee Game,Adventure,t,2007-10-15,30
8472,Pillars Of Eternity,Role-Playing,t,2017-08-29,30
7410,Nanashi No Game Me,Action,t,2009-08-27,30
9754,Sengoku Basara: Battle Heroes,Action,t,2009-04-09,30
3278,Enter The Matrix,Action,t,2003-05-14,30
1642,Championship Manager 2007,Sports,t,2007-03-16,30
11549,The Lost Child,Role-Playing,t,2018-06-19,30
8996,Rapala Trophies,Sports,t,2006-09-01,30
8694,Priministar,Adventure,t,2016-09-29,30
12653,Warriors Orochi 2,Action,t,2009-08-25,30
635,Atari Classics Evolved,Misc,t,2007-12-19,30
376,Amf Bowling Pinbusters!,Sports,t,2007-11-20,30
6832,Midnight Play! Pack,Misc,t,2008-06-24,30
1033,Black Cat,Action,t,2006-03-30,30
742,Baja: Edge Of Control,Racing,t,2008-09-22,30
9724,Sega Golf Club: Miyazato San Kyoudai Naizou,Sports,t,2006-11-11,30
11984,Tomb Raider (2013),Action,t,2013-03-05,30
2535,Diabolik Lovers: Vandead Carnival,Action,t,2014-12-04,30
13031,X-Men Legends,Role-Playing,t,2004-09-21,30
6780,Metal Slug 7,Shooter,t,2008-11-18,30
5759,Kimi O Aogi Otome Wa Hime Ni,Adventure,t,2016-09-29,30
8656,Power Rangers: Dino Thunder,Action,t,2004-09-22,30
4808,Hiiro No Kakera 3: Aoikuro No Kusabi,Adventure,t,2008-08-07,30
8053,Okaeri! Chibi-Robo! Happy Richie Oosouji,Adventure,t,2009-07-23,30
10485,Spy Hunter 2,Racing,t,2003-11-20,30
12625,"Warhammer 40,000: Inquisitor - Martyr",Action,t,2018-08-28,30
8038,Odin Sphere: Leifthrasir,Role-Playing,t,2016-06-07,30
265,Akane Iro Ni Somaru Saka Parallel,Adventure,t,2008-08-14,30
5445,Jissen Pachinko Hisshouhou! Cr Sakura Taisen,Misc,t,2007-09-13,30
2757,Dokidoki Majo Shinpan! 2,Adventure,t,2008-07-31,30
8782,Pro Yakyuu Spirits 3,Sports,t,2006-04-06,30
2558,Digimon Story: Cyber Sleuth - Hacker'S Memory,Role-Playing,t,2018-01-19,30
4358,Great Party Games,Misc,t,2010-06-11,30
6813,Micro Machines V4,Racing,t,2006-06-27,30
13039,X-Men: Next Dimension,Fighting,t,2002-10-15,30
1484,Call Of Duty: Wwii,Shooter,t,2017-11-03,30
8820,Psychicemotion6,Adventure,t,2016-10-06,30
7176,Motorstorm: Arctic Edge,Racing,t,2009-09-29,30
2173,Daito Giken Koushiki Pachi-Slot Simulator: Ossu! Misao + Maguro Densetsu Portable,Misc,t,2010-07-01,30
7571,Nba Ballers: Chosen One,Sports,t,2008-04-21,30
12426,Uta No Prince-Sama: Amazing Aria & Sweet Serenade Love,Adventure,t,2017-10-19,30
3480,Fallout 4,Role-Playing,t,2015-11-10,30
8775,Pro Yakyuu Netsu Star 2006,Sports,t,2006-04-06,30
9292,Rock Band 2,Misc,t,2008-09-14,30
12916,World Snooker Championship 2007,Sports,t,2007-03-23,30
10256,Socom: Tactical Strike,Shooter,t,2007-11-06,30
3021,Driver: Parallel Lines,Racing,t,2006-03-14,30
2272,Dark Summit,Sports,t,2002-02-04,30
10394,Spectral Force Genesis,Role-Playing,t,2010-03-16,30
5121,Infinite Space,Role-Playing,t,2010-03-16,30
2831,Double Pack Tomb Raider: Legend / Anniversary,Action,t,2009-04-09,30
5370,Jikkyou Powerful Pro Baseball 2016,Sports,t,2016-04-28,30
12895,World Of Final Fantasy,Role-Playing,t,2016-10-25,30
2004,Crash Nitro Kart,Racing,t,2003-11-11,30
4689,Hayarigami 2 Portable: Keishichou Kaii Jiiken File,Adventure,t,2008-08-07,30
558,Army Men: Soldiers Of Misfortune,Shooter,t,2008-10-10,30
11323,The Dog Island,Adventure,t,2008-05-06,30
7913,Ninja Blade,Action,t,2009-04-07,30
4921,Hot Wheels: Burnin' Rubber,Racing,t,2001-11-21,30
12843,Wolfenstein Ii: The New Colossus,Shooter,t,2017-10-27,30
8360,Personal Trainer: Walking,Sports,t,2009-05-26,30
913,Beatdown: Fists Of Vengeance,Action,t,2005-08-23,30
3325,Eternal Sonata,Role-Playing,t,2008-10-21,30
3963,Fugitive Hunter: War On Terror,Shooter,t,2003-11-18,30
436,Ant Nation,Simulation,t,2009-09-08,30
8409,Pgr: Project Gotham Racing 2,Racing,t,2003-11-17,30
8490,Pippa Funnell 2: Farm Adventures,Simulation,t,2007-10-12,30
6337,Madworld,Action,t,2009-03-10,30
1219,Borderlands: The Pre-Sequel,Misc,t,2014-10-14,30
5586,Kamen Rider: Climax Heroes Fourze,Fighting,t,2011-12-01,30
3231,Elminage Ds Remix: Yami No Fuo To Kamigami No Yubiwa,Role-Playing,t,2008-11-13,30
13309,Zumba Fitness 2,Sports,t,2011-11-15,30
6490,Martian Panic,Adventure,t,2010-08-24,30
1045,Blacksite: Area 51,Shooter,t,2007-11-12,30
7897,Nights Of Azure,Role-Playing,t,2016-03-29,30
7073,Monster Mayhem: Build And Battle,Simulation,t,2009-09-15,30
4386,Group S Challenge,Racing,t,2003-11-11,30
1533,Carmen Sandiego: The Secret Of The Stolen Drums,Adventure,t,2004-09-13,30
11713,The Technomancer,Role-Playing,t,2016-06-28,30
6961,Mobile Suit Gundam Seed Destiny: Generation Of C.E.,Action,t,2005-08-25,30
3357,Evergirl,Adventure,t,2005-10-09,30
6067,Lego The Incredibles,Action,t,2018-06-15,30
3781,Fishing Resort,Sports,t,2011-11-22,30
11166,Tenchu San Portable,Action,t,2009-08-27,30
7120,Mortal Kombat Vs Dc Universe,Fighting,t,2008-11-16,30
4303,Gourmet Chef: Cook Your Way To Fame,Misc,t,2008-06-24,30
5880,Konami Double Pack: Metal Gear Solid Portable Ops / Coded Arms,Action,t,2009-04-09,30
8441,Phineas And Ferb,Action,t,2009-02-03,30
8318,Pc Engine Best Collention: Ginga Ojousama Densetsu Collection,Adventure,t,2008-07-31,30
7818,Nhl 19,Sports,t,2018-09-14,30
28,1000 Cooking Recipes From Elle À Table,Misc,t,2010-07-02,30
2493,Destroy All Humans! 2,Adventure,t,2006-10-17,30
2408,Deer Hunter Reloaded,Shooter,t,2017-10-24,30
9889,Shin Lucky * Star: Moe Drill ~Tabidachi~,Action,t,2007-05-24,30
10147,Skate Park City,Sports,t,2008-07-04,30
11033,Taiko No Tatsujin Portable 2,Misc,t,2006-09-07,30
2573,Diner Dash: Flo On The Go,Puzzle,t,2009-10-20,30
2690,Disney Princess: Magical Jewels,Adventure,t,2007-10-16,30
3323,Eternal Poison (Jp Sales),Role-Playing,t,2008-11-11,30
3426,F1 2001,Racing,t,2001-11-18,30
2893,Dragon Ball Z: Buu'S Fury / Dragon Ball Gt: Transformation,Action,t,2006-03-29,30
4677,Hatsune Miku: Project Diva F 2nd,Music,t,2014-11-18,30
9578,San-X Land: Theme Park De Asobou!,Action,t,2006-03-30,30
753,Bakumatsu Rock: Ultra Soul,Misc,t,2014-09-25,30
4835,"Hisshou Pachinko*Pachi-Slot Kouryaku Series Vol. 12: Cr Shinseiki Evangelion - Shito, Futatabi",Misc,t,2008-06-26,30
3485,Fallout: New Vegas,Role-Playing,t,2010-10-19,30
5608,Kanokon: Esuii,Adventure,t,2008-07-31,30
11187,Tennis No Oji-Sama: Aim At The Victory!,Sports,t,2002-12-12,30
9376,Rosario To Vampire Capu 2: Koi To Yume No Kyousoukyoku,Adventure,t,2009-07-23,30
6950,Mlb Slugfest Loaded,Sports,t,2004-06-23,30
7034,Monster 4x4: Masters Of Metal,Racing,t,2003-11-25,30
7516,Nascar Thunder 2002,Racing,t,2001-11-14,30
198,After Hours Athletes,Sports,t,2011-11-18,30
10521,Star Ocean: First Departure,Role-Playing,t,2008-10-21,30
6717,Memories Off: Sorekara,Adventure,t,2008-08-14,30
9452,Rush: A Disney Pixar Adventure,Adventure,t,2017-10-31,30
1425,Cabela'S Dangerous Hunts: Ultimate Challenge,Sports,t,2006-04-04,30
5180,Iron Man,Action,t,2008-05-02,30
5472,Journey To The Center Of The Earth,Adventure,t,2008-06-30,30
10485,Spy Hunter 2,Racing,t,2003-11-24,30
12672,Wave Race: Blue Storm,Racing,t,2001-11-17,30
12774,Winning Eleven Playmaker 2010: Aoki Samurai No Chousen,Sports,t,2010-05-20,30
5986,Last Escort 2: Shinya No Amai Toge,Adventure,t,2008-02-21,30
3063,Duke Nukem Forever,Shooter,t,2011-06-14,30
5651,Katekyoo Hitman Reborn! Ds: Ore Ga Boss! Saikyou Family Taisen,Action,t,2009-12-17,30
2013,Crash: Mind Over Mutant,Platform,t,2008-10-21,30
9745,Self-Defense Training Camp,Sports,t,2011-11-08,30
7045,Monster High 13 Wishes,Misc,t,2013-10-29,30
12517,Vin Diesel: Wheelman,Racing,t,2009-03-24,30
6716,Memories Off: Omoide Ni Kawaru-Kun,Adventure,t,2008-08-14,30
2688,Disney Princess: Enchanted Journey,Adventure,t,2007-10-30,30
1925,Conflict: Denied Ops,Shooter,t,2008-02-12,30
2931,Dragon Quest Builders: Revive Alefgard,Role-Playing,t,2016-10-11,30
10835,Super Heroine Chronicle,Misc,t,2014-02-06,30
4027,Gakken Ds: Shin Toeic Test Kanzen Kouryaku,Misc,t,2007-09-13,30
11339,The Elder Scrolls V: Skyrim Special Edition,Role-Playing,t,2016-10-28,30
10553,Star Wars Jedi Knight: Jedi Academy,Shooter,t,2003-11-19,30
4925,Hot Wheels: World Race,Racing,t,2003-11-14,30
986,Big League Sports,Sports,t,2011-11-08,30
5228,J-League Winning Eleven 2007: Club Championship,Sports,t,2007-08-02,30
8157,Otomedius Gorgeous,Shooter,t,2008-11-20,30
7288,My Boyfriend,Simulation,t,2009-09-14,29
1785,Clannad: Mitsumi Mamoru Sakamichi De - Gekan,Adventure,t,2010-07-15,29
7464,Naruto Shippuuden: Dairansen! Kage Bunsen Emaki,Action,t,2008-02-14,29
6907,Misshitsu No Sacrifice,Adventure,t,2010-02-04,29
9006,Ratchet & Clank: Going Commando (Jp Weekly Sales),Action,t,2003-12-11,29
8235,Pachipara 15: Super Umi Monogatari In Okinawa 2,Misc,t,2010-03-18,29
8939,Racquet Sports,Sports,t,2010-03-09,29
12096,Touchmaster 3(Others Sales),Puzzle,t,2009-10-23,29
9591,Santa Claus Saves The Earth,Platform,t,2002-10-30,29
5484,Juiced 2: Hot Import Nights,Racing,t,2007-10-08,29
5271,James Bond 007: Everything Or Nothing,Shooter,t,2003-11-17,29
8888,Quake 4,Shooter,t,2005-11-18,29
5962,La Corda D'Oro 4,Action,t,2016-03-10,29
13052,Xbox Live Arcade Unplugged Volume 1,Misc,t,2006-09-05,29
9291,Rock Band,Misc,t,2008-06-22,29
8394,Petz: Catz Playground,Simulation,t,2010-10-26,29
7280,My Animal Centre,Simulation,t,2008-12-05,29
2066,Cross Edge Dash,Role-Playing,t,2009-10-01,29
2842,Downstream Panic!,Action,t,2008-02-05,29
2359,Deadliest Catch: Alaskan Storm,Sports,t,2008-06-17,29
12869,World Championship Poker,Misc,t,2004-11-30,29
1389,Butt Ugly Martians: B.K.M. Battles,Action,t,2002-10-01,29
8160,Otometeki Koi Kakumei * Love Revo!! Ds,Adventure,t,2008-02-14,29
765,Balloon Pop,Puzzle,t,2009-10-23,29
11080,Tales Of The Heroes: Twin Brave,Action,t,2012-02-23,29
5945,Kutsushita Nyonko: Kutsushita O Haita Neko To Kurashi Hajime Mashita,Misc,t,2009-07-30,29
2463,Derby Stallion Ds,Sports,t,2008-06-26,29
5902,Kouchuu Ouja Mushi King: Greatest Champion E No Michi Ds,Action,t,2005-12-08,29
4580,Hands On! Tangrams,Puzzle,t,2009-11-24,29
7091,Monster Trux Arenas: Special Edition,Racing,t,2007-09-25,29
6436,Mana Khemia 2: Ochita Gakuen To Renkinjutsushi Tachi Portable+,Role-Playing,t,2009-10-01,29
3303,Espn International Winter Sports 2002,Sports,t,2002-02-04,29
6883,"Minna De Jibun No Setsumeisho: B-Kata, A-Kata, Ab-Kata, O-Kata",Misc,t,2008-12-30,29
6676,Mega Man Zero 3,Platform,t,2004-10-05,29
3516,Family Guy,Adventure,t,2006-10-16,29
283,Alan Wake,Action,t,2010-05-18,29
7287,My Body Coach,Sports,t,2009-11-20,29
4472,Gundam Versus,Action,t,2017-09-29,29
7248,Muv-Luv,Misc,t,2012-10-25,29
6863,"Mind, Body & Soul: Spellbound 2",Misc,t,2010-03-26,29
1351,Bunmei Haruka: Aoiza Ibunroku,Action,t,2011-08-18,29
4858,Hokuto No Ken: Hokuto Shinken Denshousha No Michi,Action,t,2008-02-14,29
6992,Moe Moe 2-Ji Daisenryaku 2,Adventure,t,2010-02-04,29
6601,Medal Of Honor: Infiltrator,Shooter,t,2003-11-17,29
11962,Tom Clancy'S Rainbow Six 3,Shooter,t,2003-11-12,29
4837,Hisshou Pachinko*Pachi-Slot Kouryaku Series Vol. 14: Cr Shinseiki Evangelion: Saigo No Mono,Misc,t,2009-07-30,29
11596,The Powerpuff Girls: Him And Seek,Platform,t,2002-10-29,29
2093,Csi: Dark Motives,Adventure,t,2007-11-20,29
3307,Espn Nba 2k5,Sports,t,2004-09-30,29
11843,Timeshift,Shooter,t,2007-10-30,29
993,Bigfoot King Of Crush,Racing,t,2011-10-18,29
12673,Wave Rally,Racing,t,2001-11-26,29
461,Aqua Teen Hunger Force: Zombie Ninja Pro-Am,Racing,t,2007-11-05,29
4705,Heartful Simulator Pachi-Slot: To Heart 2,Misc,t,2012-10-25,29
9946,Shinobido 2: Revenge Of Zen,Action,t,2012-02-21,29
11906,Tokimeki Memorial: Girl'S Side 2nd Season,Adventure,t,2008-02-14,29
8084,One Piece: Unlimited World Red Deluxe Edition,Action,t,2017-09-29,29
2215,Dance On Broadway,Misc,t,2011-03-15,29
10700,Strike Force Hydra,Shooter,t,2004-10-27,29
12874,World Championship Poker: Howard Lederer - All In,Misc,t,2006-09-05,29
13139,Your Shape Featuring Jenny Mccarthy,Sports,t,2009-11-24,29
6411,Major League Baseball 2k6,Sports,t,2006-04-13,29
12468,Vampire Rain,Action,t,2007-07-03,29
8039,Odoru Daisousasen The Game: Sensuikan Ni Sennyuu Seyo!,Adventure,t,2010-07-15,29
10192,Sly 3: Honor Among Thieves,Platform,t,2005-09-26,29
10013,Shrek: Hassle At The Castle,Action,t,2002-10-10,29
4536,Hakuouki: Zuisouroku Portable,Adventure,t,2010-08-26,29
6922,Mlb 07: The Show,Sports,t,2007-02-26,29
10644,Stoked: Big Air Edition,Sports,t,2009-11-23,29
12172,Treasure Gaust: Gaust Diver Crimson Red / Deep Purple,Action,t,2007-07-05,29
7572,Nba Ballers: Phenom,Sports,t,2006-04-05,29
422,Animaniacs: The Great Edgar Hunt,Platform,t,2005-09-18,29
9233,Rise Of The Kasai,Action,t,2005-04-05,29
12084,Touch Detective 2 1/2,Adventure,t,2007-10-09,29
8218,Pac-Man World 2,Action,t,2002-10-15,29
12624,"Warhammer 40,000: Fire Warrior",Shooter,t,2003-11-17,29
12272,Tv Total Events,Misc,t,2011-03-15,29
5758,Kimi No Yuusha,Role-Playing,t,2008-10-23,29
5329,Jet X20,Racing,t,2002-10-28,29
10489,Spy Vs Spy,Action,t,2005-04-06,29
7249,Muv-Luv Alternative,Misc,t,2012-10-25,29
1410,Cabela'S African Safari,Sports,t,2006-11-21,29
5251,Jak 3,Platform,t,2004-11-09,29
11351,The Fairly Odd Parents: Enter The Cleft,Platform,t,2002-11-04,29
1751,Chuck E. Cheese'S Sports Games,Sports,t,2011-03-01,29
1969,Corvette,Racing,t,2003-11-11,29
4104,Garfield And His Nine Lives,Action,t,2006-05-10,29
10850,Super Monkey Ball: Banana Splitz,Misc,t,2012-10-23,29
4830,Hisshou Pachinko*Pachi-Slot Kouryaku Series Ds Vol. 4: Shinseiki Evangelion - Saigo No Mono,Misc,t,2009-07-30,29
5227,J-League Winning Eleven 10 + Europa League 06-07,Sports,t,2006-11-22,29
4920,Hot Wheels: Beat That!,Racing,t,2007-09-30,29
12095,Touchmaster 3,Puzzle,t,2009-10-23,29
9062,Real Madrid: The Game,Sports,t,2009-04-03,29
6081,Let'S Draw!,Misc,t,2010-03-16,29
4442,Guitar Hero: On Tour,Misc,t,2008-06-22,29
7955,No More Heroes: Heroes' Paradise,Action,t,2011-08-16,29
9010,Ratchet & Clank: Up Your Arsenal (Weekly American Sales),Platform,t,2004-11-03,29
2728,Dk: King Of Swing,Platform,t,2005-09-19,29
270,Akb48+Me,Misc,t,2012-10-25,29
5616,Karaoke Joysound Wii,Misc,t,2009-07-29,29
11184,Tennis Masters Series 2003,Sports,t,2003-08-07,29
3179,Easy Piano,Misc,t,2010-04-13,29
603,Assassin'S Creed: Altair'S Chronicles,Action,t,2008-02-05,29
3588,Fatal Frame Ii: Crimson Butterfly,Action,t,2003-12-10,29
5762,Kimikiss (Ebkore+),Adventure,t,2008-02-14,29
13077,Yahari Game Demo Ore No Seishun Love-Kome Wa Machigatteiru. & Zoku: Oatome Set,Adventure,t,2017-10-26,29
13075,Yager,Shooter,t,2004-10-05,29
4500,Hagane No Renkinjutsushi - Fullmetal Alchemist: Yakusoku No Hi E,Action,t,2010-05-20,29
10855,Super Pickups,Racing,t,2007-09-25,29
9512,Sakura Sakura: Haru Urara,Adventure,t,2010-08-26,29
7628,Nba Street Homecourt,Sports,t,2007-02-20,29
2427,Dementium: The Ward,Shooter,t,2007-10-26,29
8342,Peppa Pig: Fun And Games,Misc,t,2010-03-26,29
6515,Mary King'S Riding School 2,Simulation,t,2009-09-11,29
10927,Supercar Street Challenge,Racing,t,2001-10-22,29
4920,Hot Wheels: Beat That!,Racing,t,2007-11-06,29
5095,Inazuma Eleven 2: Kyoui No Shinryokusha - Fire / Blizzard,Role-Playing,t,2009-10-01,29
8811,Prostroke Golf: World Tour 2007,Sports,t,2006-09-01,29
3135,Dynasty Warriors Next,Action,t,2012-02-22,29
1856,Codename: Kids Next Door: Operation S.O.D.A.,Platform,t,2004-11-02,29
6764,Metal Gear Solid: Snake Eater 3d,Action,t,2012-02-21,29
9092,Red Dead Redemption,Action,t,2010-05-18,29
1211,Boot Camp Academy,Action,t,2010-05-20,29
7064,Monster Jam,Racing,t,2007-11-19,29
2984,Dream C Club Portable,Simulation,t,2010-10-28,29
5266,Jam Sessions: Sing And Play Guitar (Us Sales),Misc,t,2007-09-11,29
2688,Disney Princess: Enchanted Journey,Adventure,t,2007-10-16,29
2070,"Crouching Tiger, Hidden Dragon",Action,t,2003-12-09,29
4021,Gadget Racers,Racing,t,2001-10-27,29
1836,Cocoto Kart Racer,Racing,t,2007-09-25,29
5265,Jam Sessions: Sing And Play Guitar (Jp Sales),Misc,t,2007-09-11,29
240,Air,Adventure,t,2007-11-22,29
4336,Grand Theft Auto: The Trilogy,Adventure,t,2005-11-20,29
7420,Nancy Drew: The Mystery Of The Clue Bender Society,Adventure,t,2008-07-23,29
1012,Bionicle: Matoran Adventures,Platform,t,2002-10-29,29
12924,World Soccer Winning Eleven 7,Sports,t,2003-08-07,29
7941,Nisenochigiri,Adventure,t,2010-08-26,29
8711,Princess In Love,Simulation,t,2009-09-14,29
1874,College Hoops 2k7,Sports,t,2006-11-20,29
1158,Boboboubo Boubobo: Ougi 87.5 Bakuretsu Hanage Shinken,Action,t,2002-12-19,29
1991,Crafting Mama,Simulation,t,2010-10-26,29
10440,Spongebob'S Atlantis Squarepantis,Adventure,t,2007-11-12,29
10821,Super Dropzone: Intergalactic Rescue Mission,Shooter,t,2004-10-26,29
6982,Mobile Suit Gundam: One Year War,Action,t,2005-04-07,29
4771,Hidden Agenda,Adventure,t,2017-10-24,29
5906,Kouenji Joshi Soccer 2: Koi Wa Nebagiba Kouenji,Adventure,t,2007-11-22,29
1371,Busou Renkin: Youkoso Papillon Park E,Action,t,2007-06-28,29
7244,Musou Orochi Z,Action,t,2009-03-12,29
7921,Ninja Gaiden Sigma Plus,Action,t,2012-02-22,29
5579,Kamen Rider Kabuto,Action,t,2006-11-30,28
2229,Dancing On Ice,Sports,t,2010-03-12,28
1935,Constantine,Action,t,2005-02-14,28
8760,Pro Fishing Challenge,Sports,t,2004-08-31,28
8788,Pro Yakyuu Team O Tsukurou! 2,Sports,t,2009-05-21,28
10086,Simple Ds Series Vol. 43: The Host Shiyouze! Dx Knight King,Simulation,t,2009-03-12,28
416,Animal Planet: Emergency Vets,Simulation,t,2009-03-13,28
8902,Quiz Magic Academy Ds,Misc,t,2008-09-12,28
6230,Love Plus,Simulation,t,2009-09-03,28
4716,Heiligenstadt No Uta,Adventure,t,2017-09-28,28
2992,Dream Day: Wedding Destinations,Simulation,t,2009-03-09,28
2587,Dirt 3,Racing,t,2011-05-24,28
2072,Cruis'N,Racing,t,2007-11-27,28
3869,Fortnite,Action,t,2017-07-21,28
3851,Ford Racing 3,Racing,t,2005-03-22,28
4561,Hamsterz Life,Action,t,2006-11-28,28
13046,X2: Wolverine'S Revenge,Action,t,2003-04-14,28
9265,Road Trip,Racing,t,2002-10-26,28
10085,Simple Ds Series Vol. 42: The Haioku Byoutou,Adventure,t,2008-07-10,28
3828,Football Manager 2007,Sports,t,2006-12-01,28
4238,God Eater 2,Misc,t,2013-11-14,28
10034,Sideswiped,Racing,t,2009-10-20,28
7485,Naruto: Path Of The Ninja 2,Role-Playing,t,2008-10-15,28
1492,Canada Hunt,Sports,t,2010-05-18,28
2920,Dragon Ball: Origins 2,Action,t,2010-06-22,28
12853,Wonder World Amusement Park,Misc,t,2008-07-08,28
8946,Rage,Shooter,t,2011-10-04,28
9291,Rock Band,Misc,t,2007-12-18,28
2982,Dream C Club,Simulation,t,2009-08-27,28
6545,Max Payne 2: The Fall Of Max Payne,Shooter,t,2003-11-25,28
9313,Rockin' Pretty,Misc,t,2009-07-28,28
386,Amped 3,Sports,t,2005-11-16,28
13258,Zhuzhu Pets 2: Featuring The Wild Bunch,Simulation,t,2010-10-19,28
3940,Frogger: Helmet Chaos,Platform,t,2005-09-29,28
4920,Hot Wheels: Beat That!,Racing,t,2007-09-26,28
7593,Nba Live 06,Sports,t,2005-11-16,28
7335,My Weight Loss Coach,Sports,t,2008-06-24,28
1415,Cabela'S Big Game Hunter 2005 Adventures,Sports,t,2004-11-10,28
5147,International Cricket Captain Iii,Sports,t,2007-11-16,28
8768,Pro Yakyuu Famista Ds,Sports,t,2007-11-15,28
12059,Torino 2006,Sports,t,2006-01-24,28
7675,Ncaa March Madness 2005,Sports,t,2004-11-17,28
2326,Dead Cells,Action,t,2018-08-15,28
9308,Rocket Power: Beach Bandits,Platform,t,2002-10-19,28
6456,Margot'S Bepuzzled!,Puzzle,t,2009-10-23,28
3143,Dynasty Warriors: Strikeforce,Action,t,2009-04-28,28
6268,"Lupin Iii: Lupin Ni Wa Shi O, Zenigata Ni Wa Koi O",Adventure,t,2008-02-15,28
6949,Mlb Slugfest 2006,Sports,t,2006-06-05,28
6109,Lightning Returns: Final Fantasy Xiii,Misc,t,2014-02-11,28
7826,Nhl 2k11,Sports,t,2010-08-24,28
1564,Case Closed: One Truth Prevails,Adventure,t,2009-01-30,28
801,Baroque,Role-Playing,t,2008-04-08,28
9700,Secret Game Portable,Adventure,t,2010-05-27,28
12587,Wallace & Gromit In Project Zoo,Platform,t,2003-10-07,28
7322,My Pet Shop (Jp Sales),Simulation,t,2009-03-09,28
6088,Let'S Play Garden,Simulation,t,2010-06-08,28
12818,Wipeout Hd Fury,Racing,t,2009-10-14,28
9611,Sbk Superbike World Championship,Racing,t,2009-03-03,28
831,Batman: Arkham Origins Blackgate,Action-Adventure,t,2013-10-25,28
4634,Harukanaru Toki No Naka De Yumenoukihashi Special,Adventure,t,2009-01-29,28
4218,Go Diego Go! Safari Rescue,Action,t,2008-02-11,28
1972,Cosmetic Paradise: Make No Kiseki,Misc,t,2008-07-10,28
8995,Rapala Tournament Fishing!,Sports,t,2006-11-21,28
10149,Ski-Doo Snowmobile Challenge,Racing,t,2009-10-13,28
1832,Club Penguin: Elite Penguin Force - Herbert'S Revenge,Adventure,t,2010-05-25,28
7392,Namco Museum 50th Anniversary (Jp Sales),Misc,t,2005-08-30,28
5590,Kamen Rider: Dragon Knight,Fighting,t,2009-11-17,28
6766,Metal Gear Solid: The Essential Collection,Adventure,t,2008-03-18,28
4687,Haven: Call Of The King,Platform,t,2002-11-17,28
3246,Emergency Room: Real Life Rescues,Simulation,t,2009-08-25,28
8323,Pdc World Championship Darts 2009,Sports,t,2009-05-29,28
393,And1 Streetball,Sports,t,2006-06-06,28
3965,Fukakutei Sekai No Tantei Shinshi: Akugyou Futaasa No Jiken File,Adventure,t,2009-01-29,28
12568,Viva Pinata: Pocket Paradise,Simulation,t,2008-09-08,28
3298,Espn College Hoops 2k5,Sports,t,2004-11-17,28
2643,Disney'S Kim Possible: Revenge Of Monkey Fist,Platform,t,2002-11-13,28
6238,Lucha Libre Aaa: Heroes Del Ring,Fighting,t,2010-10-12,28
12603,Wangan Midnight Portable,Racing,t,2007-09-27,28
2034,Crazy Machines 2,Puzzle,t,2009-10-16,28
3266,Enemy Front,Shooter,t,2014-06-10,28
3627,Fifa 06: Road To Fifa World Cup,Sports,t,2005-11-16,28
8995,Rapala Tournament Fishing!,Sports,t,2006-11-22,28
2403,Deep Labyrinth,Action,t,2006-08-15,28
10948,Suran Digit,Adventure,t,2016-10-20,28
1014,Bioshock 2,Shooter,t,2010-02-09,28
109,8ball Allstars,Sports,t,2010-08-24,28
6535,Matchbox Missions: 2 Game Pack!,Misc,t,2006-08-30,28
2476,Desert Kingdom,Adventure,t,2010-05-27,28
13099,Yatsu Hakamura,Action,t,2009-04-23,28
10989,Syberia,Adventure,t,2017-10-20,28
2655,Disney'S Pk: Out Of The Shadows,Platform,t,2002-11-01,28
7373,Mystic Heroes,Action,t,2002-09-30,28
11884,Tobidase! Kagaku-Kun Chikyuu Daitanken! Nazo No Chinkai Seibutsu Ni Idome!,Misc,t,2011-03-03,28
1546,Cars 2,Racing,t,2011-06-21,28
11546,The Lord Of The Rings: The Two Towers,Action,t,2002-12-30,28
1558,Cartoon Network Collection: Game Boy Advance Video Volume 2,Misc,t,2004-10-15,28
11746,The Wild Thornberrys Movie,Platform,t,2002-11-13,28
267,Akatsuki No Goei Trinity,Misc,t,2012-09-20,28
4088,Games Explosion!,Action,t,2006-08-15,28
12116,Tournament Pool,Sports,t,2009-05-21,28
11200,Terminator 3: The Redemption,Shooter,t,2004-09-02,28
497,Arctic Tale,Adventure,t,2007-10-10,28
6057,Lego Racers 2,Racing,t,2001-11-27,28
8057,Okashi Na Shima No Peter Pan: Sweet Never Land,Adventure,t,2011-10-06,28
1465,Call Of Duty: Advanced Warfare,Shooter,t,2014-11-04,28
9377,Rosario To Vampire: Tanabata No Miss Youkai Gakuen,Adventure,t,2008-03-20,28
12425,Uta No Prince-Sama: All Star After Secret,Action,t,2015-03-12,28
4991,I Love Puppies,Simulation,t,2010-10-18,28
12913,World Snooker Challenge 2005,Sports,t,2005-09-01,28
3388,Exist Archive: The Other Side Of The Sky,Role-Playing,t,2016-10-18,28
1787,Clash Of The Titans: The Videogame,Action,t,2010-07-27,28
10496,Spyro: Enter The Dragonfly,Platform,t,2002-11-03,28
13255,Zettai Zetsumei Toshi 3: Kowareyuku Machi To Kanojyo No Uta,Action,t,2009-04-23,28
4501,Haikyu!! Cross Team Match!,Action,t,2016-03-03,28
6638,Mega Man Battle Network 2,Action,t,2002-10-18,28
609,Assassination Classroom: Grand Siege On Korosensei,Action,t,2015-03-12,28
4219,Go Diego Go!: Safari Rescue,Action,t,2008-02-11,28
2086,Crysis 2,Shooter,t,2011-03-22,28
4452,Gun,Shooter,t,2005-11-16,28
7254,Mvp 06 Ncaa Baseball,Sports,t,2006-01-18,28
7383,N3: Ninety-Nine Nights,Action,t,2006-08-15,28
9453,Rygar: The Battle Of Argus,Action,t,2009-01-28,28
806,Basketball Hall Of Fame Ultimate Hoops Challenge,Sports,t,2010-03-16,28
7280,My Animal Centre,Simulation,t,2009-03-13,28
2750,Dokapon Kingdom (Jp Sales),Role-Playing,t,2008-10-14,28
10046,Silent Hill: Shattered Memories,Adventure,t,2010-01-19,28
11966,Tom Clancy'S Rainbow Six: Lockdown,Shooter,t,2005-09-06,28
10464,Spore Creatures,Simulation,t,2008-09-07,28
8136,Oretachi No Sekai Wa Shimatteiru,Adventure,t,2017-11-09,28
13276,Zombie Hunters 2,Action,t,2007-06-29,28
11979,Tom Clancy'S Splinter Cell: Double Agent,Action,t,2006-11-28,28
7993,Nora To Koujo To Noraneko Heart,Adventure,t,2017-09-28,28
12157,Transformers: War For Cybertron -- Decepticons,Action,t,2010-06-22,28
12826,Witch'S Wish,Adventure,t,2010-05-26,28
4847,Hitman 2: Silent Assassin,Action,t,2002-10-01,28
7265,Mx Vs. Atv Reflex,Racing,t,2009-12-01,28
2266,Dark Sector,Shooter,t,2008-03-25,28
13259,Zhuzhu Pets: Featuring The Wild Bunch,Simulation,t,2010-10-19,28
2748,Dokapon Journey (Jp Sales),Misc,t,2009-04-14,28
4916,Hot Wheels Ultimate Racing,Action,t,2007-07-02,28
9944,"Shinobi, Koi Utsutsu: Kanmitsu Hana Emaki",Adventure,t,2017-09-28,28
7382,N3 Ii: Ninety-Nine Nights,Action,t,2010-06-29,28
4578,Hanayori Danshi: Koi Seyo Onago,Adventure,t,2008-07-10,28
13070,Xiii,Shooter,t,2003-11-18,28
1457,Call Of Cthulhu,Role-Playing,t,2018-10-30,28
10006,Shrek Extra Large,Platform,t,2002-10-31,28
6309,Madden Nfl 06,Sports,t,2005-11-16,28
13046,X2: Wolverine'S Revenge,Action,t,2003-04-15,28
1592,Castlevania: Lords Of Shadow 2,Action-Adventure,t,2014-02-25,28
1698,Chicken Shoot,Action,t,2007-07-05,28
7321,My Pet Shop,Simulation,t,2009-03-09,28
7267,Mx Vs. Atv Supercross Encore,Sports,t,2015-10-27,28
12699,We Sing Down Under,Misc,t,2011-03-31,28
4154,Geometry Wars: Galaxies,Shooter,t,2007-11-27,28
1443,Cake-Ya San Monogatari: Ooishii Sweets O Tsukurou!,Adventure,t,2017-11-09,28
5770,Kinectimals,Simulation,t,2010-11-04,28
4339,Grand Trucker Aniki: Shigoto To Kenka To Koimoyou,Racing,t,2009-10-22,28
4657,Harvest Moon: Magical Melody,Simulation,t,2009-08-25,28
1546,Cars 2,Racing,t,2011-11-08,28
12076,Totally Spies! 2: Undercover,Action,t,2006-11-27,28
13312,Zumba Fitness: World Party,Misc,t,2013-11-05,28
11325,The Dukes Of Hazzard: Return Of The General Lee,Racing,t,2004-09-28,28
3940,Frogger: Helmet Chaos,Platform,t,2005-09-27,28
7469,Naruto Shippuuden: Shinobi Retsuden Iii,Action,t,2009-04-29,28
5116,Infamous 2,Action,t,2011-06-07,28
12337,Ultimate Game Room,Misc,t,2009-06-30,28
7325,My Secret Diary,Misc,t,2009-07-28,28
6767,Metal Gear Solid: The Essential Collection (Jp Sales),Adventure,t,2008-03-18,28
12435,Utawarerumono: Chiriyukusha E No Komoriuta,Role-Playing,t,2018-04-26,28
3457,Face Racers: Photo Finish,Racing,t,2011-11-12,28
3546,Far Cry 4,Shooter,t,2014-11-18,28
4848,Hitman Trilogy,Action,t,2007-06-30,28
2005,Crash Nitro Kart,Racing,t,2003-11-13,28
7739,Nettou! Powerful Koushien,Sports,t,2010-03-18,28
11805,Tiger Woods Pga Tour 06,Sports,t,2005-11-16,28
1538,Carnival Games,Misc,t,2008-07-08,28
4200,Girls Only,Simulation,t,2010-10-19,28
2867,Dragon'S Lair 3d: Return To The Lair,Platform,t,2002-11-18,28
7828,Nhl 2k6,Sports,t,2005-11-16,28
1714,Choko Ken No Dekitate Sweets Wagon,Simulation,t,2009-03-19,28
12145,Transformers: Cybertron Adventures,Action,t,2010-06-22,28
10968,Suzunone Seven: Rebirth Knot,Adventure,t,2010-05-27,28
6708,Memories Off #5: Togireta Film,Adventure,t,2009-01-29,28
13166,Yu-Gi-Oh! Double Pack 2,Misc,t,2006-08-30,28
11756,The Wizard Of Oz: Beyond The Yellow Brick Road,Role-Playing,t,2009-09-29,28
7751,New Game! The Challenge Stage!,Adventure,t,2017-01-26,28
4206,Glacier2,Racing,t,2009-10-13,28
10247,So-Ra-No-Wo-To: Otome No Gojuusou,Adventure,t,2010-05-27,28
9656,Sd Gundam Force: Showdown!,Shooter,t,2004-10-11,28
12463,Vampire Knight Ds,Adventure,t,2009-01-29,28
11288,The Chase: Felix Meets Felicity,Action,t,2009-01-27,28
4063,Gallop Racer 2004,Sports,t,2004-08-31,28
9655,Sd Gundam Force,Shooter,t,2004-10-10,28
5010,Idol Death Game Tv,Adventure,t,2016-10-20,28
12156,Transformers: War For Cybertron -- Autobots,Action,t,2010-06-22,28
6212,Lost In Blue 3,Adventure,t,2008-03-18,28
8750,Pro Evolution Soccer 2012,Sports,t,2011-11-15,28
4822,Hirameki Action: Chibikko Wagyan No Daiki Na Bouken,Action,t,2009-01-29,28
6824,Midnight Club 3: Dub Edition Remix,Racing,t,2006-03-13,28
2115,Curious George,Action,t,2006-02-01,28
13065,Xgiii: Extreme G Racing,Racing,t,2001-11-27,28
6376,Mahjong Kakutou Club Wii: Wi-Fi Taiou,Misc,t,2009-04-29,28
12876,World Championship Rugby,Sports,t,2004-09-01,28
7161,Motogp 14,Racing,t,2014-11-04,28
7302,My Friends,Misc,t,2009-07-28,28
8161,Otona No Renai Shousetsu: Harlequin Selection,Misc,t,2010-02-25,27
3858,Forgotten Realms: Demon Stone,Action,t,2004-09-14,27
328,All Star Karate,Action,t,2010-04-20,27
5740,Kill.Switch,Shooter,t,2004-09-16,27
11058,Taito Legends Power Up,Action,t,2007-05-17,27
1546,Cars 2,Racing,t,2011-11-01,27
6252,Luminous Arc 2 (Jp Sales),Role-Playing,t,2008-11-18,27
4453,Gun Gun Pixies,Adventure,t,2017-04-27,27
4018,Gabrielle'S Ghostly Groove 3d,Adventure,t,2011-10-04,27
5997,Learn Chess,Misc,t,2009-12-27,27
3401,Eyepet,Simulation,t,2010-11-02,27
5998,Learn Geography,Misc,t,2009-12-27,27
11974,Tom Clancy'S Splinter Cell 3d,Action,t,2011-04-10,27
12040,Top Gun: Firestorm Advance,Shooter,t,2002-11-26,27
10563,Star Wars: Bounty Hunter,Shooter,t,2002-11-22,27
1677,Cheer We Go!,Misc,t,2010-03-23,27
5187,Irotoridori No Sekai: World'S End Re-Birth,Action,t,2015-03-19,27
8643,Power Pro Kun Pocket 14,Sports,t,2011-12-01,27
11893,Tokeijikake No Ley Line: Kagerou Ni Samayou Majo,Adventure,t,2017-04-27,27
10282,Sonic & Sega All-Stars Racing Transformed,Racing,t,2012-11-18,27
5622,Karaoke Revolution Glee 2: Road To Regionals,Misc,t,2011-04-05,27
615,Asterix & Obelix: Kick Buttix,Action,t,2004-09-14,27
12006,Tony Hawk'S American Sk8land,Sports,t,2005-11-16,27
8418,Phantasy Star Online 2: Episode 3 Deluxe Package,Action,t,2015-03-19,27
8491,Pippa Funnell: Ranch Rescue,Adventure,t,2007-11-16,27
11487,The Land Before Time: Big Water Adventure,Platform,t,2002-11-27,27
6493,Marvel Avengers: Battle For Earth,Misc,t,2012-10-30,27
8801,Project Highrise: Architect'S Edition,Simulation,t,2018-11-13,27
11150,Teikoku Kaleido: Kakumei No Rondo,Adventure,t,2017-09-21,27
6896,Minna To Issho,Misc,t,2011-12-17,27
11398,The Heavy Rain And Beyond: Two Souls Collection,Action,t,2016-03-01,27
12345,Ultimate Nes Remix,Action,t,2014-12-05,27
11632,The Simpsons: Road Rage,Racing,t,2001-11-24,27
8663,Power Smash: Live Match!,Sports,t,2010-03-25,27
6411,Major League Baseball 2k6,Sports,t,2006-04-10,27
4381,Grisaia No Meikyuu: Le Labyrinthe De La Grisaia,Adventure,t,2014-10-30,27
4828,"Hisshou Pachinko*Pachi-Slot Kouryaku Series Ds Vol. 2: Shinseiki Evangelion - Shito, Futatabi",Misc,t,2008-06-12,27
5021,Ihra Drag Racing 2,Racing,t,2002-12-09,27
8304,Paws & Claws Pet Vet: Australian Adventures,Simulation,t,2009-08-18,27
6133,Little King'S Story,Misc,t,2012-10-02,27
8726,Pripara & Pretty Rhythm: Pripara De Tsukaeru Oshare Item 1450!,Action,t,2015-03-19,27
10249,Soccer Kid,Platform,t,2002-09-30,27
6912,Mission: Impossible - Operation Surma,Action,t,2003-12-08,27
13069,Xiaolin Showdown,Action,t,2006-11-28,27
2822,Doraemon: Nobita No Uchuu Eiyuuki,Action,t,2015-03-05,27
8630,Poupee Girl Ds 2: Elegant Mint / Sweet Pink Style,Misc,t,2010-12-16,27
5059,Imagine: Fashion Stylist,Simulation,t,2010-11-02,27
7294,My Fashion Studio,Misc,t,2008-06-10,27
2844,Downtown Nekketsu Koushinkyoku: Soreyuke Daiundoukai All-Star Special,Action,t,2015-03-05,27
12797,Winter Blast: 9 Snow & Ice Games,Sports,t,2010-03-23,27
11837,Time Crisis: Razing Storm,Shooter,t,2010-10-19,27
2598,Discovery Kids: Kitten Corner,Simulation,t,2009-03-26,27
7176,Motorstorm: Arctic Edge,Racing,t,2009-10-20,27
8310,Paws & Claws: Pet Vet,Simulation,t,2009-08-18,27
2738,Dodge Racing: Charger Vs Challenger,Racing,t,2009-10-13,27
12066,Toro To Morimori,Misc,t,2009-07-23,27
3600,Fatal Inertia,Racing,t,2007-09-11,27
1429,Cabela'S Monster Buck Hunter,Sports,t,2010-03-25,27
4477,Gungrave: Overdose,Shooter,t,2004-09-15,27
9932,Shining Resonance Refrain,Role-Playing,t,2018-07-10,27
13114,Yoku'S Island Express,Action,t,2018-06-19,27
4727,Hello Kitty Picnic With Sanrio Friends,Misc,t,2012-10-30,27
3031,Drome Racers,Racing,t,2002-11-20,27
13225,Zapper: One Wicked Cricket!,Platform,t,2002-11-06,27
13028,X-Bladez: In-Line Skater,Sports,t,2002-04-05,27
3939,Frogger: Ancient Shadow,Platform,t,2005-09-28,27
94,50 Classic Games,Misc,t,2009-07-21,27
8148,Othello De Othello Ds,Misc,t,2008-06-12,27
4026,Gaitame Baibai Trainer: Kabutore Fx,Simulation,t,2009-03-26,27
8175,Outlaw Golf 2,Sports,t,2004-10-21,27
5068,Imagine: My Restaurant,Simulation,t,2009-03-27,27
444,Apassionata: Die Galanacht Der Pferde,Simulation,t,2009-03-27,27
3879,Forza Motorsport 3,Racing,t,2009-10-27,27
3674,Fifi And The Flowertots,Misc,t,2009-07-17,27
8697,Prince Of Persia Trilogy,Action,t,2011-04-19,27
4614,Harry Potter And The Goblet Of Fire,Adventure,t,2005-11-15,27
6189,Looney Tunes: Cartoon Conductor,Misc,t,2008-06-10,27
989,Big Mutha Truckers,Racing,t,2005-11-09,27
4309,Gradius V,Shooter,t,2004-09-14,27
9434,Runaway: The Dream Of The Turtle,Adventure,t,2009-11-29,27
10618,Steam Prison: Nanatsu No Bitoku,Adventure,t,2017-09-26,27
2892,Dragon Ball Z: Buu'S Fury,Action,t,2004-09-14,27
1140,Blowout,Shooter,t,2003-11-10,27
13078,Yahari Game Demo Ore No Seishun Love-Kome Wa Machigatteiru. Zoku,Adventure,t,2016-10-27,27
438,Antz Extreme Racing,Racing,t,2002-11-20,27
3748,Finding Nemo: The Continuing Adventures,Action,t,2004-09-08,27
6157,Littlest Pet Shop: Spring,Simulation,t,2009-03-03,27
2585,Dirt,Racing,t,2007-09-11,27
375,Amf Bowling 2004,Sports,t,2003-12-01,27
1541,"Carnival Games: Monkey See, Monkey Do!",Misc,t,2011-04-05,27
6751,Metal Gear Solid 3: Subsistence,Action,t,2006-03-14,27
11611,The Revenge Of Shinobi,Platform,t,2002-11-19,27
8027,Ochaken No Daibouken 2: Yume Ippai No Omocha Hako,Simulation,t,2008-12-18,27
3104,Dying Light,Action,t,2016-02-06,27
9855,Shellshock: Nam 67,Shooter,t,2004-09-14,27
6251,Luminous Arc 2,Role-Playing,t,2008-11-18,27
5130,Inkheart,Adventure,t,2009-01-12,27
7694,Need For Speed: Most Wanted (2012),Racing,t,2012-10-30,27
5869,Koisuru Otome To Shugo No Tate Portable,Adventure,t,2010-07-29,27
9862,Sherlock Holmes Vs. Jack The Ripper,Adventure,t,2010-04-20,27
6720,Memories Off: Yubikiri No Kioku,Adventure,t,2010-07-29,27
9692,"Second Novel: Kanojo No Natsu, 15-Bun No Kioku",Adventure,t,2010-07-29,27
9998,Shox,Racing,t,2002-11-19,27
1334,Build-A-Bear Workshop: Friendship Valley,Misc,t,2010-03-23,27
6970,Mobile Suit Gundam: Climax U.C.,Action,t,2006-03-02,27
4818,Himawari: Pebble In The Sky Portable,Adventure,t,2010-04-22,27
7731,Nerf N-Strike: Double Blast Bundle,Shooter,t,2010-10-26,27
12181,Trick Ds-Han: Kakushi Kami No Sumukan,Misc,t,2010-05-13,27
4602,Harakuju Tantei Gakuen: Steel Wood,Adventure,t,2010-04-22,27
11399,The Hidden,Adventure,t,2011-10-04,27
10496,Spyro: Enter The Dragonfly,Platform,t,2002-11-08,27
497,Arctic Tale,Adventure,t,2007-10-08,27
11711,The Tale Of Despereaux,Platform,t,2008-12-02,27
2601,Discovery Kids: Puppy Playtime,Simulation,t,2009-03-24,27
3000,Dreamer Series: Horse Trainer,Simulation,t,2008-12-16,27
9436,Rune Factory 2: A Fantasy Harvest Moon,Role-Playing,t,2008-11-18,27
5004,Ice Age 2: The Meltdown,Platform,t,2006-03-14,27
471,Arabians Lost: The Engagement On Desert,Adventure,t,2007-10-11,27
3852,Ford Racing 3,Racing,t,2005-11-03,27
4017,Ga - Geijutsuka Art Design Class: Slapstick Wonder Land,Adventure,t,2010-07-29,27
4920,Hot Wheels: Beat That!,Racing,t,2007-09-25,27
10480,Spy Fiction,Action,t,2004-08-31,27
3002,Dreamer Series: Puppy Trainer,Simulation,t,2008-12-16,27
1498,Canvas 3: Nanairo No Kiseki,Adventure,t,2010-04-22,27
13271,Zoids: Battle Legends,Action,t,2004-09-04,27
2703,Disney Stitch Jam,Misc,t,2010-03-23,27
922,Beatmania Iidx 15: Dj Troopers,Simulation,t,2008-12-18,27
8765,Pro Rally,Racing,t,2002-11-11,27
6065,Lego Star Wars: The Video Game,Action,t,2005-04-05,27
3218,Elebits: The Adventures Of Kai And Zero,Adventure,t,2009-01-06,27
11585,The Outfit,Action,t,2006-03-13,27
11289,The Cheetah Girls,Misc,t,2006-09-12,27
2600,Discovery Kids: Pony Paradise,Simulation,t,2009-03-26,27
13243,Zero No Tsukaima: Muma Ga Tsumugu Yokaze No Nocturne,Adventure,t,2007-11-29,27
8132,Orega Kantoku Da! Gekitou Pennant Race,Sports,t,2000-11-22,27
9463,S.Y.K: Shinsetsu Saiyuuki Portable,Adventure,t,2010-07-29,27
962,Beyblade Vforce: Super Tournament Battle,Action,t,2003-09-23,27
12432,"Utatte Touch, Utouchi!!",Misc,t,2010-02-25,27
8289,Pass Your Driving Theory Test: 2010 Edition,Misc,t,2010-03-19,27
3823,Food Coach: Healthy Living Made Easy,Misc,t,2010-03-19,27
12019,Tony Hawk'S Project 8,Sports,t,2006-11-17,27
5161,Inugamike No Ichizoku,Action,t,2009-01-22,27
12903,World Party Games,Misc,t,2009-12-27,27
8479,Pinball Hall Of Fame: The Gottlieb Collection,Misc,t,2005-12-06,27
4859,Hokuto No Ken: Raoh Gaiden - Ten No Haoh,Action,t,2009-01-22,27
1964,Corpse Party: Back To School Edition,Adventure,t,2016-10-25,27
2480,Desire: Remaster Version,Adventure,t,2017-04-27,27
11626,The Shoot,Shooter,t,2010-10-26,27
4495,Gyouretsu No Dekiru Houritsu Soudansho,Misc,t,2010-02-25,27
2104,Cube Creator Dx,Adventure,t,2017-04-27,27
3043,Ds Nishimura Kyotaro Suspense Shin Tantei Series: Kyoto Atami Zekkai No Kotou - Satsui No Wana,Adventure,t,2007-10-11,27
1335,Build-A-Bear Workshop: Welcome To Hugsville,Misc,t,2010-03-23,27
10119,Singstar Pop Edition,Misc,t,2009-05-01,27
8325,Pe-Jongju To Manabu Kankokugo Ds: Test-Hen,Misc,t,2010-08-26,27
8780,Pro Yakyuu Spirits 2013,Sports,t,2013-03-20,27
7910,Nil Admirari No Tenbin: Kuroyuri En'Youtan,Adventure,t,2017-09-21,27
9854,Shellshock: Nam '67,Shooter,t,2004-09-14,27
2646,Disney'S Little Einsteins,Misc,t,2006-09-12,27
3117,Dynasty Warriors 4 Empires,Action,t,2004-08-31,27
5054,Imagine: Family Doctor,Simulation,t,2009-03-25,27
10016,Shugo Chara! 3-Tsu No Tamagoto Koisuru Joker,Action,t,2008-03-13,27
2597,Discovery Kids: Dolphin Discovery,Simulation,t,2009-03-24,27
3016,Driven,Racing,t,2001-11-28,27
8770,Pro Yakyuu Famista Ds 2010,Sports,t,2010-03-25,27
2207,Dance Dance Revolution: Disney Grooves,Simulation,t,2009-04-02,27
2468,Derby Time 2006,Sports,t,2006-03-02,27
4020,Gachitora! Abarenbou Kyoushi In High School,Action,t,2011-04-21,27
7179,Motto Toeic Test Ds Training,Misc,t,2008-06-12,27
3944,From Russia With Love,Action,t,2006-04-03,27
7261,Mx Superfly Featuring Ricky Carmichael,Racing,t,2002-11-20,27
13218,Zaidan Houjin Nippon Kanji Nouryoko Kentei Kyoukai Kounin: Kanken Ds,Misc,t,2006-09-28,27
7035,Monster 4x4: Stunt Racer,Racing,t,2009-10-27,27
1313,Brunswick Pro Bowling,Sports,t,2007-08-21,27
11543,The Lord Of The Rings: The Fellowship Of The Ring,Action,t,2002-10-16,27
11899,Tokimeki Memorial 4,Adventure,t,2009-12-03,27
4034,Gakuen K: Wonderful School Days,Adventure,t,2014-10-30,27
6045,Lego Island Xtreme Stunts,Racing,t,2002-11-15,27
4847,Hitman 2: Silent Assassin,Action,t,2002-09-30,27
6931,Mlb 15: The Show,Sports,t,2015-03-31,27
12541,Virtua Tennis 3,Sports,t,2007-03-26,27
1353,Burger Island,Simulation,t,2008-12-17,27
2074,Cruis'N Velocity,Racing,t,2001-11-30,27
11680,The Sims: Bustin' Out,Simulation,t,2003-12-15,27
4571,Hanasaki Work Spring!,Adventure,t,2017-04-27,27
9066,Real Soccer 2008,Sports,t,2008-02-05,26
10603,Starry Sky: Summer Stories,Adventure,t,2017-05-11,26
6537,Math Blaster In The Prime Adventure,Misc,t,2009-05-19,26
9401,Rugby 08,Sports,t,2007-07-17,26
7881,Nicola Kanshuu: Model * Oshare Audition,Misc,t,2010-04-01,26
7608,Nba Live 2001,Sports,t,2000-10-16,26
9970,Shiren The Wanderer: The Tower Of Fortune And The Dice Of Fate,Action,t,2016-07-26,26
751,Bakumatsu Renka: Karyuu Kenshi-Den,Adventure,t,2007-10-04,26
9814,Shadow Of Destiny,Adventure,t,2010-01-26,26
3449,Fab 5 Soccer,Sports,t,2008-04-11,26
9941,Shinkyouku Soukai Polyphonica: The Black ~Episode 1&2 Cs Edition~,Adventure,t,2009-01-15,26
10523,Star Ocean: The Last Hope International,Role-Playing,t,2010-02-09,26
5311,Jelly Belly: Ballistic Beans,Puzzle,t,2009-04-21,26
2642,Disney'S Kim Possible: Kimmunicator,Platform,t,2005-11-09,26
5913,Kujiragami No Tearstilla,Action,t,2016-07-28,26
631,Atari'S Greatest Hits: Volume 2,Misc,t,2011-03-08,26
12290,Two Worlds,Role-Playing,t,2007-08-23,26
8170,Outcast: Second Contact,Adventure,t,2017-11-14,26
9913,Shin Sangoku Musou 6 Special,Action,t,2011-08-25,26
6404,Major Dream: Major Wii Nagero! Gyroball!!,Sports,t,2008-02-07,26
5062,Imagine: Ice Champions,Sports,t,2009-02-25,26
9710,Seek And Destroy,Racing,t,2002-12-11,26
12007,Tony Hawk'S American Wasteland,Sports,t,2005-11-16,26
4078,Game Of Thrones: A Telltale Games Series,Adventure,t,2015-11-17,26
11374,The Godfather (Us Sales),Action,t,2006-03-21,26
7145,Moto Racer Advance,Racing,t,2002-12-05,26
4187,Gift: Prism,Adventure,t,2006-10-19,26
7813,Nhl 14,Sports,t,2013-09-10,26
8978,Rally Fusion: Race Of Champions,Racing,t,2002-11-11,26
242,Air Conflicts: Aces Of World War Ii,Simulation,t,2009-04-07,26
6112,Lilpri Ds: Hime-Chen! Apple Pink,Adventure,t,2010-08-19,26
4097,Gangs Of London,Adventure,t,2006-10-03,26
9423,Rugrats: Royal Ransom,Platform,t,2002-11-27,26
3915,Freekstyle,Racing,t,2003-08-30,26
7504,Nascar 2011: The Game,Racing,t,2011-03-29,26
12639,Warioware D.I.Y.,Misc,t,2010-03-28,26
674,Atv Offroad Fury Pro,Racing,t,2006-10-26,26
5702,Keshisasu-Kun: Battle Kas-Tival,Action,t,2010-07-15,26
5168,Inversion,Shooter,t,2012-06-05,26
11710,The Surge,Action,t,2017-05-16,26
7501,Nascar 2000,Racing,t,1999-09-30,26
2933,Dragon Quest Heroes Ii: Twin Kings And The Prophecy'S End,Action,t,2016-05-27,26
6857,Mimana Iyar Chronicle,Role-Playing,t,2010-03-30,26
11213,Test Drive: Eve Of Destruction,Racing,t,2004-08-25,26
7702,Need For Speed: Shift 2 Unleashed,Racing,t,2011-03-29,26
11738,The Walking Dead: A Telltale Games Series,Adventure,t,2014-10-14,26
5793,Kingdom Hearts Hd I.5 + Ii.5 Remix,Action,t,2017-03-28,26
8758,Pro Evolution Soccer 2019,Sports,t,2018-08-28,26
4331,Grand Theft Auto: Episodes From Liberty City,Adventure,t,2010-04-13,26
8930,Rabbids Party Collection,Misc,t,2010-08-27,26
1756,Cid To Chocobo No Fushigi Na Dungeon: Toki Wasure No Meikyuu Ds+,Role-Playing,t,2008-10-30,26
6814,Micro Machines: World Series,Racing,t,2017-06-30,26
9504,Saka Agari Hurricane Portable,Adventure,t,2017-10-27,26
7058,Monster Hunter Frontier Z: Beginner'S Package,Action,t,2016-11-22,26
6525,Mass Effect: Andromeda,Role-Playing,t,2017-03-21,26
8055,Okami Hd,Action,t,2017-12-12,26
2338,Dead Or Alive Paradise,Misc,t,2010-03-30,26
901,Bayonetta,Action,t,2010-01-05,26
2437,Demon Gaze 2,Role-Playing,t,2017-11-14,26
6574,Mechanic Master,Puzzle,t,2008-10-21,26
2776,Donkey Kong Country 3,Platform,t,2005-11-07,26
824,Batman: A Telltale Game Series,Adventure,t,2017-11-14,26
2022,Crayon Shin-Chan: Densetsu O Yobu Omake No To Shukkugaan!,Action,t,2006-03-23,26
2281,Darksiders,Action,t,2010-01-05,26
5978,Lara Croft And The Temple Of Osiris,Action,t,2014-12-09,26
4964,Hydro Thunder,Racing,t,2000-02-29,26
1698,Chicken Shoot,Action,t,2007-07-10,26
2063,Cross Ange: Tenshi To Ryuu No Rondo Tr.,Action,t,2015-05-28,26
12068,Total Immersion Racing,Racing,t,2002-11-18,26
12019,Tony Hawk'S Project 8,Sports,t,2006-11-21,26
34,11eyes: Crossover,Adventure,t,2010-01-28,26
271,Akiba'S Beat,Action,t,2017-05-16,26
8792,Professor Heinz Wolff'S Gravity,Puzzle,t,2009-04-06,26
10656,Story Hour: Fairy Tales,Adventure,t,2008-12-28,26
9805,Sg/Zh: School Girl/Zombie Hunter,Action,t,2017-11-17,26
9882,Shin Hisui No Shizuku: Hiiro No Kakera 2 Portable,Adventure,t,2010-08-19,26
6586,Medabots Dual: Kabuto / Kuwagata,Action,t,2013-11-14,26
10766,Summer Athletics 2009,Sports,t,2009-08-07,26
12088,Touch Mechanic,Simulation,t,2009-03-23,26
9768,Sengoku Musou 3 Empires,Action,t,2011-08-25,26
12081,Touch Darts,Misc,t,2008-07-01,26
1545,Cars,Racing,t,2006-10-23,26
2843,Downtown Nekketsu Jidaigek,Action,t,2015-05-28,26
3431,F1 2011,Racing,t,2011-09-20,26
7444,Naruto Shippuden 3d: The New Era,Action,t,2011-06-17,26
5966,Labyrinth Of Refrain: Coven Of Dusk,Action,t,2016-06-23,26
1724,Chou Ezaru Wa Akai Hana: Koi Wa Tsuki Ni Shirube Kareru,Action,t,2016-06-23,26
8722,Princess Saver! Eternal Love For My Lady,Adventure,t,2010-01-28,26
672,Atv Offroad Fury 2,Racing,t,2002-11-09,26
5309,Jeanne D'Arc,Role-Playing,t,2007-08-21,26
12147,Transformers: Dark Of The Moon - Autobots/Decepticons,Action,t,2011-06-14,26
1638,Championship Bowling,Sports,t,2006-03-01,26
12511,Viewtiful Joe: Red Hot Rumble,Action,t,2006-03-22,26
12877,World Championship Spelling,Misc,t,2010-03-30,26
12068,Total Immersion Racing,Racing,t,2002-11-20,26
5791,King Of Pool,Sports,t,2009-06-05,26
8226,Pachi-Slot Higrashi No Naku Koro Ni Matsuri,Misc,t,2010-04-22,26
11740,The Walking Dead: Season One,Adventure,t,2014-10-14,26
12995,Wwe 2k18,Sports,t,2017-10-17,26
3014,Driv3r,Racing,t,2005-10-25,26
8753,Pro Evolution Soccer 2014,Sports,t,2013-11-14,26
4915,Hot Wheels Turbo Racing,Racing,t,1999-09-22,26
8294,Pastel Chime Continue,Adventure,t,2010-12-09,26
11244,"The $1,000,000 Pyramid",Misc,t,2011-03-08,26
12094,Touchmaster 2,Puzzle,t,2008-10-21,26
12569,Viva Pinata: Trouble In Paradise,Simulation,t,2008-09-02,26
12751,Wild Arms 5 (Jp Sales),Role-Playing,t,2007-08-28,26
6748,Metal Gear Rising: Revengeance,Action,t,2013-02-19,26
8648,Power Pro Kun Pocket 6,Sports,t,2003-12-04,26
6426,Malice,Platform,t,2004-06-02,26
8344,Peppa Pig: Theme Park Fun,Misc,t,2011-03-25,26
11372,The Godfather (Old Us Sales),Action,t,2006-03-21,26
7160,Motogp 10/11,Racing,t,2011-03-15,26
4531,Hakuouki: Yuugi Roku,Adventure,t,2010-05-13,26
4064,Gallop Racer 2006,Sports,t,2006-05-02,26
5772,Kinetica,Racing,t,2001-10-16,26
11741,The Walking Dead: Season Two,Misc,t,2014-10-14,26
11889,Toca Race Driver 3: The Ultimate Racing Simulator,Racing,t,2006-02-22,26
9969,Shiren The Wanderer,Role-Playing,t,2010-02-09,26
160,Active Health With Carol Vorderman,Sports,t,2009-08-07,26
1204,Book Of Spells,Misc,t,2012-11-13,26
8625,Possession Magenta,Action,t,2015-05-28,26
12679,Way Of The Samurai 4,Action,t,2011-03-03,26
12648,Warriors All-Stars,Action,t,2017-03-30,26
10079,Simple 2000 Series Wii Vol. 2: The Party Game,Misc,t,2008-08-28,26
12473,Vampyr,Role-Playing,t,2018-06-05,26
5958,L: The Prologue To Death Note - Rasen No Wana,Adventure,t,2008-02-07,26
10305,Sonic Riders,Racing,t,2006-02-21,26
13209,Yuukyuu No Tierblade: Fragments Of Memory,Adventure,t,2017-10-05,26
7995,Norimono Oukoku Ds: You! Unten Shichai Na Yo!,Misc,t,2008-08-28,26
12658,Warriors: Legends Of Troy,Action,t,2011-03-08,26
3420,F.E.A.R. 2: Project Origin,Shooter,t,2009-02-10,26
7884,Nier,Role-Playing,t,2010-04-27,26
128,A Ressha De Ikou Ds,Simulation,t,2009-04-23,26
8345,Percy Jackson And The Olympians: The Lightning Thief,Role-Playing,t,2010-02-09,26
667,Attack On Titan: Escape From Certain Death,Adventure,t,2017-05-11,26
2882,Dragon Ball Z For Kinect,Misc,t,2012-10-09,26
2983,Dream C Club,Misc,t,2012-11-15,26
1313,Brunswick Pro Bowling,Sports,t,2010-12-07,26
12750,Wild Arms 5,Role-Playing,t,2007-08-28,26
1913,Commandos: Strike Force,Shooter,t,2006-04-04,26
7350,Myst,Adventure,t,2006-10-13,26
3618,Ferrari Challenge Trofeo Pirelli,Racing,t,2008-08-26,26
5387,Jikkyou Powerful Pro Yakyuu 14,Sports,t,2007-07-19,26
5863,Kodawari Saihai Simulation: Ocha No Ma Pro Yakyuu Ds,Sports,t,2009-06-04,26
5232,J-League Winning Eleven 9: Asia Championship,Sports,t,2005-11-17,26
2365,Deadly Premonition,Action,t,2010-02-23,26
7646,Ncaa Football 08,Sports,t,2007-07-17,26
10979,Sword Art Online: Fatal Bullet,Role-Playing,t,2018-02-23,26
2247,Darius Burst: Chronicle Saviours,Action,t,2017-03-30,26
4371,Grid,Racing,t,2008-06-03,26
2921,Dragon Ball: Raging Blast,Fighting,t,2009-11-10,26
5022,Ihra Drag Racing 2004,Racing,t,2003-12-01,26
9093,Red Dead Redemption 2,Action-Adventure,t,2018-10-26,26
64,2014 Fifa World Cup Brazil,Sports,t,2014-04-15,26
12358,Umibe De Reach! Ds,Misc,t,2008-08-28,26
4913,Hot Shots Tennis,Sports,t,2007-07-17,26
10211,Smash Court Tennis 3,Sports,t,2007-07-16,26
12035,Top Gun,Action,t,2011-06-14,26
8090,Oneechanbara Z Kagura With Nonono!,Action,t,2013-11-07,26
4160,Get On Da Mic,Misc,t,2004-10-05,26
11370,The Godfather,Action,t,2006-03-21,26
3060,Duke Nukem 3d: 20th Anniversary World Tour,Shooter,t,2016-10-18,26
4271,Gold'S Gym: Dance Workout,Sports,t,2010-08-17,26
12992,Wwe 2k15,Sports,t,2014-10-28,26
6223,Lost Sphear,Role-Playing,t,2018-01-23,26
5780,King'S Quest: The Complete Collection,Adventure,t,2016-10-18,26
9115,Reign Of Fire,Shooter,t,2002-11-26,26
3156,Ea Sports Mma,Fighting,t,2010-10-19,26
9510,Sakura-Sou No Pet Na Kanojo,Misc,t,2013-02-14,26
7997,Norn + Nonette: Last Era,Action,t,2015-04-02,26
12311,Uefa Euro 2016,Sports,t,2016-04-21,26
7503,Nascar 2005: Chase For The Cup,Racing,t,2004-08-31,26
2354,Dead To Rights,Shooter,t,2002-11-25,26
8199,Owaru Sekai To Birthday,Adventure,t,2017-05-11,26
1143,Blue Dragon,Role-Playing,t,2007-08-28,26
9333,Rogue Warrior,Shooter,t,2009-12-01,26
6561,Mayhem 3d,Racing,t,2011-03-22,26
1686,Chi'S Sweet Home: Chi Ga Ouchi Ni Yatte Kita!,Simulation,t,2008-09-04,26
12108,Toukiden 2,Action,t,2016-07-28,26
1372,Busou Shinki: Battle Masters,Action,t,2010-07-15,26
887,Battlefield: Bad Company 2 Ultimate Edition,Shooter,t,2010-08-31,26
12731,Whiteout,Racing,t,2002-11-12,26
4852,Hitman: Hd Trilogy,Misc,t,2013-01-29,26
7779,Nfl Blitz Pro,Sports,t,2003-12-02,26
4944,Hudson X Greeeen Live!? Deeees!?,Misc,t,2010-04-01,26
10834,Super Hero Generation,Role-Playing,t,2014-10-23,26
691,Away: Shuffle Dungeon,Role-Playing,t,2008-11-06,26
912,Beat The Intro,Misc,t,2010-03-31,26
8764,Pro Race Driver,Racing,t,2002-12-06,26
6023,Legends Of Wrestlemania,Fighting,t,2009-03-24,26
7520,Nascar: Dirt To Daytona,Racing,t,2002-11-11,26
6038,Lego Harry Potter Collection,Action,t,2018-10-30,26
8368,Pet Vet: Down Under,Simulation,t,2009-03-31,26
4022,Gadget Racers (Pal),Racing,t,2003-12-05,26
3029,Driving Theory Training,Misc,t,2008-08-29,26
2719,Divinity: Original Sin,Role-Playing,t,2015-10-27,26
6202,Lords Of The Fallen,Role-Playing,t,2014-10-28,26
4988,I Love Beauty: Hollywood Makeover,Misc,t,2009-05-20,26
6851,Military History: Commander - Europe At War,Strategy,t,2009-03-20,26
233,Aikatsu Stars! My Special Appeal,Action,t,2016-11-24,26
12110,Toukiden: The Age Of Demons,Action,t,2015-03-31,26
8285,Party Pigs: Farmyard Games,Misc,t,2009-05-19,26
5419,Jikkyou Powerful Pro Yakyuu Wii,Sports,t,2007-07-19,26
1687,Chibi-Robo! Park Patrol,Adventure,t,2007-10-02,26
9777,Senran Kagura Burst,Action,t,2013-11-14,26
9331,Rogue Trooper Redux,Shooter,t,2017-10-17,26
3247,Emergency! Disaster Rescue Squad,Simulation,t,2009-04-07,26
11555,The Magic Roundabout,Action,t,2008-12-05,26
4475,Gungrave,Shooter,t,2002-09-16,26
6743,Metal Fight Beyblade: Bakugami Susanoh Shuurai!,Action,t,2010-07-15,26
13199,Yume O Kanaeru Zou,Misc,t,2009-05-21,26
11371,The Godfather (Jp Sales),Action,t,2006-03-21,26
2964,Dragoneer'S Aria,Role-Playing,t,2007-08-21,26
5201,Ittle Dew 2+,Action,t,2017-11-14,26
8026,Ocean Commander,Simulation,t,2009-03-31,26
13225,Zapper: One Wicked Cricket!,Platform,t,2002-11-05,26
12002,Tongari Boushi To Mahou No Otana,Simulation,t,2010-11-11,26
7275,Mxgp 3: The Official Motocross Videogame,Racing,t,2017-06-20,26
8431,Phantom Dust,Action,t,2005-03-15,25
6460,Marine Life Rescue,Adventure,t,2011-12-01,25
11448,The Invisible Hours,Adventure,t,2017-10-10,25
3008,Dreamworks 2-In-1 Party Pack,Misc,t,2010-08-24,25
3234,Elminage Ii: Sousei No Megami To Unmei No Daichi,Role-Playing,t,2009-10-29,25
8291,Passport To... London,Misc,t,2006-09-22,25
7289,My Chinese Coach,Misc,t,2008-08-26,25
6939,Mlb 2k12 / Nba 2k12 Combo Pack,Sports,t,2012-03-06,25
7129,Mortimer Beckett And The Secrets Of Spooky Manor,Puzzle,t,2008-11-18,25
2440,Dengeki Gakuen Rpg: Cross Of Venus Special,Role-Playing,t,2011-02-10,25
3198,Ef - A Fairy Tale Of The Two.,Adventure,t,2010-04-29,25
10308,Sonic Rivals 2,Racing,t,2007-11-13,25
10320,Sorry! / Aggravation / Scrabble Junior,Misc,t,2005-08-21,25
11250,The Adventures Of Jimmy Neutron Boy Genius Vs. Jimmy Negatron,Action,t,2002-09-25,25
3793,Flatout,Racing,t,2010-11-09,25
7099,Montessori Music,Misc,t,2011-03-29,25
1828,Clover No Kuni No Alice,Adventure,t,2010-04-15,25
8154,Otome Wa Oanesama Boku Ni Koi Shiteru Portable,Adventure,t,2010-04-29,25
10951,Surfing H3o,Sports,t,2000-10-26,25
11253,The Adventures Of Jimmy Neutron Boy Genius: Jet Fusion,Action,t,2003-09-24,25
3041,Ds Kageyama Method: Dennou Hanpuku - Masu X Masu Hyaku Masu Keisan,Misc,t,2006-12-07,25
6529,Master Of The Monster Lair,Role-Playing,t,2008-10-31,25
1983,Country Dance,Misc,t,2011-03-29,25
11721,The Tomb Raider Trilogy,Action,t,2011-03-22,25
8410,Pgr3 - Project Gotham Racing 3,Racing,t,2005-11-16,25
12930,World Soccer Winning Eleven 9 (Us Sales),Sports,t,2006-02-07,25
8485,Pinkalicious,Misc,t,2011-03-29,25
7872,Nicktoons Mlb 3d,Sports,t,2012-03-06,25
5120,Infinite Loop: Kojjou Ga Miseta Yume,Adventure,t,2008-07-24,25
5696,Kenkou Ouen Recipe 1000: Ds Kondate Zenshuu,Misc,t,2006-12-07,25
10398,Spectrobes: Beyond The Portals (Jp Sales),Role-Playing,t,2008-10-07,25
4471,Gundam The 3d Battle,Action,t,2011-03-24,25
11632,The Simpsons: Road Rage,Racing,t,2001-12-01,25
10439,Split/Second,Racing,t,2010-11-16,25
10646,Stolen,Action,t,2005-04-21,25
3620,Ferrari F355 Challenge,Racing,t,2002-09-28,25
12969,Wrc 5: Fia World Rally Championship,Racing,t,2015-11-24,25
4643,Harvest Moon Ds Cute (Us Sales),Simulation,t,2008-03-25,25
8857,Puyo Puyo Chronicle,Action,t,2016-12-08,25
5691,Kenka Banchou 2: Full Throttle,Action,t,2007-03-08,25
6375,Mahjong Fight Club Ds: Wi-Fi Taiou,Misc,t,2006-12-07,25
8002,Nostalgia,Role-Playing,t,2009-10-27,25
11245,The * Kayou Generation,Misc,t,2009-06-18,25
10397,Spectrobes: Beyond The Portals,Role-Playing,t,2008-10-07,25
10976,Swing Away Golf,Sports,t,2000-10-25,25
709,Babysitting Mama,Simulation,t,2010-11-16,25
7743,Neverland Card Battles,Role-Playing,t,2008-10-27,25
1505,Capcom Classics Mini Mix,Misc,t,2006-09-19,25
186,Adventures To Go!,Role-Playing,t,2009-10-27,25
7449,Naruto Shippuden: Kizuna Drive,Action,t,2011-03-22,25
2511,Deus Ex: Invisible War,Shooter,t,2003-12-02,25
10737,Sudoku Ball Detective,Puzzle,t,2009-10-13,25
9601,Satomi Hakkenden: Hamaji Himenoki,Adventure,t,2014-09-25,25
2300,Date Ni Game Tsui Wake Jane! Dungeon Maker Girls Type,Role-Playing,t,2009-10-29,25
6488,Marriage Royale: Prism Story,Adventure,t,2010-04-28,25
7260,Mx 2002 Featuring Ricky Carmichael,Racing,t,2001-12-06,25
8339,Penny Racers Party: Turbo-Q Speedway,Racing,t,2008-10-20,25
3416,F-Zero Gx,Racing,t,2003-08-26,25
9059,Real Crimes: The Unicorn Killer,Adventure,t,2011-11-30,25
3685,Fighter Maker 2,Fighting,t,2002-11-12,25
3114,Dynasty Warriors 3,Action,t,2002-09-24,25
9423,Rugrats: Royal Ransom,Platform,t,2002-11-16,25
7720,Neo Contra,Shooter,t,2004-10-19,25
6227,Love Of Renai Koutei Of Love!,Adventure,t,2017-05-25,25
10241,Snoopy Vs The Red Baron,Adventure,t,2006-10-24,25
8290,Passport To... Amsterdam,Misc,t,2006-09-22,25
10004,Shrek 2 And Shark Tale 2-In-1 Pack,Misc,t,2005-08-25,25
4015,G1 Jockey Wii,Sports,t,2007-06-29,25
9540,Samurai Champloo: Sidetracked,Action,t,2006-04-11,25
8267,Paperboy / Rampage,Misc,t,2005-08-21,25
13252,Zettai Meikyuu Grimm: Nanatsu No Kagi To Rakuen No Otome,Adventure,t,2010-04-28,25
8058,Oktoberfest,Action,t,2009-09-04,25
10083,Simple Ds Series Vol. 40: The Gekai,Simulation,t,2008-08-28,25
909,Beat City,Misc,t,2010-04-20,25
6455,Marginal 4: Road To Galaxy,Adventure,t,2017-05-25,25
11832,Time Crisis 3,Shooter,t,2003-10-21,25
12274,Twilight Syndrome: Kinjiratera Toshi Densetsu,Adventure,t,2008-07-24,25
4441,Guitar Hero: Metallica,Misc,t,2009-04-14,25
7898,Nights Of Azure 2,Action,t,2017-08-31,25
7708,"Negima!? Chou Mahora Taisen Kattoiin, Keiyaku Shikkou Dechai Masuu",Adventure,t,2006-10-26,25
2738,Dodge Racing: Charger Vs Challenger,Racing,t,2009-09-24,25
7024,Monobeno: Pure Smile,Adventure,t,2014-09-25,25
10263,Sokukoku No Kusabi: Hiiro No Kakera 3 Portable,Adventure,t,2010-04-15,25
9023,Rayman 10th Anniversary,Platform,t,2005-09-06,25
6551,Maximum Chase,Racing,t,2003-11-06,25
982,Big Family Games,Misc,t,2009-05-22,25
1025,Bit.Trip Complete,Misc,t,2011-09-13,25
4338,Grand Theft Auto: Vice City Stories,Action,t,2007-03-05,25
11848,Timmy Time,Action,t,2011-08-19,25
681,Atv: Quad Frenzy,Racing,t,2005-11-14,25
5255,Jak X: Combat Racing,Racing,t,2005-10-18,25
20,1 Vs. 100,Misc,t,2008-06-30,25
10773,Summer Lesson: Miyamoto Hikari Collection,Adventure,t,2017-05-25,25
1934,Connect Four / Perfection / Trouble,Misc,t,2005-08-21,25
1616,Centipede / Breakout / Warlords,Misc,t,2005-08-21,25
4081,Game Party 3,Puzzle,t,2009-10-06,25
6410,Major League Baseball 2k5,Sports,t,2005-02-28,25
9345,Rolling Stone: Drum King,Misc,t,2009-05-26,25
11991,Tomb Raider: Legend (Weekly American And Jp Sales),Action,t,2006-04-11,25
3690,Fighting Fantasy: The Warlock Of Firetop Mountain,Role-Playing,t,2009-10-27,25
4502,Haikyuu!! Tsunage! Itadaki No Keshiki!!,Adventure,t,2014-09-25,25
4642,Harvest Moon Ds Cute (Jp Sales),Simulation,t,2008-03-25,25
11417,The Ico & Shadow Of The Colossus Collection,Adventure,t,2011-09-27,25
7396,Namco Museum Battle Collection (Jp Sales),Misc,t,2005-08-23,25
7695,Need For Speed: Most Wanted 5-1-0,Racing,t,2005-11-15,25
11835,Time Crisis: Crisis Zone,Shooter,t,2004-10-19,25
12731,Whiteout,Racing,t,2002-11-24,25
507,Aria: The Natural ~Tooi Yume No Mirage~,Adventure,t,2006-09-28,25
12083,Touch Detective (Jp Sales),Adventure,t,2006-10-24,25
4779,Hidden Mysteries: Vampire Secrets,Adventure,t,2010-08-20,25
2393,Deca Sports Ds,Sports,t,2010-03-02,25
6724,Men Of Valor,Shooter,t,2004-10-19,25
12193,Trinity: Souls Of Zill O'Ll,Role-Playing,t,2011-02-08,25
2197,Dance Dance Revolution Supernova 2,Simulation,t,2007-09-25,25
6514,Mary King'S Riding School,Simulation,t,2008-08-29,25
7395,Namco Museum Battle Collection,Misc,t,2005-08-23,25
1548,Cars Mater-National Championship,Racing,t,2007-11-12,25
8523,Planetarium Creator Ohira Takayuki Kanshuu: Homestar Portable - 21st Century Star Navigator,Misc,t,2006-10-19,25
9951,Shinseiki Evangelion Ayanami Ikusei Keikaku Ds With Asuka Hokan Keikaku,Simulation,t,2008-08-28,25
11081,Tales Of The World: Radiant Mythology 3,Role-Playing,t,2011-02-10,25
12082,Touch Detective,Adventure,t,2006-10-24,25
446,Ape Academy 2,Misc,t,2006-09-29,25
9208,Ridge Racer 6,Racing,t,2005-11-17,25
5944,Kuryuu Youma Gakuenki Recharge,Adventure,t,2006-09-28,25
731,Backyard Skateboarding 2006,Sports,t,2004-10-04,25
12436,Utawarerumono: Chiriyukusha E No Komoriuta,Adventure,t,2006-10-26,25
3408,Eyetoy Play 2,Misc,t,2005-08-16,25
12595,Wand Of Fortune 2: Jikuu Ni Shizumu Mokushiroku,Adventure,t,2011-09-29,25
4917,Hot Wheels Velocity X,Racing,t,2002-11-11,25
12929,World Soccer Winning Eleven 9 (Jp & Others Sales),Sports,t,2006-02-07,25
639,Atelier Annie: Alchemists Of Sera Island,Role-Playing,t,2009-10-27,25
10973,Swat: Target Liberty,Shooter,t,2007-10-16,25
6410,Major League Baseball 2k5,Sports,t,2005-02-23,25
1359,Burnout 2: Point Of Impact,Racing,t,2002-09-30,25
2208,Dance Dance Revolution: Hottest Party,Simulation,t,2007-09-25,25
6855,Millipede / Super Breakout / Lunar Lander,Misc,t,2005-08-15,25
10297,Sonic Gems Collection,Misc,t,2005-08-16,25
6826,Midnight Club: La Remix,Racing,t,2008-10-20,25
4885,Horrible Histories: Ruthless Romans,Adventure,t,2010-04-27,25
12032,Top Gear Rally,Racing,t,2003-10-28,25
5915,Kuma No Pooh-San: 100 Acre No Mori No Cooking Book,Misc,t,2011-09-15,25
4294,Gotcha Force,Shooter,t,2003-12-03,25
6701,Meitantei Conan: Kieta Hakase To Machigai Sagashi No Tou,Adventure,t,2008-04-03,25
12079,Tottadoo! Yoiko No Mujintou Seikatsu,Adventure,t,2008-04-03,25
4070,Game Book Ds: Sword World 2.0,Role-Playing,t,2009-10-29,25
10413,Spider-Man 2,Action,t,2005-03-15,25
3880,Forza Motorsport 3: Ultimate Collection,Racing,t,2010-11-18,25
276,Akko Ni Omakase! Brain Shock,Misc,t,2006-12-07,25
1159,Bode Miller Alpine Skiing,Sports,t,2006-02-06,25
5692,Kenka Banchou 4: Ichinen Sensou,Action,t,2010-02-25,25
7006,Momotarou Dentetsu 16,Misc,t,2006-12-07,25
10933,Superman: Shadow Of Apokolips,Action,t,2002-09-25,25
2299,Date A Live: Rio Reincarnation Hd,Adventure,t,2017-10-12,25
3302,Espn International Track & Field,Sports,t,2000-10-25,25
11147,Teenage Zombies: Invasion Of The Alien Brain Thingys,Adventure,t,2008-04-15,25
8292,Passport To... Paris,Misc,t,2006-09-22,25
6884,Minna De Wai Wai! Spelunker,Action,t,2017-04-20,25
8585,Pong / Asteroids / Yars' Revenge,Misc,t,2005-08-21,25
3276,Entaku No Seito: Students Of Round,Role-Playing,t,2011-02-10,25
517,Armed And Dangerous,Shooter,t,2003-12-02,25
6002,Learning To Spell,Misc,t,2010-04-20,25
4917,Hot Wheels Velocity X,Racing,t,2002-11-12,25
979,Big Beach Sports 2,Sports,t,2010-07-06,25
9240,Risk / Battleship / Clue,Misc,t,2005-08-21,25
6116,Lionel Trains: On Track,Action,t,2006-12-06,24
6627,Mega Man 11,Platform,t,2018-10-02,24
9096,Red Dead Revolver,Shooter,t,2004-05-03,24
9157,Resident Evil: Revelations 2,Action,t,2015-03-20,24
6359,Magician'S Quest: Mysterious Times,Role-Playing,t,2009-05-11,24
3125,Dynasty Warriors 7,Action,t,2011-03-22,24
3639,Fifa 2001: Major League Soccer,Sports,t,2000-11-24,24
10530,Star Trek: Conquest,Strategy,t,2007-11-20,24
9220,Rime,Adventure,t,2017-11-21,24
2913,Dragon Ball: Advanced Adventure,Action,t,2006-06-06,24
8482,Ping Pals,Misc,t,2004-12-08,24
5434,Jinsei Game Wii,Misc,t,2007-12-27,24
7003,Momotarou Dentetsu 11,Misc,t,2002-12-05,24
3910,Freedom Fighters,Shooter,t,2003-10-01,24
2624,Disney'S Aladdin,Platform,t,2004-09-28,24
5097,Inazuma Eleven 3: Sekai E No Chousen!! The Ogre,Sports,t,2010-12-16,24
5380,Jikkyou Powerful Pro Yakyuu 10,Sports,t,2003-07-17,24
5566,Kaitou Rousseau,Action,t,2006-06-15,24
7520,Nascar: Dirt To Daytona,Racing,t,2002-11-27,24
6715,Memories Off: Innocent File,Visual Novel,t,2018-03-29,24
8097,Onimusha: Dawn Of Dreams,Action,t,2006-03-07,24
4644,Harvest Moon Ds: Island Of Happiness,Simulation,t,2008-08-26,24
5192,Island,Adventure,t,2017-02-23,24
10643,Stoked,Sports,t,2009-02-26,24
5194,Island Xtreme Stunts,Action,t,2002-09-22,24
11242,That'S So Raven: Psychic On The Scene,Adventure,t,2006-11-02,24
9916,Shin Sangoku Musou: Multi Raid 2,Action,t,2010-03-11,24
11136,Teenage Mutant Ninja Turtles Double Pack,Action,t,2006-06-06,24
4378,Grip: Combat Racing,Racing,t,2018-11-06,24
10424,Spikeout: Battle Street,Action,t,2005-03-29,24
699,Azure Striker Gunvolt: Striker Pack,Action,t,2017-11-21,24
1694,Chicken Blaster,Shooter,t,2009-09-15,24
888,Battlefield: Hardline,Shooter,t,2015-03-17,24
11597,The Powerpuff Girls: Relish Rampage,Action,t,2003-12-15,24
5433,Jinsei Game Q Ds: Shouwa No Dekigoto,Misc,t,2007-12-27,24
7820,Nhl 2001,Sports,t,2000-10-25,24
6762,Metal Gear Solid: Portable Ops,Action,t,2006-12-05,24
3908,Free Running,Sports,t,2010-04-27,24
8952,Raid: World War Ii,Shooter,t,2017-10-10,24
2170,Daito Giken Koushiki Pachi-Slot Simulator: Hihouden - Fuujirareta Megami Portable,Misc,t,2011-02-24,24
12378,Undertale,Role-Playing,t,2017-08-15,24
11377,The Godfather: Dons Edition,Action,t,2007-03-20,24
1256,Bratz: The Movie,Simulation,t,2007-09-24,24
9187,Rezel Cross,Role-Playing,t,2007-09-06,24
6480,Mario Pinball Land,Misc,t,2004-10-04,24
11545,The Lord Of The Rings: The Third Age,Role-Playing,t,2004-11-02,24
2934,Dragon Quest Heroes: The World'S Tree Woe And The Blight Below,Action,t,2015-02-26,24
3678,Fight Night Champion,Fighting,t,2011-03-01,24
12656,Warriors Orochi 3,Action,t,2014-09-02,24
4969,Hyperdimension Neptunia,Role-Playing,t,2011-02-15,24
7957,No More Heroes: Red Zone,Action,t,2011-07-21,24
7090,Monster Trucks Mayhem,Racing,t,2009-09-15,24
6395,Maji-Kyun! Renaissance,Adventure,t,2016-09-21,24
2769,Don Bradman Cricket 14,Sports,t,2014-04-03,24
437,Antiphona No Seikahime: Tenshi No Gakufu Op.A,Role-Playing,t,2009-10-22,24
10833,Super Ghouls 'N Ghosts,Platform,t,2002-09-23,24
9995,Shounen Sunday X Shounen Magazine: Nettou! Dream Nine,Sports,t,2009-02-26,24
11021,Tactics Ogre: Let Us Cling Together,Role-Playing,t,2011-02-15,24
8650,Power Pro Kun Pocket 9,Sports,t,2006-12-07,24
12606,Wanted: Weapons Of Fate,Shooter,t,2009-03-24,24
8605,Popcap Hits!,Misc,t,2011-02-18,24
622,Astraea No Shiroki Eien: White Eternity,Adventure,t,2016-09-22,24
457,Apollo Justice: Ace Attorney,Adventure,t,2017-11-21,24
11043,Taiko No Tatsujin: Go! Go! Godaime,Misc,t,2004-12-09,24
7987,Noddy In Toyland,Misc,t,2011-02-18,24
7162,Motogp 15,Racing,t,2015-06-24,24
4432,Guitar Freaks V3 & Drummania V3,Simulation,t,2007-10-04,24
1448,Cake Mania: Baker'S Challenge,Puzzle,t,2008-10-23,24
1522,Captain Tsubasa: Aratanaru Densetsu Joshou,Sports,t,2002-05-16,24
9199,Ride,Racing,t,2015-06-23,24
11842,Timepiece Ensemble,Adventure,t,2017-02-23,24
6440,Manepa 1000-Mannin No Fx Training,Misc,t,2009-06-04,24
5523,Just Dance 2019,Music,t,2018-10-23,24
6273,Luxor 3,Puzzle,t,2008-11-14,24
107,8 To Glory: The Official Game Of The Pbr,Sports,t,2018-10-30,24
5805,Kingdoms Of Amalur: Reckoning,Role-Playing,t,2012-02-07,24
9575,Samurai Warriors: Xtreme Legends,Action,t,2004-11-09,24
4287,Golf Club 2019,Sports,t,2018-11-13,24
647,Atelier Lydie & Suelle: The Alchemists And The Mysterious Paintings,Role-Playing,t,2018-03-27,24
7005,Momotarou Dentetsu 15,Misc,t,2005-12-08,24
5901,Kotoba No Puzzle: Mojipittan Wii Deluxe,Puzzle,t,2008-11-27,24
12305,Uchuu Keiji Tamashii: The Space Sheriff Spirits,Action,t,2006-05-25,24
799,Barnyard,Action,t,2006-12-04,24
8123,Order Up!,Misc,t,2008-07-22,24
736,Backyard Wrestling 2: There Goes The Neighborhood,Fighting,t,2004-11-16,24
3078,Dungeon Raiders,Role-Playing,t,2011-02-15,24
7183,Moujuu-Tachi To Ohimesama: In Blossom,Adventure,t,2017-09-07,24
13142,Yourself Fitness,Sports,t,2004-10-08,24
6086,Let'S Play Fashion Designer,Simulation,t,2009-02-27,24
11543,The Lord Of The Rings: The Fellowship Of The Ring,Action,t,2002-09-26,24
8547,Pocket Racers,Racing,t,2006-11-14,24
10415,Spider-Man 3,Platform,t,2007-10-16,24
13197,Yuki Yuna Is A Hero: Memory Of The Forest,Action,t,2015-02-26,24
8731,Prism: Light The Way,Puzzle,t,2007-10-17,24
10307,Sonic Rivals,Racing,t,2006-11-16,24
2821,Doraemon: Nobita No Takarajima,Action,t,2018-03-01,24
125,A Good Librarian Like A Good Shepherd: Library Party,Action,t,2015-02-12,24
4931,Hotel Transylvania 3: Monsters Overboard,Action-Adventure,t,2018-07-10,24
9706,Secret Weapons Over Normandy,Simulation,t,2003-11-18,24
4512,Hakuoki: Kyoto Winds,Adventure,t,2017-05-16,24
7533,Natural Doctrine,Role-Playing,t,2014-09-30,24
10183,Slime Rancher,Simulation,t,2018-09-04,24
10406,Speedball 2100,Sports,t,2000-10-24,24
9547,Samurai Shodown Anthology,Fighting,t,2009-03-24,24
12542,Virtua Tennis 4,Sports,t,2011-05-10,24
435,Ansatsu Kyoushitsu: Assassin Ikusei Keikaku!!,Action,t,2016-03-24,24
2218,Dance Party: Pop Hits,Misc,t,2009-05-08,24
578,"Asaki, Yumemishi",Adventure,t,2011-04-28,24
1596,Castlevania: The Dracula X Chronicles,Platform,t,2007-10-23,24
3459,Facebreaker,Fighting,t,2008-09-03,24
7766,"Newu Fitness First Mind Body, Yoga & Pilates Workout",Sports,t,2010-12-13,24
2233,Danganronpa 1-2 Reload,Adventure,t,2017-05-18,24
6728,Mercenaries 2: World In Flames,Shooter,t,2008-08-31,24
12841,Wolfenstein,Shooter,t,2009-08-18,24
5422,Jikkyou World Soccer 2002,Sports,t,2002-05-16,24
12105,Touhou Kobuto V: Burst Battle,Shooter,t,2017-10-10,24
2202,Dance Dance Revolution Universe 2,Simulation,t,2007-12-04,24
2217,Dance Party: Club Hits,Misc,t,2009-05-08,24
4624,Harukanaru Toki No Naka De 3 Ultimate,Adventure,t,2017-02-23,24
4382,Grisaia No Rakuen: Le Eden De La Grisaia,Adventure,t,2014-12-11,24
5409,Jikkyou Powerful Pro Yakyuu 8 Ketteiban,Sports,t,2001-12-20,24
3486,Fallout: New Vegas Ultimate Edition,Role-Playing,t,2012-02-07,24
1946,Cookie Shop,Simulation,t,2009-02-27,24
9649,Scribblenauts Mega Pack,Adventure,t,2018-09-18,24
11929,Tokyo Twilight Ghost Hunters Daybreak: Special Gigs,Adventure,t,2016-09-20,24
8978,Rally Fusion: Race Of Champions,Racing,t,2002-11-29,24
12776,Winning Eleven: Pro Evolution Soccer 2007 (All Region Sales),Sports,t,2007-02-06,24
960,Beyblade Evolution,Action,t,2013-10-29,24
6089,Let'S Play: Pet Hospitals,Simulation,t,2009-02-27,24
9209,Ridge Racer 7,Racing,t,2006-11-13,24
11314,The Da Vinci Code,Action,t,2006-05-19,24
8436,Pheasants Forever Wingshooter,Shooter,t,2010-10-06,24
6874,Minecraft: Story Mode - Season Two,Adventure,t,2017-10-03,24
3217,Elebits,Action,t,2006-12-12,24
893,Battlestar Galactica,Simulation,t,2003-11-19,24
988,Big Mountain 2000,Sports,t,2000-10-10,24
586,Asphalt: Urban Gt 2,Racing,t,2006-11-14,24
10428,Spintires: Mudrunner - American Wilds,Racing,t,2018-10-23,24
1990,Cradle Of Rome,Puzzle,t,2008-11-26,24
7659,Ncaa Football 2004,Sports,t,2003-07-16,24
11426,The Idolm@Ster: Live For You!,Misc,t,2008-02-28,24
291,Alice: Madness Returns,Adventure,t,2011-06-14,24
5593,Kamidanomi Shisugite Ore No Mirai Ga Yabai.,Adventure,t,2017-11-22,24
6177,Lol,Misc,t,2008-05-30,24
10060,Simanimals,Simulation,t,2009-01-21,24
7034,Monster 4x4: Masters Of Metal,Racing,t,2003-12-10,24
3819,Flushed Away,Platform,t,2006-10-24,24
1299,Brothers Conflict: Precious Baby,Action,t,2017-04-07,24
1235,Brain Assist,Misc,t,2008-02-26,24
9105,Redcard 20-03,Sports,t,2002-04-16,24
10984,Sword Art Online: Lost Song,Role-Playing,t,2015-11-17,24
7573,Nba Ballers: Rebound,Sports,t,2006-05-09,24
7219,Mtv Sports: Pure Ride,Sports,t,2000-09-30,24
1017,Birds Of Steel,Simulation,t,2012-03-13,24
9185,Rewrite: Harvest Festa!,Adventure,t,2017-05-18,24
10687,Street Fighter X Tekken,Fighting,t,2012-03-06,24
13093,Yamasa Digi World Sp: Pachi-Slot Sengoku Musou,Misc,t,2007-09-06,24
4845,Hitman,Action,t,2017-01-31,24
9755,Sengoku Basara: Chronicle Heroes,Action,t,2011-07-21,24
11639,The Sims 2: Apartment Pets,Simulation,t,2008-08-26,24
9002,Ratatouille,Platform,t,2007-10-23,24
10744,Sugar Sugar Rune: Queen Shiken Wa Dai Panic,Action,t,2006-05-25,24
136,A.C.E.: Another Century'S Episode 2 - Special Vocal Version,Simulation,t,2007-11-29,24
4756,Heroes Of The Pacific,Simulation,t,2005-09-28,24
3850,Ford Racing 2,Racing,t,2003-10-28,24
2180,Dakar 18,Racing,t,2018-09-25,24
10457,Spongebob Squarepants: The Yellow Avenger,Action,t,2006-03-06,24
6680,Mega Man Zx Advent,Platform,t,2007-10-23,24
4532,Hakuouki: Yuugi Roku Ds,Adventure,t,2011-04-28,24
2655,Disney'S Pk: Out Of The Shadows,Platform,t,2002-12-03,24
305,Aliens Vs Predator,Shooter,t,2010-02-16,24
3317,Espn Winter X Games: Snowboarding 2002,Sports,t,2000-10-24,24
664,Attack On Titan,Action,t,2017-01-01,24
7985,Nodame Cantabile: Dream * Orchestra,Misc,t,2007-12-27,24
939,Ben 10 Galactic Racing,Racing,t,2011-10-25,24
3221,Element Hunter,Role-Playing,t,2009-10-22,24
6132,Little Dragons Café,Simulation,t,2018-08-24,24
1969,Corvette,Racing,t,2003-12-10,24
12443,V-Rally 3,Racing,t,2002-09-30,24
1347,Bulletstorm,Shooter,t,2011-02-22,24
9574,Samurai Warriors: State Of War,Action,t,2006-03-07,24
12855,Woodcutter Simulator 2016,Action,t,2015-02-26,24
6545,Max Payne 2: The Fall Of Max Payne,Shooter,t,2003-12-02,24
7461,Naruto Shippuden: Ultimate Ninja Storm Generations,Fighting,t,2012-03-13,24
9084,Record Of Agarest War,Role-Playing,t,2009-10-30,24
4978,Hyrule Warriors Legends,Action,t,2016-03-25,24
12309,Uefa Euro 2004: Portugal,Sports,t,2004-05-04,24
11732,The Urbz: Sims In The City,Simulation,t,2004-11-09,24
528,Armored Core V,Simulation,t,2012-03-20,24
6913,Mist Of Chaos,Action,t,2007-03-22,24
10491,Spyro 2: Season Of Flame,Platform,t,2002-09-25,24
4869,Homefront,Shooter,t,2011-03-15,24
2216,Dance Paradise,Misc,t,2011-02-15,24
10234,Snk Arcade Classics Vol. 1,Misc,t,2008-07-22,24
5555,Kabushiki Baibai Trainer: Kabutore! Next,Simulation,t,2007-11-29,24
12459,Valkyria Revolution,Role-Playing,t,2017-06-27,24
8155,Otome Wa Oanesama Ni Koi Shiteru Portable: 2-Jin No Elder,Adventure,t,2011-04-28,24
10281,Sonic & Sega All-Stars Racing,Racing,t,2010-02-23,24
2008,Crash Tag Team Racing,Racing,t,2005-11-10,24
6188,Looney Tunes: Back In Action,Platform,t,2003-11-19,24
9590,Santa Claus Is Comin' To Town!,Puzzle,t,2011-11-08,24
1559,Cartoon Network Racing,Action,t,2006-12-05,24
9535,Samantha Swift And The Hidden Roses Of Athena,Adventure,t,2010-07-26,24
4299,Gotouchi Kenkei Ds,Misc,t,2006-11-22,24
4332,Grand Theft Auto: Liberty City Stories,Action,t,2006-06-06,24
8545,Pocket Pets,Simulation,t,2007-12-04,24
8457,Pia Carrot E Youkoso!! G.P. Gakuen Princess,Adventure,t,2009-01-22,24
4917,Hot Wheels Velocity X,Racing,t,2002-10-31,24
7378,Myth Makers: Super Kart Gp,Racing,t,2007-12-07,24
10963,Suzumiya Haruhi No Gekidou,Adventure,t,2009-01-22,24
7124,Mortal Kombat: Deception,Fighting,t,2004-10-04,24
3949,From Tv Animation One Piece: Treasure Battle!,Fighting,t,2002-11-01,24
3309,Espn Nba 2night 2002,Sports,t,2002-04-16,24
3676,Fight Club,Fighting,t,2004-11-16,24
11537,The Long Dark,Simulation,t,2018-09-04,24
2064,Cross Channel: In Memory Of All People,Adventure,t,2011-04-14,24
5748,Killer7,Action,t,2005-07-07,24
10922,Super Trucks Racing,Racing,t,2003-10-29,24
10193,Sly Cooper And The Thievius Raccoonus,Platform,t,2002-09-23,24
4398,Gt Pro Series,Racing,t,2006-11-14,24
10601,Starry * Sky: In Winter - Psp Edition,Adventure,t,2011-04-28,24
6381,Mahjong Taikai Iv,Misc,t,2006-11-22,24
8305,Paws & Claws: Dogs & Cats Best Friends,Simulation,t,2007-10-03,24
6325,Madden Nfl 2001,Sports,t,2000-10-23,24
1282,Bridge Constructor Portal,Simulation,t,2018-08-28,24
1449,Cake Mania: In The Mix!,Puzzle,t,2008-11-24,24
424,Anime Slot Revolution: Pachi-Slot Mobile Suit Gundam Ii - Ai Senshi Hen,Misc,t,2007-12-27,24
12656,Warriors Orochi 3,Action,t,2012-03-20,24
11767,Thehunter: Call Of The Wild,Shooter,t,2017-10-02,24
10965,Suzumiya Haruhi No Tomadoi,Adventure,t,2008-01-31,24
3390,Exit Ds,Puzzle,t,2008-11-05,24
10723,Stuntman: Ignition,Racing,t,2007-09-17,24
7645,Ncaa Football 07,Sports,t,2006-07-18,24
6097,Let'S Tap,Misc,t,2009-06-16,24
12711,Wet,Shooter,t,2009-09-15,24
4937,Housekeeping,Action,t,2006-12-07,24
5521,Just Dance 2017,Music,t,2016-10-25,24
5430,Jimmy Neutron: Boy Genius,Platform,t,2002-09-26,24
692,Axiom Verge,Action,t,2017-11-21,24
1256,Bratz: The Movie,Simulation,t,2007-09-25,24
926,Beautiful Katamari,Puzzle,t,2007-10-16,23
9770,Sengoku Musou 3 Z Special,Action,t,2012-02-16,23
12369,Uncharted: Golden Abyss,Action,t,2012-02-15,23
7516,Nascar Thunder 2002,Racing,t,2001-10-15,23
4108,Garfield: The Search For Pooky,Platform,t,2005-11-14,23
10511,Stadium Games,Sports,t,2004-11-03,23
11913,Tokumei Sentai Go-Busters,Misc,t,2012-09-27,23
8564,Pokémon Gold/Pokémon Silver,Role-Playing,t,2017-09-22,23
352,Amagami,Adventure,t,2011-03-31,23
5764,Kinect Joy Ride,Racing,t,2010-11-04,23
6938,Mlb 2006,Sports,t,2005-03-08,23
3850,Ford Racing 2,Racing,t,2003-11-03,23
13009,Wwe Smackdown! Shut Your Mouth,Fighting,t,2002-10-31,23
665,Attack On Titan 2,Action,t,2018-03-15,23
12389,Uno 52,Misc,t,2006-10-03,23
9102,Red Ninja: End Of Honor,Action,t,2005-03-30,23
421,"Animaniacs: Lights, Camera, Action!",Platform,t,2005-11-14,23
11083,Tales Of Vesperia,Role-Playing,t,2009-09-17,23
11526,The Legend Of Spyro: The Eternal Night,Platform,t,2007-10-18,23
7793,Nfl Quarterback Club 2002,Sports,t,2001-09-05,23
2726,Dj Max Technika Tune,Misc,t,2012-09-27,23
3589,Fatal Frame Ii: Crimson Butterfly Director'S Cut,Action,t,2004-11-01,23
5061,Imagine: Gymnast,Simulation,t,2010-03-23,23
2609,Disgaea 2: Dark Hero Days,Role-Playing,t,2009-09-08,23
4982,I-Ninja,Platform,t,2003-11-18,23
3916,Freekstyle,Racing,t,2002-09-05,23
1539,Carnival Games,Misc,t,2007-08-28,23
5570,Kakuto Chojin,Fighting,t,2002-11-11,23
2816,Doraemon The Movie: Nobita No Nankyoku Kachikochi Daibouken,Action,t,2017-03-02,23
12387,Uno / Skip-Bo,Misc,t,2006-10-02,23
6209,Lost Identities,Adventure,t,2011-03-29,23
12388,Uno / Skip-Bo / Uno Freefall,Misc,t,2006-11-16,23
9190,Rhapsody: A Musical Adventure,Role-Playing,t,2008-09-23,23
12281,Twisted Metal,Action,t,2012-02-14,23
5948,Kya: Dark Lineage,Adventure,t,2003-11-18,23
2001,Crash Bandicoot: The Wrath Of Cortex,Platform,t,2002-09-17,23
6194,Loons: The Fight For Fame,Action,t,2002-09-15,23
12518,Violet No Atelier: Gramnad No Renkinjutsushi 2 - Gunjou No Omoide,Role-Playing,t,2011-02-03,23
6235,Lovely X Cation 1 & 2,Action,t,2015-05-21,23
51,2 Games In 1 Double Pack: Hot Wheels Velocity X / Hot Wheels World Race,Racing,t,2005-09-22,23
1102,Bleach: The 3rd Phantom,Role-Playing,t,2009-09-15,23
2946,Dragon Quest X: All In One Package,Role-Playing,t,2017-09-21,23
8467,Picture Perfect Hair Salon,Simulation,t,2009-12-01,23
9726,Sega Gt 2002,Racing,t,2002-09-02,23
10774,Summer Sports 2: Island Sports Party,Sports,t,2008-12-18,23
13277,Zombie Shiki - Eigo Ryoku Sosei Jutsu: English Of The Dead,Misc,t,2008-05-29,23
8641,Power Pro Kun Pocket 12,Sports,t,2009-12-03,23
10994,Syberia Ii,Adventure,t,2004-10-05,23
10718,Stuart Little 3: Big Photo Adventure,Platform,t,2005-11-14,23
13257,Zhuzhu Pets,Simulation,t,2010-03-23,23
8207,Pac-Man & Galaga Dimensions,Action,t,2011-07-26,23
3106,Dynamic Chord Feat. Kyohso: V Edition,Adventure,t,2017-03-30,23
2327,Dead Head Fred,Action,t,2007-08-28,23
11749,The Wild West,Action,t,2007-08-28,23
6191,Looney Tunes: Galactic Sports,Action,t,2015-05-22,23
10182,Slime Morimori Dragon Quest: Shougeki No Shippo Dan,Adventure,t,2003-11-14,23
6421,Makai Senki Disgaea 3 Append Disc: Raspberyl-Hen Hajime Mashita,Role-Playing,t,2009-09-17,23
3216,El Tigre: The Adventures Of Manny Rivera,Platform,t,2007-10-29,23
9257,Ro-Kyu-Bu! Secret Photo Op,Misc,t,2014-03-27,23
7281,My Baby 3 & Friends,Simulation,t,2010-10-12,23
6504,Marvel Vs. Capcom 2,Fighting,t,2002-11-19,23
5848,Knights In The Nightmare: Dhe Series Special Pack,Role-Playing,t,2008-09-25,23
2003,Crash Boom Bang!,Misc,t,2006-10-10,23
12219,Tropix,Puzzle,t,2008-11-10,23
10786,Summon Night X: Tears Crown,Role-Playing,t,2009-11-05,23
8159,Otometeki Koi Kakumei * Love Revo! Portable,Adventure,t,2010-05-20,23
140,Abunai: Koi No Sousa Shitsu,Action,t,2015-05-21,23
11314,The Da Vinci Code,Action,t,2006-05-15,23
2998,Dreamcast Collection,Misc,t,2011-02-22,23
9637,Scooby-Doo! Night Of 100 Frights,Platform,t,2002-09-16,23
1690,Chibi * Devi!,Misc,t,2012-09-27,23
8392,Petz Wild Animals: Tigerz,Simulation,t,2008-02-26,23
10473,Sports Illustrated For Kids: Baseball,Sports,t,2001-09-02,23
4945,Hugo: The Evil Mirror,Action,t,2005-04-24,23
6377,Mahjong Kakutou Club: Zenkoku Taisenban,Misc,t,2006-11-16,23
12782,Winning Post 5,Sports,t,2001-12-22,23
4976,Hyperdimension Neptunia U: Action Unleashed,Action,t,2015-05-19,23
702,B'S-Log Party♪,Adventure,t,2010-05-20,23
8085,Onechanbara Special,Action,t,2011-03-31,23
3992,Fushigi? Kagaku: Nazotoki Quiz Training - Nazotore,Misc,t,2008-05-29,23
7517,Nascar Thunder 2003,Racing,t,2002-09-29,23
6368,Mah Jong Quest: Expeditions,Puzzle,t,2007-10-16,23
1545,Cars,Racing,t,2006-11-16,23
25,100 Classic Games,Misc,t,2011-04-08,23
5652,Katekyoo Hitman Reborn! Ds: Shinuki Max! Vongola Carnival!!,Action,t,2007-03-29,23
4729,Hello Kitty: Big City Dreams,Puzzle,t,2008-11-17,23
10217,Smuggler'S Run,Racing,t,2002-09-25,23
3378,Excite Truck,Racing,t,2006-11-19,23
2679,Disney Friends,Simulation,t,2008-02-26,23
5871,Koisuru Purin! Koi Wa Daibouken! Dr. Kanmi No Yabou!?,Platform,t,2008-11-06,23
89,4x4 Evo 2,Racing,t,2002-09-09,23
975,Big Air Freestyle,Racing,t,2002-09-13,23
6735,Merv Griffin'S Crosswords,Puzzle,t,2008-11-17,23
9310,Rocket Power: Team Rocket Rescue,Sports,t,2001-09-04,23
10455,Spongebob Squarepants: Revenge Of The Flying Dutchman,Action,t,2002-09-10,23
6516,Mary Skelter: Nightmares,Role-Playing,t,2017-09-19,23
8894,Quantum Redshift,Racing,t,2002-09-16,23
10846,Super Monkey Ball 3d,Action,t,2011-03-27,23
12282,Twisted Metal (2012),Action,t,2012-02-14,23
6775,Metal Max Xeno,Role-Playing,t,2018-09-25,23
10296,Sonic Free Riders,Racing,t,2010-11-04,23
12253,Turn It Around,Action,t,2007-08-28,23
8516,Pizza Delivery Boy,Simulation,t,2010-03-23,23
12538,Virtua Striker 2002,Sports,t,2002-05-20,23
12907,World Series Baseball,Sports,t,2002-05-19,23
12867,World Championship Cards,Misc,t,2008-05-27,23
324,All Kamen Rider: Rider Revolution,Action,t,2016-12-01,23
6736,Merv Griffin'S Crosswords,Puzzle,t,2008-11-17,23
9081,Rec Room Games,Sports,t,2009-12-01,23
9102,Red Ninja: End Of Honor,Action,t,2005-03-29,23
5,.Hack//G.U. Vol.3//Redemption,Role-Playing,t,2007-09-10,23
1587,Castlevania: Harmony Of Dissonance,Platform,t,2002-09-16,23
9461,S.Y.K Renshouden Portable,Adventure,t,2011-04-21,23
9034,Rayman Raving Rabbids,Misc,t,2006-11-14,23
4259,Godzilla: Domination!,Fighting,t,2002-11-11,23
1674,Chase: Hollywood Stunt Driver,Racing,t,2002-09-25,23
5834,Klap!! Kind Love And Punish: Fun Party,Adventure,t,2017-03-30,23
1829,Clover No Kuni No Alice,Adventure,t,2011-03-31,23
1784,Clannad,Adventure,t,2011-04-21,23
907,Beastly,Misc,t,2011-02-22,23
9289,Rock 'N' Roll Adventures,Platform,t,2007-10-11,23
2771,Don King Presents: Prizefighter,Sports,t,2008-06-10,23
12864,Workxwork,Role-Playing,t,2018-10-04,23
4205,Gitaroo Man Lives!,Misc,t,2006-11-14,23
11714,The Terminator: Dawn Of Fate,Action,t,2002-09-16,23
4202,Girls Und Panzer: Dream Tank Match,Action,t,2018-02-22,23
8230,Pachinko Kamen Rider: Shocker Zenmetsu Daisakusen,Misc,t,2008-02-21,23
4197,Gintama: Gin-San To Issho! Boku No Kabuki Machi Nikki,Action,t,2007-08-30,23
11714,The Terminator: Dawn Of Fate,Action,t,2002-09-18,23
4243,God Eater Off Shot: Soma Shikkuzaru-Hen Twin Pack & Animation Vol.4,Action,t,2016-01-28,23
10500,Squinkies,Misc,t,2011-04-12,23
10124,Singstar Rocks!,Misc,t,2006-11-14,23
5970,Lair,Action,t,2007-08-30,23
11331,The Elder Scrolls Iv: Oblivion - Game Of The Year Edition,Role-Playing,t,2007-09-10,23
1867,Colin Mcrae Rally 2.0,Racing,t,2002-09-16,23
10652,Stormlover,Adventure,t,2010-08-04,23
7376,Mystylist,Simulation,t,2008-02-28,23
8210,Pac-Man Championship Edition 2 + Arcade Game Series,Action,t,2017-02-28,23
9359,Romance Of The Three Kingdoms Xiii,Action,t,2016-01-28,23
3731,Final Fantasy Xi: Ultimate Collection,Role-Playing,t,2009-11-10,23
9150,Resident Evil Outbreak File #2,Action,t,2005-04-26,23
9478,Saga 2: Hihou Densetsu - Goddess Of Destiny,Role-Playing,t,2009-09-17,23
7621,Nba Shootout 2002,Sports,t,2001-09-01,23
4282,Golden Time: Vivid Memories,Misc,t,2014-03-27,23
11101,Tank! Tank! Tank!,Misc,t,2012-11-18,23
8651,Power Pro Success Legends,Sports,t,2010-02-25,23
12075,Totally Spies!,Platform,t,2005-11-15,23
11094,Tamagotchi No Narikiri Channel,Role-Playing,t,2009-11-05,23
7105,Morphx,Shooter,t,2010-09-28,23
5480,Judie No Atelier: Guramnat No Renkinjutsu - Toraware No Morito,Role-Playing,t,2010-04-08,23
10458,Spongebob Squigglepants,Misc,t,2011-04-12,23
5667,Kazoku Keikaku,Adventure,t,2010-08-12,23
10626,Steel Diver,Action,t,2011-03-27,23
369,American Chopper 2: Full Throttle,Racing,t,2005-11-17,23
8640,Power Pro Kun Pocket 11,Sports,t,2008-12-18,23
2614,Disgaea Ds,Role-Playing,t,2008-09-23,23
9565,Samurai Warriors 3z Special,Action,t,2012-02-16,23
7726,Neopets Puzzle Adventure,Puzzle,t,2008-11-25,23
7178,Motto Nuga-Cel!,Adventure,t,2010-05-20,23
6700,Meitantei Conan: Aoki Houseki No Rinbukyoku,Adventure,t,2011-04-21,23
7036,Monster 4x4: World Circuit,Racing,t,2006-11-19,23
3194,"Ed, Edd N Eddy: Scam Of The Century",Platform,t,2007-10-26,23
171,Adrenalin Misfits,Racing,t,2010-11-04,23
2561,Digimon Universe: Appli Monsters,Action,t,2016-12-01,23
4827,"Hisshou Pachinko*Pachi-Slot Kouryaku Series Ds Vol. 1: Shinseiki Evangelion - Magokoro O, Kimi Ni",Misc,t,2008-02-21,23
4918,Hot Wheels World Race,Racing,t,2003-10-29,23
3211,Eiyuu Densetsu: Sora No Kiseki Set,Role-Playing,t,2008-11-27,23
8717,Princess Maker 4 Special Edition,Role-Playing,t,2008-09-25,23
869,Battle Spirits: Kiseki No Hasha,Role-Playing,t,2009-11-12,23
8362,Pet Alien: An Intergalactic Puzzlepalooza,Action,t,2007-08-28,23
3112,Dynasty Warriors,Action,t,2005-03-17,23
9395,Rubik'S World,Puzzle,t,2008-11-04,23
4709,Heathcliff! The Fast And The Furriest,Racing,t,2010-11-05,23
9558,Samurai Warriors 2,Action,t,2013-10-24,23
5946,Kuukan * Zukei: Hirameki Training - Kuutore,Misc,t,2008-05-29,23
9134,Rengoku: The Tower Of Purgatory,Action,t,2005-04-26,23
9431,Runabout 3: Neo Age,Racing,t,2002-11-01,23
6801,Mia Hamm Soccer 64,Sports,t,2000-11-09,22
13234,Zenses: Ocean,Puzzle,t,2008-10-28,22
8956,Raiders Of The Lost Ark,Action,t,1982-01-01,22
11240,That'S So Raven,Adventure,t,2004-10-12,22
11822,Tiger Woods Pga Tour Golf,Sports,t,2002-05-29,22
2303,Dave Mirra Freestyle Bmx,Sports,t,2000-09-26,22
4465,Gundam Breaker 2,Action,t,2014-12-18,22
8373,Petz Bunnyz,Simulation,t,2008-03-04,22
8560,Pokémon Channel,Adventure,t,2003-12-01,22
8752,Pro Evolution Soccer 2013,Sports,t,2012-11-06,22
3782,Fishing Sim World,Simulation,t,2018-09-18,22
1046,Blackthorne,Action,t,2003-09-17,22
5809,Kiniro No Corda 2 F Encore,Role-Playing,t,2009-08-20,22
8798,Project Fifa World Cup,Sports,t,2002-05-30,22
3803,Flipping Death,Platform,t,2018-10-16,22
8423,Phantasy Star Universe,Role-Playing,t,2006-10-25,22
11103,Tantei Jinguuji Saburo Ds: Kienai Kokoro,Adventure,t,2008-04-24,22
8469,Piglet'S Big Game,Platform,t,2003-03-19,22
1744,Chronos Twins: One Hero.Two Worlds.,Platform,t,2007-10-02,22
765,Balloon Pop,Puzzle,t,2007-10-23,22
2526,Di-Gata Defenders,Role-Playing,t,2008-09-22,22
8840,Pure,Racing,t,2008-09-16,22
716,Backyard Baseball,Sports,t,2002-05-30,22
5417,Jikkyou Powerful Pro Yakyuu Portable 3,Sports,t,2008-05-29,22
12461,Valthirian Arc: Hero School Story,Role-Playing,t,2018-09-28,22
7257,Mvp Baseball 2004,Sports,t,2004-03-09,22
8971,Rakushou! Pachi-Slot Sengen 6: Rio 2 Cruising Vanadis,Misc,t,2009-05-14,22
3838,Football Manager Handheld 2008,Sports,t,2007-11-30,22
9579,San-X: Chara Sagashi Land,Action,t,2007-04-19,22
8652,Power Rangers Double Pack,Action,t,2005-03-22,22
12315,Ufc Undisputed 3,Fighting,t,2012-02-14,22
4435,Guitar Hero Ii,Misc,t,2006-11-07,22
10815,Super Collapse! 3,Puzzle,t,2007-10-30,22
12362,Umineko No Naku Koro Ni: Majo To Suiri No Rinbukyoku,Adventure,t,2010-12-16,22
10413,Spider-Man 2,Action,t,2004-11-16,22
10399,Spectrobes: Origins,Role-Playing,t,2009-08-18,22
3581,Fast Food,Action,t,1982-01-01,22
2119,Custer'S Revenge,Action,t,1982-01-01,22
7700,Need For Speed: Prostreet,Racing,t,2007-11-15,22
1994,Crank In,Adventure,t,2017-08-31,22
1834,Clue / Mouse Trap / Perfection / Aggravation,Misc,t,2006-08-17,22
12270,Tv Show King Party,Puzzle,t,2008-10-28,22
5305,Jawbreaker,Action,t,1982-01-01,22
7010,Momotarou Dentetsu Tag Match: Yuujou - Doryoku - Shouri No Maki!,Misc,t,2010-07-15,22
4109,Garnet Cradle Portable: Kagi No Himiko,Adventure,t,2011-04-07,22
3762,Fireball,Action,t,1982-01-01,22
5756,Kimi Ni Todoke: Tsutaeru Kimochi,Adventure,t,2011-04-07,22
5416,Jikkyou Powerful Pro Yakyuu Portable 2,Sports,t,2007-04-05,22
9308,Rocket Power: Beach Bandits,Platform,t,2002-09-20,22
9773,Sengoku Tenka Touitsu,Strategy,t,2009-03-26,22
3146,E.T.: The Extra Terrestrial,Action,t,1982-01-01,22
4629,Harukanaru Toki No Naka De 5,Role-Playing,t,2011-02-24,22
11451,The Italian Job,Racing,t,2003-07-17,22
7986,Nodame Cantabile: Tanoshii Ongaku No Jikan Desu,Misc,t,2010-02-18,22
6374,Mahjong Fight Club,Misc,t,2004-12-12,22
11915,Tokyo Beat Down,Action,t,2009-03-31,22
7508,Nascar Heat 2,Racing,t,2017-09-12,22
7073,Monster Mayhem: Build And Battle,Simulation,t,2009-08-11,22
438,Antz Extreme Racing,Racing,t,2002-09-19,22
1701,Chikyuu Boueigun 2 Portable,Action,t,2011-04-07,22
8314,Payout Poker & Casino,Misc,t,2006-08-15,22
10505,Ssx,Sports,t,2000-10-30,22
3196,Edel Blume,Adventure,t,2008-04-24,22
5235,J.League Pro Soccer Club O Tsukurou! 8 Euro Plus,Sports,t,2013-10-17,22
2165,Daisenryaku: Dai Toua Kouboushi - Tora Tora Tora Ware Kishuu Ni Seikou Seri,Strategy,t,2008-09-25,22
11860,Titanfall 2,Shooter,t,2016-10-28,22
2576,Dino Crisis 3,Action,t,2003-09-16,22
9526,Salt Lake 2002,Sports,t,2002-01-29,22
4842,History Channel: Civil War - A Nation Divided,Shooter,t,2006-11-14,22
3226,Elf: The Movie,Action,t,2004-11-04,22
11615,The Scorpion King: Rise Of The Akkadian,Action,t,2002-09-11,22
5030,Ikki Tousen: Xross Impact,Action,t,2010-04-28,22
1472,Call Of Duty: Infinite Warfare,Shooter,t,2016-11-04,22
8546,Pocket Pool,Action,t,2007-04-18,22
5076,Imagine: Sweet 16,Simulation,t,2010-03-02,22
7620,Nba Shootout 2001,Sports,t,2000-10-30,22
878,Battlefield 1,Shooter,t,2016-10-21,22
6800,Mezase!! Tsuri Master Ds,Sports,t,2009-04-23,22
8664,Power Spike Pro Beach Volleyball,Sports,t,2000-11-13,22
520,Armor Ambush,Action,t,1982-01-01,22
164,Activision Hits: Remixed,Misc,t,2006-11-08,22
2758,Doko Demo Issho,Misc,t,2004-12-16,22
3125,Dynasty Warriors 7,Action,t,2011-03-29,22
6998,Moetan Ds,Misc,t,2008-07-24,22
1749,Chuck E. Cheese'S Party Games,Misc,t,2010-07-13,22
13059,Xenoblade Chronicles 2: Torna ~ The Golden Country,Role-Playing,t,2018-09-21,22
775,Banner Saga Trilogy,Role-Playing,t,2018-09-21,22
616,Asterix And Obelix Xxl2,Action-Adventure,t,2018-11-29,22
9003,Ratatouille: Food Frenzy,Puzzle,t,2007-10-29,22
13082,Yakuza Kiwami,Adventure,t,2017-08-29,22
1027,Black,Shooter,t,2006-02-28,22
3942,Frogs And Flies,Action,t,1982-01-01,22
4146,Genkai Tokki: Castle Panzers,Role-Playing,t,2017-09-28,22
6409,Major League Baseball 2k13,Sports,t,2013-03-05,22
9156,Resident Evil: Revelations,Action,t,2012-02-07,22
1088,Bleach: Dark Souls,Fighting,t,2008-10-07,22
6928,Mlb 13: The Show,Sports,t,2013-03-05,22
3638,Fifa 2001 Major League Soccer,Sports,t,2000-11-14,22
11114,Team Batista No Eikou: Shinjitsu O Tsumugu 4-Tsu No Karte,Simulation,t,2008-12-25,22
6065,Lego Star Wars: The Video Game,Action,t,2005-04-02,22
8084,One Piece: Unlimited World Red Deluxe Edition,Action,t,2017-08-25,22
6930,Mlb 14 The Show,Sports,t,2014-04-01,22
4439,Guitar Hero On Tour: Modern Hits,Misc,t,2009-06-09,22
185,Adventures Of Tron,Action,t,1982-01-01,22
2309,Dawn Of Discovery,Simulation,t,2009-06-23,22
12796,Winning Post World 8,Sports,t,2014-03-27,22
12287,Twisted Metal: Head On,Action,t,2005-03-24,22
12398,Unreal Tournament Iii,Shooter,t,2007-12-11,22
6741,Metal Fight Beyblade,Action,t,2009-03-26,22
12691,We Dare: Flirty Fun For All,Misc,t,2011-02-11,22
6604,Medal Of Honor: Underground,Shooter,t,2002-12-02,22
12992,Wwe 2k15,Sports,t,2014-11-18,22
4412,Guilty Gear 2: Overture,Fighting,t,2008-10-07,22
9610,Sbk 2011: Fim Superbike World Championship,Racing,t,2011-05-11,22
9300,Rock Band Unplugged,Misc,t,2009-06-09,22
10540,Star Wars Battlefront Ii (2017),Shooter,t,2017-11-17,22
322,All Kamen Rider: Rider Generation,Action,t,2011-08-04,22
10412,Spider-Man,Action,t,1982-01-01,22
266,Akatsuki No Amaneka To Aoi Kyojin,Strategy,t,2010-03-11,22
2030,Crazy Climber,Action,t,1982-01-01,22
4024,Gaist Crusher,Action,t,2013-12-05,22
10188,Slotter Mania P: Tetsuya Shinjuku Vs Ueno,Misc,t,2010-02-18,22
6491,Maruhan Pachinko & Pachi-Slot Hisshou Guide Kanshuu: The Pachinko Hall,Misc,t,2009-06-25,22
9467,Sabrina The Teenage Witch: Potion Commotion,Action,t,2002-09-06,22
526,Armored Core 4,Simulation,t,2007-03-20,22
256,Airlock,Action,t,1982-01-01,22
2008,Crash Tag Team Racing,Racing,t,2005-10-20,22
249,Airblade,Sports,t,2002-01-28,22
11133,Teenage Mutant Ninja Turtles (3ds),Action,t,2013-10-22,22
12195,Triple Pack: Xbox Live Arcade Compilation,Misc,t,2011-04-19,22
6050,Lego Marvel Super Heroes,Action,t,2013-11-15,22
10434,Spitfire Heroes: Tales Of The Royal Air Force,Simulation,t,2008-03-05,22
11615,The Scorpion King: Rise Of The Akkadian,Action,t,2002-09-10,22
6962,Mobile Suit Gundam Seed: Never Ending Tomorrow,Shooter,t,2005-09-29,22
1863,Cold War,Shooter,t,2005-09-27,22
2269,Dark Souls Trilogy,Role-Playing,t,2018-10-19,22
70,300: March To Glory,Action,t,2007-02-27,22
4918,Hot Wheels World Race,Racing,t,2003-10-31,22
8796,Project Cars 2,Racing,t,2017-09-22,22
1089,Bleach: Dark Souls (Jp Sales),Fighting,t,2008-10-07,22
3172,Earthfall,Action-Adventure,t,2018-07-13,22
13144,Ys I & Ii Chronicles,Role-Playing,t,2011-02-22,22
7056,Monster Hunter Frontier Online: Season 10,Role-Playing,t,2011-01-26,22
1072,Blazblue: Continuum Shift Extend,Fighting,t,2012-02-14,22
11625,The Sexy Brutale,Adventure,t,2017-08-29,22
13105,Yggdra Union: We'Ll Never Fight Alone,Role-Playing,t,2008-09-16,22
9308,Rocket Power: Beach Bandits,Platform,t,2002-09-24,22
11890,Toeic Test Training Ds,Misc,t,2007-03-29,22
11941,Tom And Jerry In War Of The Whiskers,Fighting,t,2002-11-18,22
6664,Mega Man X: Command Mission,Role-Playing,t,2004-09-21,22
9063,Real Pool,Sports,t,2000-11-06,22
12787,Winning Post 7 2013,Sports,t,2013-03-14,22
8606,Popcap Hits! Vol 2,Misc,t,2011-03-11,22
598,Assassin'S Creed Odyssey,Action-Adventure,t,2018-10-05,22
3808,Flips: Mr. Gum,Misc,t,2010-04-23,22
247,Air Raid,Action,t,1982-01-01,22
5471,Jonny Moseley Mad Trix,Sports,t,2001-12-26,22
798,Barnstorming,Action,t,1982-01-01,22
2965,Dragonfire,Action,t,1982-01-01,22
292,Alien,Action,t,1982-01-01,22
8055,Okami Hd,Action,t,2012-10-30,22
2588,Dirt 4,Racing,t,2017-06-06,22
7218,Mtv Music Generator 3: This Is The Remix,Misc,t,2004-06-22,22
11105,Tantei Opera: Milky Holmes,Adventure,t,2010-12-16,22
743,Baja: Edge Of Control Hd,Racing,t,2017-09-14,22
2973,Drama Queens,Misc,t,2009-05-12,22
6001,Learn With Pokémon: Typing Adventure,Misc,t,2011-04-21,22
12208,Tron 2.0: Killer App,Action,t,2004-11-02,22
228,Aggressive Inline,Sports,t,2002-05-28,22
5682,Ken To Mahou To Gakuen Mono. 3,Role-Playing,t,2010-10-07,22
668,Attack On Titan: The Last Wings Of Mankind,Action,t,2013-12-05,22
6150,Littlest Pet Shop 3: Biggest Stars - Blue / Pink / Purple Team,Simulation,t,2010-10-05,22
12700,We Sing Encore,Misc,t,2010-08-20,22
12453,Valhalla Knights 2,Role-Playing,t,2008-10-01,22
8584,Polly Pocket: Super Splash Island,Action,t,2003-09-17,22
11916,Tokyo Clanpool,Role-Playing,t,2017-10-05,22
10633,Steins;Gate 0,Adventure,t,2016-11-29,22
6463,Mario & Luigi Superstar Saga + Bowser'S Minions,Role-Playing,t,2017-10-06,22
11977,Tom Clancy'S Splinter Cell: Chaos Theory,Action,t,2005-03-29,22
11917,Tokyo Friend Park Ii Ds,Misc,t,2006-11-30,22
10230,Sniper: Ghost Warrior 2,Shooter,t,2013-03-12,22
11954,Tom Clancy'S Ghost Recon: Future Soldier,Shooter,t,2012-05-22,22
13235,Zenses: Rainforest,Puzzle,t,2008-10-28,22
1685,Chevrolet Camaro: Wild Ride,Racing,t,2010-11-05,22
627,Astroblast,Action,t,1982-01-01,22
10220,Smurf: Rescue In Gargamel'S Castle,Action,t,1982-01-01,22
8040,Of Orcs And Men,Action,t,2012-10-11,22
4344,Gravel,Racing,t,2018-02-27,22
956,Betty Boop'S Double Shift,Puzzle,t,2007-10-19,22
277,Akogare Girls Collection: Pika Pika Nurse Monogatari - Shounika Haitsumo Oosawagi,Adventure,t,2016-11-10,22
8380,Petz Fantasy: Sunshine Magic,Simulation,t,2010-10-05,22
7196,Mouse Trap,Action,t,1982-01-01,22
5784,King Kong,Action,t,1982-01-01,22
6196,Lord Of Arcana,Role-Playing,t,2011-01-25,22
426,Anno 1701: Dawn Of Discovery,Simulation,t,2008-03-04,22
8021,O.M.G. 26 - Our Mini Games,Puzzle,t,2007-10-30,22
10007,Shrek Smash N' Crash Racing,Racing,t,2006-11-21,22
652,Atelier Sophie: The Alchemist Of The Mysterious Book,Role-Playing,t,2016-06-07,22
10820,Super Dodgeball Brawlers (Jp Sales),Sports,t,2008-05-27,22
8737,Pro Baseball Spirits 2015,Sports,t,2015-03-26,22
6523,Mass Effect 3,Role-Playing,t,2012-03-06,22
7062,Monster Hunter Stories,Role-Playing,t,2017-09-08,22
5937,Kuroshitsuji: Phantom & Ghost,Action,t,2009-03-19,22
3615,Fear Factor: Unleashed,Action,t,2004-11-17,22
5310,Jeep Thrills,Racing,t,2008-10-14,22
4250,God Wars: Future Past,Role-Playing,t,2017-06-20,22
8776,Pro Yakyuu Netsu Star 2007,Sports,t,2007-04-05,22
8099,Online Chess Kingdoms,Misc,t,2006-11-28,22
12244,Tt Isle Of Man: Ride On The Edge,Racing,t,2018-03-06,22
1146,Blue Reflection: Maboroshi Ni Mau - Shoujo No Ken,Role-Playing,t,2017-09-26,22
499,Are You Alice?,Adventure,t,2011-04-07,22
7711,Nekketsu Inou Bukatsu: Trigger Kiss,Adventure,t,2014-10-02,22
12832,Wizardry Twin Pack,Role-Playing,t,2011-01-27,22
3160,Eagle Flight,Adventure,t,2016-11-08,22
5671,Keitai Sousakan 7 Ds: Buddy Sequence,Action,t,2009-03-26,22
1841,Code Lyoko,Action,t,2007-05-15,22
3807,Flips: Enid Blyton - The Adventure Series,Misc,t,2010-04-23,22
3784,Fist Of The North Star: Ken'S Rage 2,Action,t,2013-02-05,22
6546,Max Payne 3,Shooter,t,2012-05-15,22
10819,Super Dodgeball Brawlers,Sports,t,2008-05-27,22
12049,Top Trumps: Doctor Who,Misc,t,2008-05-16,22
4496,H2o+: Footprints In The Sand,Adventure,t,2008-04-24,22
5408,Jikkyou Powerful Pro Yakyuu 8,Sports,t,2001-08-30,22
7271,Mx Vs. Atv: Alive,Racing,t,2011-05-10,22
11466,The King Of Fighters 2000,Fighting,t,2002-11-28,22
12790,Winning Post 8 2015,Sports,t,2015-03-12,22
8730,Prism Ark: Awake,Adventure,t,2008-04-24,22
8142,Oshiri Kajiri Mushi No Rhythm Lesson Ds: Kawai Ongaku Kyoushitsu Kanshuu,Misc,t,2008-04-10,22
8376,Petz Dogz 2,Simulation,t,2007-11-23,22
5253,Jak And Daxter: The Lost Frontier,Platform,t,2009-11-03,22
532,Armored Core: Last Raven Portable,Simulation,t,2010-03-04,22
2169,Daito Giken Koushiki Pachi-Slot Simulator: Hihouden,Misc,t,2006-08-17,22
8941,Radiant Historia,Role-Playing,t,2011-02-22,22
2489,Destiny: The Collection,Shooter,t,2016-09-19,22
9046,Reactor,Action,t,1982-01-01,22
11171,Tenchu: Shadow Assassins,Action,t,2009-03-24,22
2245,Dante'S Inferno,Action,t,2010-03-02,22
2032,Crazy Machines,Puzzle,t,2008-11-01,22
3584,Fat Princess: Fistful Of Cake,Action,t,2010-05-04,22
3858,Forgotten Realms: Demon Stone,Action,t,2004-11-17,22
370,American Girl: Julie Finds A Way,Adventure,t,2007-12-03,22
11656,The Sims 3,Simulation,t,2010-11-15,22
3538,Fantastic Voyage,Action,t,1982-01-01,22
438,Antz Extreme Racing,Racing,t,2002-09-05,22
6353,Magical Starsign (Jp Sales),Role-Playing,t,2006-10-23,22
5644,Katekyoo Hitman Reborn! Ds: Bongole Shiki Taisen Battle Sugoroku,Misc,t,2008-03-27,22
7777,Nfl Blitz 2000,Sports,t,1999-08-17,22
9321,Rockstar Games Presents Table Tennis,Sports,t,2006-05-22,22
6354,Magical Starsign (Us Sales),Role-Playing,t,2006-10-23,22
8529,Platypus,Shooter,t,2006-11-17,22
8720,Princess Nightmare,Adventure,t,2008-04-24,22
1079,Blazing Angels: Squadrons Of Wwii,Simulation,t,2006-03-23,22
11582,The Orange Box,Shooter,t,2007-12-11,22
52,2 Games In 1 Double Pack: The Incredibles / Finding Nemo: The Continuing Adventures,Action,t,2007-02-27,22
13221,Zaidan Houjin Nippon Kanji Nouryoku Kentei Kyoukai Koushiki Soft: 200 Mannin No Kanken: Tokoton Kanji Nou,Misc,t,2006-11-09,22
4236,Goblin Commander: Unleash The Horde,Strategy,t,2003-11-11,22
9723,Sega Genesis Collection,Misc,t,2006-11-16,22
2023,Crayon Shin-Chan: Obaka Daininden - Susume! Kasukabe Ninja Tai!,Action,t,2010-03-18,22
3951,Front Line,Action,t,1982-01-01,22
6065,Lego Star Wars: The Video Game,Action,t,2005-03-29,22
8710,Princess Frontier Portable,Adventure,t,2011-04-07,22
13110,Yokai Sangokushi,Action,t,2016-04-02,22
2662,Disney'S Tarzan: Return To The Jungle,Action,t,2002-09-14,22
10654,Stormrise,Strategy,t,2009-03-24,22
3548,Far Cry Instincts,Shooter,t,2005-09-27,22
9272,Robert Ludlum'S The Bourne Conspiracy,Action,t,2008-06-03,22
7639,Ncaa Final Four 2001,Sports,t,2000-11-13,22
8036,Oddworld: Munch'S Oddysee,Platform,t,2003-09-24,21
11200,Terminator 3: The Redemption,Shooter,t,2004-09-06,21
2091,Csi: 3 Dimensions Of Murder,Adventure,t,2007-09-25,21
1109,Blitz: Overtime,Sports,t,2006-12-12,21
6454,Marginal #4: Idol Of Supernova,Adventure,t,2014-11-13,21
4576,Hanayamata: Yosakoi Live,Adventure,t,2014-11-13,21
11317,The Dark Spire,Role-Playing,t,2009-04-14,21
10886,Super Robot Taisen Og Saga: Endless Frontier,Role-Playing,t,2009-04-29,21
10606,Starsky & Hutch,Racing,t,2003-09-12,21
12870,World Championship Poker 2: Featuring Howard Lederer,Misc,t,2005-12-11,21
12102,Touhou Genso Wanderer,Action,t,2017-03-21,21
9653,Scripps Spelling Bee,Simulation,t,2010-09-28,21
2232,Danganronpa 1-2 Reload,Adventure,t,2017-03-14,21
1448,Cake Mania: Baker'S Challenge,Puzzle,t,2008-10-17,21
8639,Power Pro Kun Pocket 10,Sports,t,2007-12-06,21
7117,Mortal Kombat Kollection,Fighting,t,2008-09-29,21
5807,Kiniro No Corda 2 Encore,Role-Playing,t,2007-09-20,21
9948,Shinsei Batteki Drive Girls,Action,t,2017-09-08,21
4367,Gretzky Nhl,Sports,t,2005-03-14,21
12023,Tony Hawk'S Underground 2 Remix,Sports,t,2005-03-15,21
12050,Top Trumps: Dogs & Dinosaurs,Puzzle,t,2007-10-12,21
5449,Jitsumei Jikkyou Keiba Dream Classic 2002,Sports,t,2002-05-23,21
9625,School Days Lxh,Adventure,t,2008-01-17,21
5522,Just Dance 2018,Music,t,2017-10-24,21
11113,Taz Wanted,Platform,t,2002-09-17,21
9561,Samurai Warriors 2: Xtreme Legends (Jp Sales),Action,t,2008-03-18,21
8825,Puchi Eva: Evangelion @ Game,Simulation,t,2008-03-20,21
1958,Cool Boarders 2001,Sports,t,2000-10-31,21
7097,"Monsters, Inc. Scream Arena",Platform,t,2002-09-14,21
6134,Little League Baseball 2002,Sports,t,2002-05-27,21
6096,Let'S Sing 2019,Music,t,2018-10-26,21
9359,Romance Of The Three Kingdoms Xiii,Action,t,2016-07-05,21
4011,G1 Jockey 2,Sports,t,2000-11-02,21
4390,Growlanser: Heritage Of War (Jp Sales),Role-Playing,t,2007-09-18,21
9157,Resident Evil: Revelations 2,Action,t,2015-02-25,21
1574,Castle Of Shikigami Iii (Jp Sales),Shooter,t,2007-12-13,21
11744,The Waterhorse: Legend Of The Deep,Adventure,t,2008-04-25,21
2569,Digimon World: Data Squad,Role-Playing,t,2007-09-18,21
12835,Wizardry Xth: Unlimited Students,Role-Playing,t,2006-03-23,21
409,Anima - Gate Of Memories,Action,t,2017-03-21,21
3332,Etrian Odyssey V: Beyond The Myth,Role-Playing,t,2017-10-17,21
7798,Nfl Street 2 Unleashed,Sports,t,2005-03-21,21
8921,R.B.I. Baseball 2017,Sports,t,2017-09-05,21
2804,Dora The Explorer: Dora Saves The Snow Princess,Platform,t,2008-11-05,21
7784,Nfl Gameday 2001,Sports,t,2000-11-13,21
4458,Gundam Assault Survive,Simulation,t,2010-03-18,21
3241,Emergency 2012,Simulation,t,2010-11-24,21
11051,Taishou Mebiusline: Teito Bibouroku Hare,Adventure,t,2017-08-24,21
12727,White Day: A Labyrinth Named School (2017),Action,t,2017-08-29,21
7479,Naruto: Ninja Council 2 - European Edition,Fighting,t,2008-10-03,21
8208,Pac-Man And The Ghostly Adventures,Platform,t,2013-11-05,21
6947,Mlb Slugfest 20-03,Sports,t,2002-06-23,21
2747,Dokapon Journey,Role-Playing,t,2009-04-14,21
997,Bikkuriman Daijiten,Misc,t,2007-08-23,21
1685,Chevrolet Camaro: Wild Ride,Racing,t,2010-10-30,21
6242,Lucky * Star: Ryouou Gakuen Outousai,Adventure,t,2008-01-24,21
1160,Body And Brain Connection,Misc,t,2011-02-08,21
1106,Blinx 2: Masters Of Time & Space,Platform,t,2004-11-16,21
5028,Ikki Tousen: Eloquent Fist,Fighting,t,2008-10-02,21
1652,Championship Pony,Simulation,t,2008-03-21,21
12803,Winter Sports: The Ultimate Challenge,Sports,t,2007-12-11,21
12943,World Tour Soccer 2006,Sports,t,2005-03-22,21
8503,Pirates Vs Ninja Dodgeball,Sports,t,2009-05-14,21
1119,Blood Bowl,Sports,t,2010-04-13,21
3303,Espn International Winter Sports 2002,Sports,t,2002-01-28,21
12912,World Series Of Poker: Tournament Of Champions 2007 Edition,Misc,t,2006-12-12,21
6082,Let'S Make A Soccer Team!,Sports,t,2006-08-25,21
12652,Warriors Orochi,Action,t,2008-03-25,21
7784,Nfl Gameday 2001,Sports,t,2000-10-30,21
12612,War Thunder,Action,t,2017-04-27,21
2382,Death Mark,Adventure,t,2017-06-01,21
3126,Dynasty Warriors 7: Empires,Action,t,2012-11-08,21
9448,Rush,Racing,t,2006-10-30,21
10887,Super Robot Taisen Og Saga: Endless Frontier (Jp Sales),Role-Playing,t,2009-04-28,21
4693,Hayate No Gotoku! Ojousama Produce Daisakusen Boku Iro Ni Somare! Gakkou-Hen,Simulation,t,2008-03-14,21
11113,Taz Wanted,Platform,t,2002-09-18,21
1002,Billy Hatcher And The Giant Egg,Platform,t,2003-09-23,21
10214,Smashing Drive,Racing,t,2004-11-03,21
11971,Tom Clancy'S Rainbow Six: Vegas,Shooter,t,2006-11-20,21
12572,Voodoo Vince,Platform,t,2003-09-23,21
12938,World Tour Soccer,Sports,t,2005-03-14,21
7002,Momotarou Densetsu 16 (Ps2 The Best Sales),Misc,t,2009-02-05,21
4268,Gokujou!! Mecha Mote Iinchou: Mm My Best Friend!,Simulation,t,2010-11-25,21
5631,Kart Racer,Racing,t,2009-05-29,21
8535,Playmobil Pirates,Action,t,2009-12-22,21
8180,Outrun 2,Racing,t,2004-10-25,21
8379,Petz Fantasy: Moonlight Magic,Simulation,t,2010-09-28,21
12377,Undertale,Role-Playing,t,2018-09-18,21
3661,Fifa Soccer 2005,Sports,t,2004-10-09,21
10757,Sukitomo. Tsukiuta. 12 Memories,Adventure,t,2017-06-01,21
12159,Transworld Surf,Sports,t,2002-04-30,21
12927,World Soccer Winning Eleven 8: Liveware Evolution,Sports,t,2005-03-24,21
11007,System Flaw,Shooter,t,2009-10-27,21
1642,Championship Manager 2007,Sports,t,2007-03-30,21
13203,Yunohana Spring! Cherishing Time,Adventure,t,2016-09-15,21
1573,Castle Of Shikigami Iii,Shooter,t,2007-12-13,21
6193,Looney Tunes: Space Race,Racing,t,2002-05-27,21
4389,Growlanser: Heritage Of War,Role-Playing,t,2007-09-18,21
10432,Spirits & Spells,Platform,t,2003-09-24,21
7089,Monster Trucks Ds,Racing,t,2005-11-23,21
4292,Gopets: Vacation Island,Simulation,t,2008-03-18,21
7949,No Fear Downhill Mountain Biking,Sports,t,1999-11-30,21
9560,Samurai Warriors 2: Xtreme Legends,Action,t,2008-03-18,21
1045,Blacksite: Area 51,Shooter,t,2007-12-10,21
8073,One Piece Unlimited World: Red,Action-Adventure,t,2014-07-08,21
3045,Ds Uranai Seikatsu,Misc,t,2009-01-15,21
8369,Pet Zombies,Simulation,t,2011-10-18,21
12334,Ultimate Duck Hunting: Hunting & Retrieving Ducks,Sports,t,2007-12-03,21
4803,Higurashi No Naku Koro Ni Matsuri: Kakera Asobi,Adventure,t,2007-12-20,21
3524,Family Quiz,Misc,t,2010-12-17,21
10992,Syberia 2,Adventure,t,2017-11-30,21
7728,Nep League Ds,Sports,t,2007-12-06,21
12405,Untold Legends: The Warriors Code,Role-Playing,t,2006-03-28,21
12729,White Knight Chronicles: International Edition,Role-Playing,t,2010-02-02,21
5271,James Bond 007: Everything Or Nothing,Shooter,t,2004-02-17,21
10293,Sonic Chronicles: The Dark Brotherhood,Role-Playing,t,2008-09-30,21
10699,Strike Force Bowling,Sports,t,2005-03-20,21
8556,Pokémon Art Academy,Misc,t,2014-10-24,21
2043,Creed: Rise To Glory,Sports,t,2018-09-25,21
1734,Chouchou Jiken Rhapsodic,Adventure,t,2017-11-30,21
3300,Espn Final Round Golf 2002,Sports,t,2001-08-28,21
8668,Powerbike,Racing,t,2009-06-02,21
1696,Chicken Riot,Action,t,2010-02-16,21
2560,Digimon Story: Super Xros Wars Blue/Red,Role-Playing,t,2011-03-03,21
10921,Super Swing Golf Season 2,Sports,t,2007-12-11,21
7619,Nba Shootout 2000,Sports,t,1999-11-30,21
8533,Playmobil Circus,Action,t,2009-12-22,21
8660,Power Rangers: Time Force,Action,t,2001-11-02,21
2097,Csi: Hard Evidence,Adventure,t,2007-09-26,21
3560,Farm Frenzy: Animal Country,Simulation,t,2010-09-28,21
13025,Wwii Aces,Simulation,t,2008-03-21,21
2975,Dramatic Soccer Game: Nippon Daihyou Senshu Ninarou!,Sports,t,2002-05-23,21
8735,Pro Angler Moves,Sports,t,2012-04-03,21
12493,Vertigo,Racing,t,2009-06-09,21
11318,The Dark Spire (Jp Sales),Role-Playing,t,2009-04-14,21
772,Banjo-Kazooie: Nuts & Bolts,Platform,t,2008-11-12,21
6893,Minna No Joushiki Ryoku Tv,Misc,t,2008-03-06,21
6385,Mahou Sensei Negima! Private Lesson 2: Ojama Shimasu Parasite De Chu,Role-Playing,t,2006-03-23,21
10069,Simcity Creator (Jp Sales),Simulation,t,2008-03-19,21
2841,Downhill Domination,Racing,t,2003-07-23,21
6495,Marvel Nemesis: Rise Of The Imperfects,Fighting,t,2005-09-20,21
684,Auto Modellista,Racing,t,2003-09-30,21
9723,Sega Genesis Collection,Misc,t,2006-11-07,21
12205,Troll And I,Action,t,2017-08-15,21
8698,Prince Of Persia: Revelations,Adventure,t,2005-12-06,21
13061,Xenosaga I·Ii,Role-Playing,t,2006-03-30,21
2570,Digimon World: Dawn / Dusk,Role-Playing,t,2007-09-18,21
720,Backyard Baseball 2006,Sports,t,2005-03-16,21
2775,Donkey Kong Country 2,Platform,t,2004-11-15,21
6449,Mar Heaven: Karudea No Akuma,Role-Playing,t,2006-03-30,21
13003,Wwe Road To Wrestlemania X8,Fighting,t,2002-10-23,21
12648,Warriors All-Stars,Action,t,2017-08-29,21
2133,Cyberdimension Neptunia: 4 Goddesses Online,Role-Playing,t,2017-10-10,21
6446,Maplus: Portable Navi,Misc,t,2006-12-14,21
10920,Super Swing Golf,Sports,t,2006-12-12,21
4732,Hello Kitty: Puzzle Party,Misc,t,2010-02-19,21
11106,Tao Adventure: Curse Demon,Role-Playing,t,2006-03-21,21
9395,Rubik'S World,Puzzle,t,2008-10-28,21
2163,Daikoukai Jidai Online: Cruz Del Sur,Role-Playing,t,2009-04-28,21
2304,Dave Mirra Freestyle Bmx 2,Sports,t,2001-08-27,21
7339,Myself; Yourself,Adventure,t,2007-12-20,21
8108,Ookiku Furikabutte: Honto No Ace Ni Nareru Kamo,Sports,t,2007-12-13,21
4694,Hayate No Gotoku! Ojousama Produce Daisakusen Boku Iro Ni Somare! Oyashiki-Hen,Simulation,t,2008-03-14,21
10313,Sonny With A Chance,Action,t,2010-03-16,21
12419,Usotsuki Shangri-La,Adventure,t,2017-11-30,21
8439,Phil Taylor'S Power Play Darts,Sports,t,2011-12-02,21
10383,Spanish For Everyone!,Puzzle,t,2007-10-26,21
968,Beyond Good & Evil,Adventure,t,2003-11-11,21
11804,Tiger Woods Pga Tour,Sports,t,2005-03-23,21
961,Beyblade G-Revolution,Action,t,2004-11-18,21
3070,Dun←Dam: Dungeons & Dam,Role-Playing,t,2009-04-29,21
8570,Pokémon Rumble World,Action,t,2015-04-08,21
7546,Nba,Sports,t,2005-03-16,21
10510,Stacked With Daniel Negreanu,Misc,t,2006-10-06,21
12781,Winning Post 4 Maximum,Sports,t,2000-09-28,21
5673,Kekkaishi: Kokubourou Shuurai,Action,t,2008-03-20,21
11816,Tiger Woods Pga Tour 2000,Sports,t,1999-11-30,21
6114,Line Rider 2: Unbound,Puzzle,t,2008-10-07,21
3325,Eternal Sonata,Role-Playing,t,2007-09-17,21
3585,Fata Morgana No Kan: Collected Edition,Adventure,t,2017-03-16,21
5411,Jikkyou Powerful Pro Yakyuu 9 Ketteiban,Sports,t,2002-12-19,21
12220,Truck Racer,Racing,t,2009-05-29,21
5658,Kawaii Koinu Ds 3,Simulation,t,2010-03-18,21
3539,Fantasy Aquarium By Ds,Simulation,t,2008-03-17,21
9914,Shin Sangoku Musou Online: Kamishou Ranbu,Action,t,2010-02-18,21
7820,Nhl 2001,Sports,t,2000-09-26,21
2031,Crazy Frog Racer,Racing,t,2006-11-03,21
12590,Walt Disney Pictures Presents Enchanted,Platform,t,2007-11-06,21
5610,Kantan! Tanoshii! Okashi Navi Ds,Simulation,t,2008-03-13,21
10754,Suikoden V,Role-Playing,t,2006-03-21,21
1532,Carmageddon: Max Damage,Action,t,2016-07-05,21
5646,Katekyoo Hitman Reborn! Ds: Fate Of Heat Ii - Unmei No Futari,Role-Playing,t,2009-04-16,21
3032,Drome Racers,Racing,t,2003-06-19,21
6875,Minecraft: Story Mode - The Complete Adventure,Adventure,t,2017-08-22,21
2181,Dakar 2: The World'S Ultimate Rally,Racing,t,2003-06-19,21
10675,Street Fighter Alpha 3,Fighting,t,2002-12-01,21
6188,Looney Tunes: Back In Action,Platform,t,2003-11-24,21
3556,Far East Of Eden Ziria: Harukanaru Jipang,Role-Playing,t,2006-03-23,21
465,Aquarium By Ds,Simulation,t,2008-03-14,21
7043,Monster Garage,Racing,t,2004-11-03,21
13245,Zero Time Dilemma,Action,t,2016-06-30,21
5615,Kao The Kangaroo Round 2,Platform,t,2006-03-29,20
10334,Soul Nomad & The World Eaters,Role-Playing,t,2007-09-25,20
12255,Turok,Shooter,t,2008-02-05,20
2769,Don Bradman Cricket 14,Sports,t,2015-04-01,20
11945,Tom Clancy'S Classic Trilogy,Shooter,t,2004-11-16,20
4209,Gladius,Strategy,t,2003-10-28,20
8797,Project Eden,Action,t,2001-10-22,20
5797,Kingdom Hearts: Birth By Sleep - Final Mix,Role-Playing,t,2011-01-20,20
7730,Nerf N-Strike Elite,Shooter,t,2009-10-26,20
6458,Margot'S Word Brain,Puzzle,t,2008-09-30,20
1937,Contact,Role-Playing,t,2006-10-19,20
5218,J-League Pro Soccer Club O Tsukurou! 5,Sports,t,2007-02-01,20
663,Attack Of The Movies 3d,Shooter,t,2010-05-18,20
6887,Minna No Chizu 2,Misc,t,2007-04-26,20
7954,No More Heroes 2: Desperate Struggle,Action,t,2010-01-26,20
10722,Stuntman,Racing,t,2003-06-24,20
4870,Homefront: The Revolution,Shooter,t,2016-05-17,20
7643,Ncaa Football 06,Sports,t,2005-07-11,20
5605,Kanji Sonomama Ds Rakubiki Jiten,Misc,t,2006-04-13,20
12469,Vampire Rain: Altered Species,Action,t,2008-09-02,20
8883,Q-Ball: Billiards Master,Sports,t,2000-02-29,20
3319,Espn X Games Skateboarding,Sports,t,2001-09-12,20
7535,Naughty Bear: Double Trouble,Action,t,2012-10-23,20
2159,Daikaijuu Battle: Ultra Coliseum,Fighting,t,2008-10-16,20
12407,Uppers,Action,t,2016-07-14,20
10967,Suzumiya Haruhi No Yakusoku,Adventure,t,2007-12-27,20
4106,Garfield: A Tale Of Two Kitties,Platform,t,2006-10-17,20
13108,Yoga: The First 100% Experience,Sports,t,2009-12-07,20
8283,Parodius,Shooter,t,1996-01-01,20
6435,Mana Khemia 2: Fall Of Alchemy,Role-Playing,t,2009-08-25,20
11238,Th!Nk Logic Trainer,Puzzle,t,2009-12-01,20
9213,Ridge Racer V,Racing,t,2000-10-25,20
11484,The King Of Route 66,Racing,t,2003-03-18,20
8967,Rainbow Islands Revolution,Platform,t,2006-10-03,20
10335,Soul Nomad & The World Eaters (Jp Sales),Role-Playing,t,2007-09-25,20
6702,Meitantei Conan: Tantei Ryoku Trainer,Misc,t,2007-04-05,20
10414,Spider-Man 2: Enter: Electro,Action,t,2001-10-17,20
1704,Children Of Mana,Role-Playing,t,2006-11-01,20
4506,Hajime No Ippo: The Fighting,Fighting,t,2002-12-12,20
5125,Initial D: Special Stage,Racing,t,2003-06-26,20
5516,Just Cause 4,Action-Adventure,t,2018-12-04,20
4262,Gogo'S Crazy Bones,Action,t,2012-03-28,20
2135,Cybertiger,Sports,t,2000-02-29,20
6125,Little Battlers Experience W,Role-Playing,t,2012-10-18,20
4326,Grand Theft Auto Iii,Action,t,2001-10-23,20
8174,Outlaw Golf,Sports,t,2002-06-10,20
3959,Frontlines: Fuel Of War,Shooter,t,2008-02-25,20
10118,Singstar Pop,Misc,t,2007-04-03,20
9319,Rocksmith 2014 Edition Remastered,Music,t,2016-10-04,20
875,Battleborn,Shooter,t,2016-05-03,20
5817,Kirarin * Revolution: Atsumete Change! Kurikira * Code,Simulation,t,2008-12-20,20
7323,My Riding Stables: Life With Horses,Simulation,t,2018-11-13,20
6936,Mlb 2004,Sports,t,2003-03-10,20
313,All-Star Baseball 2003,Sports,t,2002-05-31,20
4362,Greg Hastings' Tournament Paintball,Shooter,t,2004-11-16,20
10851,Super Monkey Ball: Step & Roll,Action,t,2010-02-09,20
4604,Hard Rock Casino,Misc,t,2007-04-24,20
7515,Nascar The Game: Inside Line,Racing,t,2012-11-06,20
8177,Outlaw Tennis,Sports,t,2005-07-26,20
8269,Paragon,Action,t,2016-06-07,20
15,007 Legends,Shooter,t,2012-10-16,20
5239,Jackie Chan Adventures: Legend Of The Dark Hand,Action,t,2001-11-06,20
3411,Eyetoy: Kinetic,Sports,t,2005-11-22,20
12537,Virtua Striker 2,Sports,t,2000-02-29,20
1920,Conception Ii: Children Of The Seven Stars,Role-Playing,t,2014-04-15,20
7855,Nhra Championship Drag Racing,Racing,t,2005-09-14,20
9290,Rock 'N Roll Racing,Racing,t,2003-06-23,20
3918,Freestyle Metal X,Racing,t,2003-09-12,20
3481,Fallout 76,Role-Playing,t,2018-11-14,20
9541,Samurai Deeper Kyo,Fighting,t,2002-12-12,20
3847,Ford Bold Moves Street Racing,Racing,t,2006-10-17,20
11195,Tennis No Oji-Sama: Motto Gakuensai No Ouji-Sama - More Sweet Edition,Sports,t,2010-02-11,20
1391,Buzz! Brain Bender,Puzzle,t,2008-11-28,20
6810,Micro Machines,Racing,t,2003-03-19,20
10218,Smuggler'S Run,Racing,t,2000-10-25,20
6606,Medal Of Honor: Vanguard,Shooter,t,2007-03-26,20
5231,J-League Winning Eleven 2010: Club Championship,Sports,t,2010-08-05,20
12062,Torment: Tides Of Numenera,Role-Playing,t,2017-02-28,20
5896,Korg Ds-10 Synthesizer Plus,Misc,t,2010-02-16,20
4956,Hustle Kings Vr,Sports,t,2016-10-10,20
1970,Corvette Evolution Gt,Racing,t,2008-01-15,20
6822,Midnight Club 3: Dub Edition (America Weekly Sales),Racing,t,2005-04-11,20
6050,Lego Marvel Super Heroes,Action,t,2013-11-22,20
1362,Burnout Legends,Racing,t,2005-11-29,20
12404,Untold Legends: Dark Kingdom,Role-Playing,t,2006-11-13,20
2097,Csi: Hard Evidence,Adventure,t,2008-01-15,20
8198,Overwatch,Shooter,t,2016-05-24,20
585,Asphalt: Urban Gt,Racing,t,2004-11-17,20
12492,Venus & Braves: Majo To Megami To Horobi No Yogen,Role-Playing,t,2011-01-20,20
2073,Cruis'N Exotica,Racing,t,2000-10-16,20
6607,Medal Of Honor: Warfighter,Shooter,t,2012-10-23,20
3263,Endless Ocean,Adventure,t,2008-01-21,20
7087,Monster Trucks,Racing,t,2004-11-16,20
4435,Guitar Hero Ii,Misc,t,2007-04-03,20
1717,Choro Q,Racing,t,2004-11-17,20
1011,Bionicle Heroes,Shooter,t,2006-11-15,20
8743,Pro Cycling Season 2010: Le Tour De France,Sports,t,2010-07-09,20
7671,Ncaa March Madness 07,Sports,t,2007-01-17,20
10630,Steins;Gate,Adventure,t,2015-09-18,20
11815,Tiger Woods Pga Tour 14,Sports,t,2013-03-26,20
1503,Capcom Classics Collection Reloaded,Misc,t,2006-10-24,20
1695,Chicken Hunter,Shooter,t,2008-03-04,20
12444,V-Rally 4,Racing,t,2018-09-11,20
10776,Summer Sports: Paradise Island (Others Sales),Sports,t,2008-04-15,20
2566,Digimon World Ds (Jp Sales),Role-Playing,t,2006-11-07,20
6219,Lost Planet 2,Shooter,t,2010-05-11,20
11773,Thief,Action,t,2014-02-25,20
624,Astro Boy,Action,t,2004-08-18,20
7956,No More Heroes: Heroes' Paradise,Action,t,2010-04-15,20
7652,Ncaa Football 12,Sports,t,2011-07-12,20
6658,Mega Man Star Force Dragon / Leo / Pegasus,Role-Playing,t,2007-08-07,20
12757,Wild Wild Racing,Racing,t,2000-10-25,20
4906,Hot Shots Golf 2,Sports,t,2000-02-29,20
311,All-Star Baseball 2001,Sports,t,2000-02-29,20
9911,Shin Sangoku Musou 5 Empires,Action,t,2010-01-21,20
3477,Fallout 3 Game Add-On Pack: Broken Steel And Point Lookout,Role-Playing,t,2009-08-25,20
11627,The Silent Hill Experience,Misc,t,2006-04-06,20
2787,Doom (2016),Shooter,t,2016-05-13,20
10493,Spyro Reignited Trilogy,Platform,t,2018-11-13,20
2381,Death Mark,Adventure,t,2018-10-31,20
6821,Midnight Club 3: Dub Edition,Racing,t,2005-04-11,20
12923,World Soccer Winning Eleven 6 International,Sports,t,2003-03-11,20
8622,Portal 2,Shooter,t,2011-04-19,20
9309,Rocket Power: Dream Scheme,Action,t,2001-11-03,20
9119,Reload: Target Down,Shooter,t,2010-11-02,20
6094,Let'S Sing 2016,Music,t,2015-10-23,20
11239,Th!Nk Logic Trainer: Kids,Puzzle,t,2009-12-01,20
6237,Lowrider,Misc,t,2003-11-20,20
3042,Ds Kageyama Method: Dennou Hanpuku - Tadashii Kanji Kakitori-Kun,Misc,t,2007-04-05,20
5876,Konami Classics Series: Arcade Hits,Misc,t,2007-03-30,20
5138,Intellivision Lives!,Misc,t,2003-11-20,20
6823,Midnight Club 3: Dub Edition (America/Others Sales),Racing,t,2005-04-11,20
8233,Pachipara 13: Super Umi No Pachi-Pro Fuuunroku,Misc,t,2006-10-26,20
4635,Harukanaru Toki No Naka De: Maihitoyo,Adventure,t,2006-09-21,20
118,A-Train Hx,Simulation,t,2008-03-07,20
990,Big Mutha Truckers,Racing,t,2003-06-20,20
10375,Space Invaders Extreme,Shooter,t,2008-06-17,20
13223,Zangeki No Reginleiv,Action,t,2010-02-11,20
673,Atv Offroad Fury 3,Racing,t,2004-11-02,20
12329,Ultimate Board Game Collection,Misc,t,2007-05-01,20
8850,Putty Squad,Platform,t,2013-11-29,20
1362,Burnout Legends,Racing,t,2005-09-13,20
1998,Crash Bandicoot N. Sane Trilogy,Platform,t,2018-06-29,20
7748,Neves,Puzzle,t,2007-11-06,20
4183,Ghosthunter,Action,t,2004-08-17,20
4424,Guilty Gear Xx Accent Core Plus,Fighting,t,2009-04-07,20
5496,Jungle Kartz,Racing,t,2011-10-15,20
5663,Kawasaki Quad Bikes,Racing,t,2007-12-31,20
941,Ben 10 Omniverse,Action,t,2012-11-03,20
1477,Call Of Duty: Modern Warfare Trilogy,Shooter,t,2016-05-17,20
2618,Dishonored,Shooter,t,2013-04-16,20
6414,Major League Baseball 2k8 Fantasy All-Stars,Sports,t,2008-04-14,20
5114,Indycar Series,Racing,t,2003-06-26,20
13290,Zoo Resort 3d,Simulation,t,2011-10-25,20
9100,Red Faction: Guerrilla,Shooter,t,2009-06-02,20
9217,Rig Racer 2,Racing,t,2008-01-02,20
2580,Dino Stalker,Shooter,t,2002-09-09,20
5625,Karaoke Revolution Presents American Idol Encore,Misc,t,2008-03-18,20
9034,Rayman Raving Rabbids,Misc,t,2007-04-24,20
10617,Steal Princess (Jp Sales),Role-Playing,t,2009-05-19,20
13066,Xgra: Extreme G Racing Association,Racing,t,2003-09-11,20
12765,Winback 2: Project Poseidon,Shooter,t,2006-04-25,20
562,Army Of Two: The Devil'S Cartel,Shooter,t,2013-03-26,20
10924,Superbeat: Xonic,Music,t,2015-11-10,20
9538,Sammy Sosa High Heat Baseball 2001,Sports,t,2000-02-29,20
7163,Motogp 17,Racing,t,2017-07-11,20
13094,Yanya Caballista: City Skater,Sports,t,2001-10-01,20
4116,Gauntlet: Seven Sorrows,Role-Playing,t,2005-12-12,20
8870,Puzzle De Harvest Moon,Puzzle,t,2007-11-06,20
11160,Telly Addicts,Misc,t,2008-02-15,20
8426,Phantom Brave: The Hermuda Triangle,Role-Playing,t,2011-03-08,20
6825,Midnight Club Ii,Racing,t,2003-06-03,20
2537,Diary Girl,Misc,t,2008-03-18,20
4923,Hot Wheels: Stunt Track Challenge / World Race,Racing,t,2006-08-30,20
6839,Midway Arcade Treasures: Extended Play,Misc,t,2005-12-13,20
5383,Jikkyou Powerful Pro Yakyuu 12,Sports,t,2005-07-14,20
6524,Mass Effect Trilogy,Action,t,2012-11-06,20
7693,Need For Speed: Most Wanted,Racing,t,2005-11-16,20
3571,Farming Simulator 2013,Simulation,t,2013-11-19,20
968,Beyond Good & Evil,Adventure,t,2003-12-02,20
2087,Crysis 3,Shooter,t,2013-02-19,20
4785,High Heat Major League Baseball 2004,Sports,t,2003-03-05,20
1678,Chegger'S Party Quiz,Misc,t,2008-03-19,20
12509,Viewtiful Joe 2,Action,t,2004-11-18,20
6825,Midnight Club Ii,Racing,t,2003-04-09,20
2422,Defiance,Action,t,2013-04-02,20
2284,Darksiders Iii,Action,t,2018-11-27,20
9474,Saenai Kanojo No Sodatekata: Blessing Flowers,Action,t,2015-04-30,20
8196,Override: Mech City Brawl,Action-Adventure,t,2018-12-04,20
6291,Machi No Pet-Ya-San Ds 2: Wannyan 333-Hiki Daishuugou!,Simulation,t,2009-02-19,20
1575,Castle Shikigami 2,Shooter,t,2004-11-17,20
2295,Data East Arcade Classics,Misc,t,2010-02-16,20
1684,Chessmaster: The Art Of Learning,Misc,t,2008-02-12,20
3439,F1 Career Challenge,Racing,t,2003-06-24,20
7092,Monster Trux Offroad,Racing,t,2007-12-31,20
11978,Tom Clancy'S Splinter Cell: Conviction,Action,t,2010-04-13,20
9788,Sentouchu: Densetsu No Shinobi To Survival Battle!,Action,t,2013-10-17,20
9318,Rocksmith 2014,Music,t,2016-10-04,20
5530,Just Dance: Disney Party,Music,t,2012-10-23,20
12365,Unchainblades Exxiv,Role-Playing,t,2012-11-29,20
11547,The Lord Of The Rings: War In The North,Role-Playing,t,2011-11-01,20
6674,Mega Man Zero,Platform,t,2002-09-09,20
2029,Crazy Chicken: Star Karts,Racing,t,2009-06-11,20
656,Athens 2004,Sports,t,2004-07-14,20
4347,Gravity Games Bike: Street Vert Dirt,Sports,t,2002-06-27,20
13275,Zombie Army Trilogy,Shooter,t,2015-03-06,20
2040,Crazy Taxi: Catch A Ride,Racing,t,2003-04-09,20
10699,Strike Force Bowling,Sports,t,2004-05-10,20
8874,Puzzle Quest: Challenge Of The Warlords,Puzzle,t,2007-03-20,20
12887,World Fantasista,Sports,t,2002-06-06,20
2933,Dragon Quest Heroes Ii: Twin Kings And The Prophecy'S End,Action,t,2017-04-25,20
5003,Ice Age 2: The Meltdown,Platform,t,2006-03-14,20
80,4 Game Fun Pack: Monopoly / Boggle / Yahtzee / Battleship,Misc,t,2005-12-13,20
11759,The World Ends With You: Final Remix,Role-Playing,t,2018-10-12,20
2247,Darius Burst: Chronicle Saviours,Action,t,2016-01-14,20
9455,Ryu-Koku,Adventure,t,2006-09-21,20
8031,Odama,Misc,t,2006-04-10,20
4033,Gakuen Hetalia Portable,Adventure,t,2011-03-24,20
1285,Brink,Shooter,t,2011-05-10,20
4379,Gripshift,Racing,t,2005-09-12,20
1453,Calcio Bit,Sports,t,2006-05-18,20
7510,Nascar Heat 3,Racing,t,2018-09-07,20
3918,Freestyle Metal X,Racing,t,2003-06-27,20
1478,Call Of Duty: Modern Warfare: Mobilized,Shooter,t,2009-11-10,20
5539,Justice League Heroes,Role-Playing,t,2006-10-17,20
2485,Destiny,Shooter,t,2014-09-09,20
3904,Freaky Flyers,Racing,t,2003-08-05,20
9409,Rugby League 3,Sports,t,2010-04-09,20
8970,Rakushou! Pachi-Slot Sengen 5: Rio Paradise,Misc,t,2007-04-05,20
10137,Siren,Adventure,t,2003-11-06,20
2699,Disney Sports Motocross,Racing,t,2003-03-31,20
11966,Tom Clancy'S Rainbow Six: Lockdown,Shooter,t,2005-09-27,20
763,Ballistic: Ecks Vs. Sever,Shooter,t,2002-09-14,20
6522,Mass Effect 2,Role-Playing,t,2011-01-18,20
9594,Saru Saru Ds,Simulation,t,2009-02-19,20
204,Agatha Christie'S The Abc Murders,Adventure,t,2016-02-23,20
9940,Shinkyouku Soukai Polyphonica: 3&4 Hanashi Kanketsuhen,Adventure,t,2007-12-27,20
12986,Wta Tour Tennis,Sports,t,2002-05-31,20
2171,Daito Giken Koushiki Pachi-Slot Simulator: Hihouden - Ossu! Banchou - Yoshimune Ds,Misc,t,2007-04-26,20
9214,Riding Spirits,Racing,t,2002-08-31,20
10102,Singstar '90s,Misc,t,2008-03-18,20
9322,Rocky,Fighting,t,2002-11-18,20
5089,Impossible Mission,Platform,t,2007-11-15,20
5397,Jikkyou Powerful Pro Yakyuu 2011,Sports,t,2011-07-14,20
8729,Pripara Mezase! Idol Grand Prix No.1!,Music,t,2015-10-22,20
10100,Singstar,Misc,t,2008-05-20,20
6634,Mega Man Anniversary Collection,Platform,t,2004-06-22,20
8702,Prince Of Persia: The Sands Of Time,Adventure,t,2003-11-18,20
3083,Dungeon Siege: Throne Of Agony,Role-Playing,t,2006-10-30,20
13128,Yosumin. Ds,Puzzle,t,2007-11-08,20
3718,Final Fantasy V Advance,Role-Playing,t,2006-11-06,20
11879,Toaru Kagaku No Chou Denjihou,Adventure,t,2011-12-08,20
10775,Summer Sports: Paradise Island,Sports,t,2008-04-15,20
2803,Dora The Explorer: Dora Saves The Mermaids,Platform,t,2007-11-05,20
6829,Midnight Club: Street Racing,Racing,t,2000-10-25,20
11068,Takt Of Magic,Role-Playing,t,2009-05-21,20
1479,Call Of Duty: Modern Warfare: Reflex Edition,Shooter,t,2009-11-10,20
3636,Fifa 2000,Sports,t,1999-10-09,20
10363,Space Channel 5 Special Edition,Misc,t,2003-11-18,20
9160,Resident Evil: The Darkside Chronicles,Shooter,t,2009-11-17,20
7008,Momotarou Dentetsu Ds: Tokyo & Japan,Misc,t,2007-04-26,20
625,Astro Boy: Omega Factor,Action,t,2004-08-18,20
361,America'S Greatest Game Shows: Wheel Of Fortune & Jeopardy!,Misc,t,2017-11-07,20
6221,Lost Planet: Extreme Condition,Shooter,t,2008-02-26,20
5005,Ice Age: Dawn Of The Dinosaurs,Platform,t,2009-06-30,20
11276,The Binding Of Isaac: Afterbirth+,Action,t,2017-03-17,20
3734,Final Fantasy Xii International Zodiac Job System,Role-Playing,t,2007-08-09,20
12058,Toriko: Ultimate Survival,Action,t,2013-11-28,20
11265,The Bard'S Tale,Role-Playing,t,2004-10-26,20
12475,Van Helsing,Action,t,2007-05-06,20
3445,F1 Race Stars,Racing,t,2012-11-13,20
8702,Prince Of Persia: The Sands Of Time,Adventure,t,2003-11-12,20
7853,Nhl Rock The Rink,Sports,t,2000-02-29,20
12717,Wheel Of Fortune,Misc,t,2003-11-11,20
13273,Zombi,Action,t,2016-01-21,20
9613,Sbk: Snowboard Kids,Sports,t,2005-11-22,20
3047,Dt Racer,Racing,t,2005-09-26,20
3736,Final Fantasy Xiii-2,Role-Playing,t,2012-01-31,20
7945,Nitrobike,Racing,t,2008-01-15,20
6934,Mlb 2001,Sports,t,2000-02-29,20
5816,Kira Kira Pop Princess,Simulation,t,2008-03-07,20
1015,Bioshock Infinite,Shooter,t,2013-03-26,20
5821,Kirarin * Revolution: Tsukutte Misechao! Kime * Kira Stage,Simulation,t,2007-12-13,19
3478,Fallout 3 Game Add-On Pack: The Pitt And Operation: Anchorage,Role-Playing,t,2009-05-26,19
4280,Golden Nugget Casino Ds,Misc,t,2005-12-15,19
5576,Kamaitachi No Yoru: Rinne Saisei,Adventure,t,2017-02-16,19
6250,Luminous Arc,Role-Playing,t,2007-08-14,19
5752,Killzone: Liberation,Shooter,t,2006-10-31,19
1753,Chuugaku Eitango Target 1800 Ds,Misc,t,2006-08-10,19
12386,Unknown Soldier: Mokuba No Houkou,Shooter,t,2008-10-02,19
686,Avatar: The Last Airbender,Adventure,t,2006-11-13,19
6593,Medal Of Honor Heroes,Shooter,t,2006-10-20,19
4210,Global Touring Challenge: Africa,Racing,t,2002-06-14,19
563,Army Rescue,Shooter,t,2009-10-20,19
5715,Kidou Senshi Gundam 00,Action,t,2008-03-27,19
1593,Castlevania: Order Of Ecclesia,Platform,t,2008-10-21,19
13305,Zorro: Quest For Justice,Action,t,2010-02-12,19
5971,Lalaloopsy,Simulation,t,2011-11-06,19
1866,Colin Mcrae Rally 04,Racing,t,2003-09-19,19
11724,The Town Of Light,Adventure,t,2017-03-24,19
7939,Nippon No Asoko De,Misc,t,2008-05-01,19
12194,Triple Crown Championship Snowboarding,Sports,t,2010-02-16,19
13279,Zombiu,Action,t,2012-11-18,19
7666,Ncaa Gamebreaker 2001,Sports,t,2000-08-21,19
4955,Hurry Up Hedgehog!,Racing,t,2009-06-16,19
8381,Petz Fashion: Dogz & Catz,Simulation,t,2009-06-09,19
7123,Mortal Kombat: Deadly Alliance,Fighting,t,2002-11-17,19
5604,Kanji Calligraphy Training,Misc,t,2008-03-13,19
8156,Otomedius Excellent,Shooter,t,2011-11-01,19
7123,Mortal Kombat: Deadly Alliance,Fighting,t,2002-11-16,19
7737,Netsu Chu! Pro Yakyuu 2002,Sports,t,2002-04-18,19
4162,Get Up Games: Family Sports,Sports,t,2011-08-16,19
4734,Hello Kitty: Roller Rescue,Action,t,2005-08-16,19
12599,Wand Of Fortune R2: Jikuu Ni Shizumu Mokushiroku,Adventure,t,2017-03-09,19
13256,Zhuzhu Babies,Simulation,t,2011-11-01,19
3816,Flowers: Autumn Story,Adventure,t,2016-11-17,19
372,American Idol,Misc,t,2003-11-11,19
3407,Eyeshield 21: Portable Edition,Role-Playing,t,2006-03-02,19
10262,Socom: U.S. Navy Seals: Combined Assault,Shooter,t,2006-11-07,19
7791,Nfl Qb Club 2001,Sports,t,2000-08-23,19
12905,World Racing,Racing,t,2003-03-20,19
11948,Tom Clancy'S Ghost Recon 2,Shooter,t,2004-11-16,19
9417,Rugby World Cup 2011,Sports,t,2011-08-26,19
2900,Dragon Ball Z: Infinite World,Fighting,t,2008-11-04,19
4074,Game Hits!,Misc,t,2010-05-04,19
2181,Dakar 2: The World'S Ultimate Rally,Racing,t,2003-03-25,19
4553,Halo: Reach,Shooter,t,2010-09-14,19
5321,Jerry Rice And Nitus' Dog Football,Sports,t,2011-08-16,19
12908,World Series Baseball 2k3,Sports,t,2003-03-10,19
11194,Tennis No Oji-Sama: Genius Boys Academy,Sports,t,2002-04-25,19
2052,Crimson Gem Saga,Role-Playing,t,2009-05-26,19
1583,Castlevania Judgment,Fighting,t,2008-11-18,19
9509,Sakigake!! Otokojuku - Nihon Yo Kore Ga Otoko Dearu!,Misc,t,2014-02-27,19
7229,Muppets Party Cruise,Misc,t,2003-11-11,19
5386,Jikkyou Powerful Pro Yakyuu 13 Ketteiban,Sports,t,2006-12-14,19
5024,Ihra Professional Drag Racing 2005,Racing,t,2004-11-09,19
7187,Moujuutsukai To Oujisama: Snow Bride,Adventure,t,2011-02-24,19
10456,Spongebob Squarepants: Supersponge,Action,t,2001-11-05,19
12130,Trackmania Turbo: Build To Race,Racing,t,2011-04-12,19
13091,Yamasa Digi Portable: Matsuri No Tatsujin - Win-Chan No Natsumatsuri,Misc,t,2006-08-10,19
684,Auto Modellista,Racing,t,2003-03-25,19
8945,Rafa Nadal Tennis,Sports,t,2007-06-30,19
1232,Boxing Fever,Sports,t,2001-10-11,19
5439,Jissen Pachi-Slot Hisshouhou! Aladdin Ii Evolution,Misc,t,2005-12-15,19
4898,Hoshizora * Planet: One Small Step For...,Adventure,t,2011-03-10,19
10564,Star Wars: Clone Wars,Shooter,t,2002-12-10,19
9623,Scene It? Twilight,Misc,t,2010-02-09,19
9049,Reader Rabbit Kindergarten,Misc,t,2010-05-04,19
7492,Naruto: Ultimate Ninja Storm,Fighting,t,2008-11-04,19
1436,Cabela'S Trophy Bucks,Sports,t,2008-06-03,19
3264,Endless Ocean: Blue World,Simulation,t,2010-02-22,19
9439,Rune Factory: A Fantasy Harvest Moon,Role-Playing,t,2007-08-14,19
272,Akiba'S Trip,Adventure,t,2011-05-19,19
9234,Rise Of The Tomb Raider,Adventure,t,2015-11-10,19
3385,Exhibition Volume 4,Misc,t,2003-11-26,19
3729,Final Fantasy Xi: The Vana'Diel Collection,Role-Playing,t,2007-11-22,19
9047,Reader Rabbit 1st Grade,Misc,t,2010-05-04,19
12920,World Soccer Winning Eleven 2002,Sports,t,2002-04-25,19
7312,My Horse & Me: Riding For Gold,Sports,t,2009-04-28,19
8541,Plushees,Simulation,t,2008-04-11,19
7874,Nicktoons Racing,Racing,t,2002-06-14,19
8219,Pac-Man World 3,Platform,t,2005-11-15,19
10260,Socom: U.S. Navy Seals Fireteam Bravo 2,Shooter,t,2006-11-07,19
11079,Tales Of Symphonia Chronicles,Misc,t,2014-02-25,19
4664,Harvest Moon: The Tale Of Two Towns,Simulation,t,2011-11-01,19
244,Air Conflicts: Secret Wars,Simulation,t,2011-11-01,19
4352,Gray Matter,Adventure,t,2011-02-25,19
3038,Ds Bimoji Training,Misc,t,2008-03-13,19
3362,Every Extend Extra,Shooter,t,2006-11-07,19
3907,Freddie Flintoff'S Powerplay Cricket,Sports,t,2010-08-13,19
2840,Downforce,Racing,t,2002-06-14,19
8891,Quantum Break,Action,t,2016-04-05,19
4618,Harry Potter And The Sorcerer'S Stone,Action,t,2001-11-21,19
1099,Bleach: Soul Carnival,Fighting,t,2008-10-23,19
7022,Monkey Madness: Island Escape,Action,t,2010-03-23,19
8803,Project Runway,Simulation,t,2010-02-25,19
13,¡Shin Chan Flipa En Colores!,Platform,t,2007-11-16,19
4912,Hot Shots Golf: World Invitational,Sports,t,2012-02-15,19
5444,Jissen Pachi-Slot Pachinko Hisshouhou! Wii Hokuto No Ken Sammy'S Collection,Misc,t,2007-05-24,19
13150,Ys: The Ark Of Napishtim,Role-Playing,t,2006-02-28,19
1394,Buzz! Junior: Robojam,Misc,t,2008-03-11,19
5963,La Pucelle: Ragnarok,Role-Playing,t,2009-11-26,19
1302,Brothers In Arms: Double Time,Shooter,t,2008-09-23,19
752,Bakumatsu Rock,Misc,t,2014-02-27,19
4903,Hot Pixel,Puzzle,t,2007-10-02,19
10392,Special Forces: Nemesis Strike,Shooter,t,2005-03-22,19
3918,Freestyle Metal X,Racing,t,2003-09-14,19
1047,Blackwater,Shooter,t,2011-10-25,19
9524,Salon Superstar,Simulation,t,2009-12-08,19
8239,Pachitte Chonmage Tatsujin 12: Pachinko Ultraman,Misc,t,2007-05-24,19
6025,Legends Of Wrestling Ii,Fighting,t,2002-12-05,19
3916,Freekstyle,Racing,t,2002-06-17,19
62,2002 Fifa World Cup,Sports,t,2002-04-30,19
3521,Family Party: 30 Great Games Winter Fun,Sports,t,2010-02-08,19
1399,Buzz! The Hollywood Quiz,Misc,t,2008-03-11,19
9600,Satomi Hakkenden: Hachi Tamanoki,Misc,t,2014-02-27,19
6683,Mega Minis Volume 2,Misc,t,2011-04-29,19
3553,Far East Of Eden Ii: Manji Maru,Role-Playing,t,2006-03-09,19
12756,Wild West Shootout,Shooter,t,2010-09-14,19
2796,Dora'S Big Birthday Adventure,Misc,t,2010-08-03,19
11723,The Town Of Light,Adventure,t,2017-03-24,19
10376,Space Invaders Extreme 2,Shooter,t,2009-10-20,19
1359,Burnout 2: Point Of Impact,Racing,t,2003-04-09,19
12607,Wappy Dog,Simulation,t,2011-11-08,19
5737,Kiku! Kaku! Kotoba O Fuyasu! Hajimete No Eigo Training,Misc,t,2007-06-28,19
12859,Wordfish,Puzzle,t,2008-12-02,19
2819,Doraemon: Nobita No Kyouryuu 2006 Ds,Role-Playing,t,2006-03-02,19
6881,Minicopter: Adventure Flight,Simulation,t,2008-04-11,19
5813,Kinnikuman Muscle Grand Prix Max 2: Tokumori,Fighting,t,2008-09-25,19
1604,Cats & Dogs: The Revenge Of Kitty Galore,Action,t,2010-07-20,19
10445,Spongebob Squarepants / Fairly Odd Parents Double Pack,Action,t,2005-06-01,19
5553,Kabuki Warriors,Action,t,2001-11-19,19
3881,Forza Motorsport 4,Racing,t,2011-10-11,19
827,Batman: Arkham City Armored Edition,Action,t,2012-11-18,19
1077,Blazer Drive,Role-Playing,t,2008-12-04,19
953,Best Friends Tonight,Misc,t,2010-02-09,19
10161,Skylanders Giants,Misc,t,2012-11-18,19
3774,Fisherman'S Bait 2: Big Ol' Bass,Sports,t,1999-11-24,19
8150,Otogi: Myth Of Demons,Action,t,2003-08-27,19
5448,Jissen Pachislot Hisshouhou! Hokuto No Ken Portable Se,Misc,t,2006-08-10,19
898,Battlezone,Shooter,t,2006-11-06,19
2631,Disney'S Chicken Little: Ace In Action,Shooter,t,2006-11-09,19
3031,Drome Racers,Racing,t,2003-09-16,19
3064,Duke Nukem Trilogy: Critical Mass,Shooter,t,2011-06-06,19
8764,Pro Race Driver,Racing,t,2003-04-16,19
6229,Love Once: Mermaid'S Tears,Adventure,t,2011-02-24,19
10988,Sx Superstar,Racing,t,2003-06-26,19
372,American Idol,Misc,t,2003-11-18,19
9477,Safecracker: The Ultimate Puzzle Adventure,Puzzle,t,2008-12-02,19
8557,Pokémon Beach Blank-Out Blastoise / Go West Young Meowth Game Boy Advance Video,Misc,t,2004-09-27,19
301,Alienators: Evolution Continues,Action,t,2001-11-07,19
13254,Zettai Onkan Otoda Master,Role-Playing,t,2007-08-02,19
9048,Reader Rabbit 2nd Grade,Misc,t,2010-05-04,19
9902,Shin Megami Tensei: Persona 3,Role-Playing,t,2007-08-14,19
1890,Combat: Task Force 121,Shooter,t,2005-03-27,19
2065,Cross Edge,Role-Playing,t,2009-05-26,19
7036,Monster 4x4: World Circuit,Racing,t,2006-03-23,19
9903,Shin Megami Tensei: Persona 3 (Jp Sales),Role-Playing,t,2007-08-14,19
7229,Muppets Party Cruise,Misc,t,2003-11-13,19
4682,Hatsuyuki Sakura,Adventure,t,2017-03-23,19
8565,Pokémon I Choose You / Squirtle Squad Game Boy Advance Video,Misc,t,2004-09-27,19
8603,Popcap Arcade Vol 1,Puzzle,t,2007-11-15,19
11524,The Legend Of Spyro: Dawn Of The Dragon,Platform,t,2008-10-21,19
9263,Road Rash: Jailbreak,Racing,t,2003-09-17,19
1260,Brave Story: New Traveller (Jp Sales),Role-Playing,t,2007-07-31,19
5024,Ihra Professional Drag Racing 2005,Racing,t,2004-11-08,19
4384,Grooverider: Slot Car Thunder,Racing,t,2003-09-28,19
4224,Go Play: Lumberjacks,Simulation,t,2009-06-09,19
8903,Quiz Magic Academy Ds: Futatsu No Jikuu Koku,Misc,t,2010-02-11,19
3515,Family Gameshow,Misc,t,2010-05-04,19
5735,Kikou Heidan J-Phoenix 2,Action,t,2003-08-28,19
12543,Virtua Tennis 4: World Tour,Sports,t,2012-02-14,19
4785,High Heat Major League Baseball 2004,Sports,t,2003-02-20,19
11471,The King Of Fighters Collection: The Orochi Saga (Jp Sales),Fighting,t,2008-10-28,19
7475,Naruto: Clash Of Ninja Revolution 2,Fighting,t,2008-10-21,19
10311,Sonic Unleashed,Platform,t,2008-11-18,19
5500,Junior Classic Books & Fairytales,Misc,t,2010-08-03,19
1995,Crash 'N' Burn,Racing,t,2004-11-16,19
5049,Imagine: Boutique Owner,Simulation,t,2009-06-02,19
6466,Mario & Sonic At The London 2012 Olympic Games,Sports,t,2012-02-14,19
495,Archer Maclean Presents: Pool Paradise,Sports,t,2004-07-13,19
7710,Neighborhood Games,Misc,t,2009-01-12,19
4783,High Heat Major League Baseball 2002,Sports,t,2001-09-16,19
579,Ash: Archaic Sealed Heat,Role-Playing,t,2007-10-04,19
177,Advent Rising,Action,t,2005-05-31,19
8162,Ougon No Kizuna,Role-Playing,t,2009-05-28,19
3923,Freshly-Picked: Tingle'S Rosy Rupeeland,Role-Playing,t,2007-09-14,19
1259,Brave Story: New Traveler (Us Sales),Role-Playing,t,2007-07-31,19
1789,Classic Action: Devilish,Misc,t,2007-05-09,19
6326,Madden Nfl 2002,Sports,t,2001-09-12,19
12979,Wrestle Angels: Survivor 2,Fighting,t,2008-11-06,19
2017,Crayola: Treasure Adventures,Puzzle,t,2007-10-01,19
7839,Nhl Championship 2000,Sports,t,1999-10-06,19
5115,Indycar Series 2005,Action,t,2004-06-22,19
4522,Hakuoki: Yuugi Roku - Taishitachi No Daienkai,Adventure,t,2016-11-17,19
8354,Persona 4: Dancing All Night,Music,t,2015-09-29,19
589,Assassin'S Creed Chronicles,Action,t,2016-04-05,19
11369,The God Of War Trilogy,Action,t,2010-04-16,19
990,Big Mutha Truckers,Racing,t,2003-06-16,19
5795,Kingdom Hearts Re: Chain Of Memories,Role-Playing,t,2008-12-02,19
369,American Chopper 2: Full Throttle,Racing,t,2005-11-20,19
7860,Nichibeikan Pro Yakyuu: Final League,Sports,t,2002-04-25,19
8424,Phantasy Star Universe: Ambition Of The Illuminus,Role-Playing,t,2007-11-20,19
6684,Mega Minis Volume 3,Misc,t,2011-04-29,19
3004,Dreamer Series: Teacher,Simulation,t,2009-06-09,19
6682,Mega Minis Volume 1,Misc,t,2011-04-29,19
3853,Ford Racing 3,Racing,t,2005-12-07,19
9137,Rescue Heroes: Billy Blazes,Action,t,2003-08-27,19
11979,Tom Clancy'S Splinter Cell: Double Agent,Action,t,2007-03-30,19
7232,Murder In Venice,Adventure,t,2011-05-16,19
4908,Hot Shots Golf Fore!,Sports,t,2004-08-17,19
5447,Jissen Pachislot Hisshouhou! Hokuto No Ken Ds Se,Misc,t,2006-08-10,19
7152,Motogp,Racing,t,2000-10-31,19
11477,The King Of Fighters Xi,Fighting,t,2007-11-13,19
3419,F.E.A.R.,Shooter,t,2006-10-31,19
4139,Generation Of Chaos,Role-Playing,t,2006-02-28,19
6473,Mario Golf,Sports,t,1999-10-01,19
8056,Okamiden,Adventure,t,2011-03-15,19
7918,Ninja Gaiden 3: Razor'S Edge,Action,t,2012-11-18,19
5304,Jasf: Jane'S Advanced Strike Fighters,Simulation,t,2011-10-21,19
9527,Salt Lake 2002,Sports,t,2002-01-19,19
1873,College Hoops 2k6,Sports,t,2005-11-21,19
11633,The Simpsons: Road Rage,Racing,t,2003-06-30,19
6025,Legends Of Wrestling Ii,Fighting,t,2002-11-25,19
3980,Furious Karting,Racing,t,2003-03-28,19
12559,Vitamin X To Z,Adventure,t,2011-02-24,19
2219,Dance Sensation!,Misc,t,2010-05-04,19
12656,Warriors Orochi 3,Action,t,2012-03-27,19
10311,Sonic Unleashed,Platform,t,2008-11-20,19
2175,Daito Giken Koushiki Pachi-Slot Simulator: Shin Yoshimune,Misc,t,2008-03-13,19
8534,Playmobil Knights,Action,t,2010-01-25,19
11523,The Legend Of Spyro: A New Beginning,Platform,t,2006-10-17,19
1462,Call Of Duty 3,Shooter,t,2006-11-14,19
12882,World Cup Of Pool,Sports,t,2010-02-09,19
9681,Sea Monsters: A Prehistoric Adventure,Adventure,t,2007-12-27,19
11252,The Adventures Of Jimmy Neutron Boy Genius: Game Boy Advance Video Volume 1,Misc,t,2004-06-10,19
6521,Mass Effect,Role-Playing,t,2007-11-20,19
6503,Marvel Trading Card Game,Misc,t,2007-05-22,19
7167,Motogp 3 - Official Game Of Motogp,Racing,t,2003-03-17,19
9645,Scrabble 2007 Edition,Puzzle,t,2007-10-04,19
3757,Fire Pro Wrestling Returns,Fighting,t,2007-11-13,19
8438,Phil Of The Future,Platform,t,2006-09-18,19
12817,Wipeout Fusion,Racing,t,2002-06-17,19
6234,Lovely Lisa And Friends,Simulation,t,2010-02-23,19
574,Arthur! Ready To Race,Racing,t,2000-11-01,19
12433,Utawarerumono Portable,Role-Playing,t,2009-05-28,19
4569,Hanaoni: Koisomeru Koku - Eikyuu No Shirushi,Adventure,t,2011-03-17,19
10179,Sleepover Party,Misc,t,2010-01-12,19
11595,The Powerpuff Girls: Chemical X-Traction,Action,t,2001-10-14,19
8649,Power Pro Kun Pocket 8,Sports,t,2005-12-01,19
12657,Warriors Orochi 3 Hyper,Action,t,2012-11-18,19
2370,Deal Or No Deal,Misc,t,2009-01-20,19
4910,Hot Shots Golf: Open Tee 2,Sports,t,2008-06-03,19
9971,Shiro To Kuro No Alice,Adventure,t,2017-06-08,19
748,Bakugan: Battle Trainer,Action,t,2010-03-23,19
4165,Geten No Hana: Yume Akari,Misc,t,2014-02-27,19
10033,Side Kicks!,Adventure,t,2017-03-23,19
9615,Scaler,Platform,t,2004-11-17,19
2532,Diabolik Lovers: Lost Eden,Adventure,t,2017-02-16,19
12443,V-Rally 3,Racing,t,2003-03-25,19
1947,Cooking Idol I! My! Main! Game De Hirameki! Kirameki Cooking,Simulation,t,2010-02-25,19
2240,Dangerous Ji-San To 1000-Nin No Otomodachi Yokoshima,Action,t,2012-11-22,19
4071,Game Center Cx: 3-Choume No Arino,Misc,t,2014-03-20,19
9050,Reader Rabbit Preschool,Misc,t,2010-05-04,19
1462,Call Of Duty 3,Shooter,t,2006-11-15,19
1995,Crash 'N' Burn,Racing,t,2004-11-15,19
10051,Silent Scope,Shooter,t,2002-09-04,19
11414,The House Of The Dead: Overkill - Extended Cut,Shooter,t,2011-10-25,19
12170,Traxxpad: Portable Studio,Misc,t,2007-06-26,19
9809,Shadow Hearts: From The New World,Role-Playing,t,2006-03-07,19
5643,Katekyoo Hitman Reborn! Ds Flame Rumble Xx - Kessen! Shin 6 Chouka,Action,t,2010-07-22,19
12508,Viewtiful Joe,Action,t,2004-08-24,19
8017,Nurarihyon No Mago: Hyakki Ryouran Taisen,Fighting,t,2011-11-17,19
4164,Geten No Hana With Yume Akari: Aizouban,Adventure,t,2016-09-08,18
2018,Crayon Shin-Chan Gekiatsu! Oden Wa ~ Rudo Dai Konran!!,Action,t,2017-11-30,18
3267,Enemy Territory: Quake Wars,Shooter,t,2008-05-27,18
5159,International Track & Field 2000,Sports,t,1999-10-31,18
8353,Persona 4 Arena Ultimax,Fighting,t,2014-09-30,18
6098,Let'S Yoga!,Misc,t,2008-04-29,18
5746,Killer Is Dead,Action,t,2013-08-27,18
3809,Flips: Percy Jackson,Misc,t,2010-02-12,18
8121,Orcs & Elves,Role-Playing,t,2007-11-13,18
12942,World Tour Soccer 2005,Sports,t,2004-04-14,18
4173,Ghost In The Shell: Stand Alone Complex,Adventure,t,2004-11-08,18
13241,Zero Escape: Zero Time Dilemma,Adventure,t,2017-08-18,18
8309,Paws & Claws: Pet Resort,Simulation,t,2009-01-05,18
5525,Just Dance 4,Music,t,2012-10-09,18
3455,Fabstyle,Strategy,t,2011-11-24,18
7772,Nfl 2k2,Sports,t,2002-01-09,18
12313,Ufc Personal Trainer: The Ultimate Fitness System,Sports,t,2011-06-28,18
7154,Motogp,Racing,t,2002-05-19,18
5399,Jikkyou Powerful Pro Yakyuu 2012,Sports,t,2012-07-19,18
4655,Harvest Moon: Hero Of Leaf Valley,Simulation,t,2010-04-20,18
5771,Kinectimals: Now With Bears!,Simulation,t,2011-10-11,18
8847,Pursuit Force: Extreme Justice,Racing,t,2008-01-29,18
9683,Sea Park Tycoon,Simulation,t,2010-04-13,18
1837,Cocoto Magic Circus,Shooter,t,2008-03-12,18
5304,Jasf: Jane'S Advanced Strike Fighters,Simulation,t,2011-10-31,18
8452,Phoenix Wright: Revived Turnabout,Misc,t,2008-04-17,18
13040,X-Men: Reign Of Apocalypse,Action,t,2001-09-25,18
315,All-Star Baseball 2005,Sports,t,2004-04-08,18
6087,Let'S Play Flight Attendant,Simulation,t,2010-03-30,18
8968,Rainbow Islands: Revolution,Action,t,2008-01-22,18
9130,Renai Revenge,Adventure,t,2015-10-29,18
12792,Winning Post 8 2017,Misc,t,2017-03-02,18
5372,Jikkyou Powerful Pro Baseball Heroes,Action,t,2016-12-15,18
7159,Motogp 09/10,Racing,t,2010-03-23,18
7638,Ncaa Final Four 2000,Sports,t,1999-10-31,18
181,Adventure Time: Pirates Of The Enchiridion,Adventure,t,2018-07-17,18
11595,The Powerpuff Girls: Chemical X-Traction,Action,t,2001-11-08,18
10377,Space Invaders Revolution,Shooter,t,2005-09-20,18
958,Beyblade Burst: Battle Zero,Role-Playing,t,2018-10-25,18
8316,Pc Engine Best Collection: Soldier Collection,Shooter,t,2008-09-25,18
12014,Tony Hawk'S Pro Skater 2,Sports,t,2001-08-21,18
1364,Burnout Paradise Remastered,Racing,t,2018-03-16,18
6164,Lizzie Mcguire 3: Homecoming Havoc,Platform,t,2005-08-21,18
10563,Star Wars: Bounty Hunter,Shooter,t,2002-12-07,18
3569,Farming Simulator 19,Simulation,t,2018-11-20,18
1873,College Hoops 2k6,Sports,t,2005-11-30,18
8817,Psychedelica Of The Black Butterfly,Action,t,2018-03-27,18
11605,The Putter Golf,Sports,t,2001-09-26,18
3081,Dungeon Siege Iii,Role-Playing,t,2011-06-21,18
7262,Mx Unleashed,Racing,t,2004-02-17,18
8520,Planet Of The Apes,Action,t,2001-11-30,18
9729,Sega Rally Championship,Racing,t,2003-03-10,18
814,Bass Strike,Sports,t,2001-09-26,18
8417,Phantasy Star Online 2 Episode 4: Deluxe Package,Role-Playing,t,2017-04-20,18
7683,Need For Speed Carbon,Racing,t,2006-11-19,18
9806,Shaberu! Ds Oryouri Navi: Marugoto Teikoku Hotel: Saikouhou No Ryouri-Chou Ga Oshieru Katei Ryouri,Misc,t,2007-06-21,18
3603,Fate/Extella: The Umbral Star,Action,t,2017-01-17,18
7391,Namco Museum,Misc,t,2002-10-09,18
5950,Kyokugen Dasshutsu Adv: Zennin Shiboudesu,Visual Novel,t,2012-02-16,18
320,All Grown Up!: Game Boy Advance Video Volume 1,Misc,t,2004-05-27,18
6996,Moero! Nekketsu Rhythm Damashii: Osu! Tatakae! Ouendan! 2,Misc,t,2007-05-17,18
11057,Taito Legends 2,Misc,t,2007-05-16,18
7582,Nba Inside Drive 2002,Sports,t,2002-01-21,18
7463,Naruto Shippuden: Ultimate Ninja Storm Revolution,Fighting,t,2014-10-01,18
4562,Hamtaro: Ham-Ham Games,Sports,t,2004-07-27,18
2117,Curse: The Eye Of Isis,Adventure,t,2003-12-08,18
6886,Minna No Chizu,Misc,t,2006-04-20,18
886,Battlefield: Bad Company 2,Shooter,t,2010-03-02,18
5008,Ico,Adventure,t,2011-09-22,18
9860,Shepherd'S Crossing 2 Ds,Simulation,t,2010-04-13,18
12197,Triple Play 2001,Sports,t,2000-03-14,18
10357,South Park: The Stick Of Truth,Role-Playing,t,2014-03-04,18
13291,Zoo Tycoon (2013),Simulation,t,2013-11-22,18
3248,Emily Archer And The Curse Of Tutankhamun,Adventure,t,2011-03-18,18
11780,This Is The Police 2,Strategy,t,2018-09-25,18
2421,Defendin' De Penguin,Strategy,t,2008-09-02,18
9421,Rugrats: Castle Capers,Action,t,2001-09-24,18
4061,Gallop Racer 2001,Sports,t,2001-08-20,18
11869,To Heart 2 Dx Plus,Adventure,t,2011-09-22,18
7379,Myth Makers: Trixie In Toyland,Platform,t,2008-06-24,18
4949,Hunted: The Demon'S Forge,Role-Playing,t,2011-05-31,18
8264,Panzer Tactics Ds,Strategy,t,2007-11-07,18
732,Backyard Soccer,Sports,t,2001-09-28,18
1001,Billy'S Boot Camp: Wii De Enjoy Diet!,Sports,t,2011-04-21,18
4982,I-Ninja,Platform,t,2003-12-04,18
6836,Midway Arcade Treasures,Misc,t,2003-11-18,18
9164,Resistance Dual Pack,Shooter,t,2011-07-05,18
6084,Let'S Pilates!,Misc,t,2008-04-29,18
3822,Folklore,Role-Playing,t,2007-10-09,18
10163,Skylanders Swap Force,Platform,t,2013-11-15,18
10374,Space Invaders Evolution,Shooter,t,2006-11-03,18
666,Attack On Titan 2: Future Coordinates,Action,t,2017-11-30,18
6210,Lost In Blue,Adventure,t,2005-09-27,18
5343,Jewel Pet: Kawaii Mahou No Fantasy,Simulation,t,2009-04-30,18
9496,Saints Row Iv,Action,t,2013-08-20,18
4327,Grand Theft Auto Iv,Action,t,2008-04-29,18
11886,Toca Race Driver 2: Ultimate Racing Simulator,Racing,t,2005-09-01,18
12904,World Poker Tour,Misc,t,2006-04-17,18
1016,Bioshock: The Collection,Shooter,t,2016-09-13,18
9249,River King: Mystic Valley (Us Sales),Sports,t,2008-04-29,18
11948,Tom Clancy'S Ghost Recon 2,Shooter,t,2005-03-15,18
11156,Tekken Hybrid,Fighting,t,2011-11-22,18
12553,Virtual Villagers: A New Home,Simulation,t,2010-04-20,18
7507,Nascar Heat,Racing,t,2000-11-06,18
3753,Fire Emblem: Radiant Dawn,Strategy,t,2007-11-05,18
701,Azurik: Rise Of Perathia,Action,t,2001-11-25,18
1468,Call Of Duty: Black Ops Ii,Shooter,t,2012-11-13,18
6080,Let'S Dance With Mel B,Sports,t,2012-04-24,18
3937,Frogger Beyond,Platform,t,2002-12-06,18
7428,Nanostray 2,Shooter,t,2008-03-11,18
5796,Kingdom Hearts Re:Coded,Role-Playing,t,2011-01-11,18
11523,The Legend Of Spyro: A New Beginning,Platform,t,2006-10-10,18
9816,Shadow Of The Colossus,Adventure,t,2011-09-22,18
13105,Yggdra Union: We'Ll Never Fight Alone,Role-Playing,t,2006-11-21,18
545,Army Men World War: Team Assault,Action,t,2001-11-28,18
1871,Collar X Malice,Action,t,2017-07-28,18
7066,Monster Jam: Maximum Destruction,Racing,t,2002-06-13,18
1301,Brothers In Arms: D-Day,Shooter,t,2006-12-05,18
13157,Yu-Gi-Oh! 5d'S Wheelie Breakers (Jp Sales),Racing,t,2009-05-19,18
7147,Moto Racer World Tour,Racing,t,2000-11-06,18
8638,Power Pro Kun Pocket 1+2,Sports,t,2004-07-29,18
7137,Mothergunship,Shooter,t,2018-08-24,18
288,Alia'S Carnival! Sacrament,Adventure,t,2015-10-29,18
1504,Capcom Classics Collection Remixed,Misc,t,2006-03-22,18
5413,Jikkyou Powerful Pro Yakyuu Dreamcast Edition,Sports,t,2000-03-30,18
8367,Pet Shop Monogatari Ds 2,Simulation,t,2010-04-01,18
8874,Puzzle Quest: Challenge Of The Warlords,Puzzle,t,2007-11-13,18
8355,Persona 5,Role-Playing,t,2017-04-04,18
1144,Blue Dragon Plus,Role-Playing,t,2009-02-19,18
7631,Nba Street Vol. 2,Sports,t,2003-04-28,18
1749,Chuck E. Cheese'S Party Games,Misc,t,2010-07-27,18
3386,Exhibition Volume 5,Misc,t,2004-05-27,18
10724,Style Book: Cinnamoroll,Misc,t,2006-03-23,18
3058,Duel Masters: Sempai Legends,Misc,t,2004-06-01,18
7588,Nba Jam 2000,Sports,t,1999-10-31,18
6325,Madden Nfl 2001,Sports,t,2000-08-22,18
3443,F1 Grand Prix,Racing,t,2005-09-01,18
5019,Igpx: Immortal Grand Prix,Racing,t,2006-09-12,18
10448,Spongebob Squarepants: Creature From The Krusty Krab,Platform,t,2006-10-16,18
11338,The Elder Scrolls V: Skyrim,Role-Playing,t,2011-11-11,18
4535,Hakuouki: Zuisouroku Ds,Adventure,t,2011-02-17,18
8868,Puzzle Chronicles,Puzzle,t,2010-02-02,18
885,Battlefield: Bad Company,Shooter,t,2008-06-23,18
8371,Peter Jacobsen'S Golden Tee Golf,Sports,t,2000-09-20,18
1637,Championship Bass,Sports,t,2000-03-07,18
11411,The House Of The Dead 2 & 3 Return,Shooter,t,2008-03-11,18
3742,Final Fantasy Xv,Role-Playing,t,2016-11-29,18
10355,South Park: Chef'S Luv Shack,Misc,t,1999-10-31,18
10669,Strawberry Shortcake: Summertime Adventure,Adventure,t,2004-11-16,18
1164,Boing! Docomodake Ds,Puzzle,t,2009-03-10,18
368,American Chopper,Racing,t,2004-11-25,18
12626,"Warhammer 40,000: Space Marine",Shooter,t,2011-09-06,18
2949,Dragon Quest Xi: Echoes Of An Elusive Age,Role-Playing,t,2018-09-04,18
10848,Super Monkey Ball Deluxe,Misc,t,2005-03-15,18
4488,Gunslingers,Shooter,t,2011-06-28,18
1712,Chocolatier,Simulation,t,2010-03-31,18
3846,Forbidden Siren 2,Action,t,2006-08-04,18
5539,Justice League Heroes,Role-Playing,t,2006-11-22,18
10725,Style Book: Junior City,Misc,t,2006-03-23,18
13066,Xgra: Extreme G Racing Association,Racing,t,2003-09-17,18
11012,Tabi No Yubisashi Kaiwachou Ds: Ds Series 1 Thai,Misc,t,2006-04-20,18
7953,No More Heroes,Action,t,2008-01-22,18
10602,Starry Sky: Spring Stories,Adventure,t,2016-11-23,18
3225,Elf Bowling 1 & 2,Sports,t,2005-11-28,18
13156,Yu-Gi-Oh! 5d'S Wheelie Breakers,Racing,t,2009-05-19,18
9556,Samurai Warriors,Action,t,2004-07-13,18
5071,Imagine: Reporter,Simulation,t,2010-02-02,18
505,Area 51,Shooter,t,2005-04-25,18
8766,Pro Yakyuu Family Stadium,Sports,t,2008-05-01,18
5178,Iridium Runners,Racing,t,2008-01-29,18
13266,Zoboomafoo: Leapin' Lemurs!,Action,t,2001-10-07,18
6062,Lego Star Wars Iii: The Clone Wars,Action,t,2011-03-27,18
6483,Mario Tennis: Power Tour,Sports,t,2005-12-05,18
3913,Freedom Wars,Misc,t,2014-10-28,18
9831,Shaman King: Power Of Spirit,Adventure,t,2004-11-09,18
1487,Call Of Juarez: The Cartel,Shooter,t,2011-07-19,18
8907,Quiz! Hexagon Ii,Misc,t,2010-07-22,18
145,Accel World Vs. Sword Art Online: Millennium Twilight,Action,t,2017-07-07,18
1239,Brain Challenge Deluxe,Puzzle,t,2009-03-03,18
9695,Secret Agent Clank,Platform,t,2008-06-17,18
12014,Tony Hawk'S Pro Skater 2,Sports,t,2000-09-20,18
2351,Dead Space 2,Shooter,t,2011-01-25,18
5055,Imagine: Fashion Designer,Simulation,t,2011-10-11,18
9033,Rayman Origins,Platform,t,2011-11-15,18
12997,Wwe All Stars,Fighting,t,2011-11-22,18
3225,Elf Bowling 1 & 2,Sports,t,2005-12-01,18
13310,Zumba Fitness Core,Music,t,2012-10-16,18
8335,Penguins Of Madagascar,Action-Adventure,t,2014-11-25,18
7411,Nanatama: Chronicle Of Dungeon Maker,Role-Playing,t,2009-04-23,18
12364,Unbox: Newbie'S Adventure,Action,t,2017-07-26,18
159,Action Girlz Racing,Racing,t,2008-01-29,18
6325,Madden Nfl 2001,Sports,t,2000-08-28,18
9824,Shadow Warrior (2013),Shooter,t,2014-10-21,18
7683,Need For Speed Carbon,Racing,t,2006-11-17,18
8307,Paws & Claws: Pampered Pets,Simulation,t,2009-01-05,18
4618,Harry Potter And The Sorcerer'S Stone,Action,t,2001-11-15,18
10448,Spongebob Squarepants: Creature From The Krusty Krab,Platform,t,2006-10-18,18
9161,Resident Evil: The Mercenaries 3d,Shooter,t,2011-06-28,18
1408,Cabbage Patch Kids: The Patch Puppy Rescue,Misc,t,2007-04-11,18
7499,Nascar 08,Racing,t,2007-07-23,18
5429,Jimmie Johnson'S Anything With An Engine,Racing,t,2011-11-22,18
552,Army Men: Operation Green,Action,t,2001-12-02,18
9285,Robotics;Notes,Visual Novel,t,2012-06-28,18
1869,Colin Mcrae Rally 2005 Plus,Racing,t,2005-09-01,18
7318,My Pet Chimp,Simulation,t,2010-03-30,18
10025,Sid Meier'S Civilization Revolution,Strategy,t,2008-07-08,18
9248,River King: Mystic Valley (Jp Sales),Sports,t,2008-04-29,18
6289,Machi-Ing Maker 4,Strategy,t,2011-11-23,18
877,Battlebots: Design & Destroy,Action,t,2003-08-31,18
4405,Gudetama: Hanjuku De Tanomuwa,Action,t,2015-12-03,18
1010,Bionicle,Action,t,2003-09-10,18
5442,Jissen Pachi-Slot Hisshouhou! Mister Magic Neo,Misc,t,2007-04-12,18
11145,Teenage Mutant Ninja Turtles: Smash-Up,Fighting,t,2009-09-22,18
990,Big Mutha Truckers,Racing,t,2003-08-16,18
957,Beyblade Burst,Role-Playing,t,2016-11-10,18
2425,Delta Force: Black Hawk Down,Shooter,t,2005-07-26,18
8222,Pac 'N Roll,Platform,t,2005-08-23,18
275,Akiba'S Trip: Undead & Undressed,Action,t,2014-08-12,18
3304,Espn Mlb Baseball,Sports,t,2004-04-06,18
11492,The Last Guy,Action,t,2008-08-28,18
9577,San-X Character Channel: All-Star Daishuugou!,Action,t,2008-08-28,18
4851,Hitman: Contracts,Shooter,t,2004-04-20,18
10077,Simple 2000 Series Vol. 105: The Maid Fuku To Kikanjuu,Action,t,2006-08-10,18
3794,Flatout 2,Racing,t,2006-08-01,18
3428,F1 2002,Racing,t,2002-06-17,18
6486,Mark Mcmorris Infinite Air,Sports,t,2016-10-25,18
5291,Jampack Volume 14 (Rp-T),Misc,t,2006-04-19,18
7263,Mx Vs Atv All Out,Racing,t,2018-03-27,18
11324,The Dukes Of Hazzard Ii: Daisy Dukes It Out,Racing,t,2000-11-07,18
1165,Boktai 2: Solar Boy Django,Role-Playing,t,2004-10-19,18
6903,Mirakuru! Mimika Ds,Misc,t,2009-01-22,18
5967,Labyrinth Of Refrain: Coven Of Dusk,Action,t,2018-09-18,18
6396,Maji De Manabu: Lec De Ukaru - Ds Hishou Boki 3-Kyuu,Misc,t,2008-04-17,18
10435,Splashdown,Racing,t,2002-06-25,18
11326,The Dwarves,Role-Playing,t,2016-12-01,18
11361,The Flintstones: Bedrock Bowling,Sports,t,2000-09-19,18
4989,I Love Horses,Simulation,t,2009-04-27,18
8867,Puzzle Challenge: Crosswords And More!,Puzzle,t,2006-06-09,18
8644,Power Pro Kun Pocket 2,Sports,t,2000-03-30,18
3845,For Honor,Action,t,2017-02-14,18
10483,Spy Hunter,Racing,t,2002-05-19,18
8973,Rallisport Challenge (Jp Sales),Racing,t,2002-06-13,18
2976,Dramatical Murder Re:Code,Misc,t,2014-10-30,18
1835,Cmt Presents: Karaoke Revolution Country,Misc,t,2006-03-21,18
8479,Pinball Hall Of Fame: The Gottlieb Collection,Misc,t,2010-01-19,18
7959,No Rules: Get Phat,Action,t,2001-11-25,18
11170,Tenchu: Return From Darkness,Action,t,2004-03-10,18
10234,Snk Arcade Classics Vol. 1,Misc,t,2008-05-05,18
7494,Nascar,Racing,t,2006-09-06,18
1295,Broken Sword: The Sleeping Dragon,Adventure,t,2003-12-08,18
10982,Sword Art Online: Hollow Realization,Role-Playing,t,2016-11-08,18
7466,Naruto Shippuuden: Gekitou Ninja Taisen! Ex 2,Fighting,t,2007-11-29,18
7502,Nascar 2001,Racing,t,2000-11-06,18
11989,Tomb Raider: Definitive Edition,Action-Adventure,t,2014-01-28,18
642,Atelier Firis: The Alchemist And The Mysterious Journey,Role-Playing,t,2016-11-02,18
12342,Ultimate Mortal Kombat,Fighting,t,2007-11-12,18
6566,Mcgrath Vs. Pastrana Freestyle Motocross,Racing,t,2000-11-05,18
12875,World Championship Pool 2004,Sports,t,2003-12-09,18
11211,Test Drive Unlimited,Racing,t,2006-09-05,18
13210,Yuukyuu No Tierblade: Lost Chronicle,Adventure,t,2016-09-08,18
368,American Chopper,Racing,t,2004-12-03,18
5301,Jan Sangoku Musou,Misc,t,2006-03-23,18
777,Bara Ni Kakusareshi Verite,Action,t,2016-09-01,18
11981,Tom Clancy'S Splinter Cell: Pandora Tomorrow,Action,t,2004-07-20,18
7797,Nfl Street 2,Sports,t,2004-12-22,18
11014,Tabi No Yubisashi Kaiwachou Ds: Ds Series 3 Kankoku,Misc,t,2006-04-20,18
4736,Hello Neighbor,Action,t,2018-07-27,18
5529,Just Dance Wii U,Misc,t,2014-04-03,18
10401,Speed Kings,Racing,t,2003-06-03,18
9997,Showtime Championship Boxing,Fighting,t,2007-11-10,18
11013,Tabi No Yubisashi Kaiwachou Ds: Ds Series 2 Chuugoku,Misc,t,2006-04-20,18
7261,Mx Superfly Featuring Ricky Carmichael,Racing,t,2002-06-17,18
12109,Toukiden Kiwami,Action,t,2015-04-28,18
9696,Secret Agent Clank(Us Sales),Platform,t,2008-06-17,18
12853,Wonder World Amusement Park,Misc,t,2009-01-23,18
12737,Wicked Monster Blast!,Shooter,t,2011-06-28,18
369,American Chopper 2: Full Throttle,Racing,t,2005-11-29,18
4952,Hunter: The Reckoning  Wayward,Action,t,2003-09-09,18
1544,Carol Vorderman'S Sudoku,Puzzle,t,2007-03-06,18
10229,Sniper: Ghost Warrior,Shooter,t,2011-06-28,18
3765,Firefighter F.D.18,Action,t,2004-03-09,18
2443,Densetsu No Stafi,Platform,t,2002-09-06,18
9801,"Sesame Street: Ready, Set, Grover!",Misc,t,2011-08-02,18
12288,Twisted Metal: Small Brawl,Action,t,2001-11-26,18
10907,Super Robot Wars V,Role-Playing,t,2017-02-23,18
10988,Sx Superstar,Racing,t,2003-06-30,18
2640,Disney'S Kim Possible 3: Team Possible,Platform,t,2005-08-21,18
11402,The History Channel: Battle For The Pacific,Shooter,t,2008-02-19,18
7168,Motogp 3: Ultimate Racing Technology,Racing,t,2005-08-30,18
12647,Warriors  Orochi 4,Action,t,2018-10-16,18
240,Air,Adventure,t,2016-09-08,18
4030,Gakuen Alice: Kirakira * Memory Kiss,Adventure,t,2006-06-22,18
4815,Hiiro No Kakera: Shin Tamayori Hime Denshou - Piece Of Future,Adventure,t,2011-07-14,18
4137,Gem Smashers,Platform,t,2011-11-08,18
3902,Franklin: A Birthday Surprise,Misc,t,2006-04-18,18
8969,Rakushou! Pachi-Slot Sengen 4,Misc,t,2006-03-23,18
11789,Thrasher Presents: Skate And Destroy,Sports,t,1999-10-31,18
4266,Gokuhou!! Mecha Mote Iinchou: Mm Town De Miracle Change!,Simulation,t,2009-12-10,18
7059,Monster Hunter G,Role-Playing,t,2009-04-23,18
1358,Burnout,Racing,t,2002-04-29,18
6008,Legacy Of Ys: Books I & Ii,Role-Playing,t,2009-02-24,17
1533,Carmen Sandiego: The Secret Of The Stolen Drums,Adventure,t,2004-09-08,17
3945,From The Abyss,Role-Playing,t,2008-08-26,17
296,Alien Hominid,Shooter,t,2004-11-23,17
3603,Fate/Extella: The Umbral Star,Action,t,2017-07-25,17
854,Battle Fantasia,Fighting,t,2008-09-16,17
6836,Midway Arcade Treasures,Misc,t,2003-11-24,17
5365,Jikandia: The Timeless Land,Role-Playing,t,2011-03-15,17
12402,Until Dawn: Rush Of Blood,Shooter,t,2016-10-13,17
7015,Momu-Chan Diet Wii: Figurobics By Chon Dayon,Misc,t,2010-12-23,17
3656,Fifa Soccer 13,Sports,t,2012-09-25,17
12861,Wordjong,Puzzle,t,2007-11-16,17
10209,Smash Cars,Racing,t,2003-08-13,17
5567,Kaitou Tenshi Twin Angel: Toki To Sekai No Meikyuu,Adventure,t,2011-08-25,17
4423,Guilty Gear Xx Accent Core,Fighting,t,2007-10-15,17
12908,World Series Baseball 2k3,Sports,t,2003-03-17,17
10614,State Of Emergency,Action,t,2003-03-26,17
158,Action Force,Action,t,1983-01-01,17
6445,Maplestory Ds,Role-Playing,t,2010-04-15,17
7484,Naruto: Path Of The Ninja,Role-Playing,t,2007-10-23,17
5420,Jikkyou Powerful Pro Yakyuu Wii Ketteiban,Sports,t,2007-12-20,17
314,All-Star Baseball 2004,Sports,t,2003-03-01,17
2611,Disgaea 3: Absence Of Justice,Role-Playing,t,2008-08-26,17
5662,Kawasaki Jet Ski,Racing,t,2008-01-22,17
4741,Henry Hatsworth In The Puzzling Adventure,Puzzle,t,2009-03-17,17
3404,Eyeshield 21: Devilbats Devildays,Role-Playing,t,2006-04-06,17
6522,Mass Effect 2,Role-Playing,t,2010-01-26,17
10011,Shrek The Third,Action,t,2007-05-02,17
6792,Metroid Prime: Federation Force,Action,t,2016-08-19,17
6790,Metroid Prime Hunters: First Hunt,Shooter,t,2004-11-21,17
9644,Scrabble (Others Sales),Puzzle,t,2009-03-17,17
3350,Eve: Burst Error R,Action,t,2016-04-28,17
1791,Classic Dungeon X2,Role-Playing,t,2011-03-24,17
4464,Gundam Breaker,Misc,t,2013-10-31,17
295,Alien Hominid,Shooter,t,2004-11-21,17
2743,Dog'S Life,Adventure,t,2004-09-14,17
8702,Prince Of Persia: The Sands Of Time,Adventure,t,2003-11-06,17
5710,Keystone Kapers,Action,t,1983-01-01,17
1475,Call Of Duty: Modern Warfare 3: Defiance,Shooter,t,2011-11-08,17
7251,Muv-Luv Photonflowers,Misc,t,2014-04-24,17
2723,Dj Max Fever,Misc,t,2009-01-27,17
2931,Dragon Quest Builders: Revive Alefgard,Role-Playing,t,2018-02-09,17
1246,Brandish: The Dark Revenant,Role-Playing,t,2009-03-19,17
3952,Front Mission,Strategy,t,2007-10-23,17
3409,Eyetoy: Antigrav,Sports,t,2004-11-09,17
3417,F-Zero: Gp Legend,Racing,t,2004-09-20,17
7821,Nhl 2002,Sports,t,2001-09-24,17
9440,Rune Factory: Frontier,Role-Playing,t,2009-03-17,17
9596,Saru! Get You! Pipo Saru Senki,Role-Playing,t,2009-03-19,17
7625,Nba Showtime: Nba On Nbc,Sports,t,1999-10-31,17
849,Battle Chasers: Nightwar,Role-Playing,t,2018-05-15,17
12126,Trace Memory,Adventure,t,2005-09-26,17
10087,Simple Ds Series Vol. 44: The Gal Mahjong,Puzzle,t,2008-09-25,17
719,Backyard Baseball '10,Sports,t,2009-04-28,17
10257,Socom: U.S. Navy Seals,Shooter,t,2002-08-27,17
3670,Fifa World Cup Germany 2006,Sports,t,2006-05-22,17
293,Alien'S Return,Action,t,1983-01-01,17
6437,Mana Khemia: Alchemists Of Al-Revis,Role-Playing,t,2008-04-01,17
8598,Pop'N Music Portable,Misc,t,2010-02-04,17
9597,Saru! Get You! Sarusaru Daisakusen,Action,t,2007-07-26,17
8617,Porky'S,Action,t,1983-01-01,17
4608,Harem Tengoku Da To Omottara Yandere Jigoku Datta,Misc,t,2014-04-24,17
13212,Yuusha No Kuse Ni Namaikida (Psp The Best Sales),Role-Playing,t,2008-08-28,17
717,Backyard Baseball,Sports,t,2003-03-31,17
2439,Dengeki Gakuen Rpg: Cross Of Venus,Role-Playing,t,2009-03-19,17
13251,Zettai Karen Children Ds: Dai-4 No Children,Role-Playing,t,2008-09-04,17
5205,"Iza, Shutsujin! Koisen",Adventure,t,2011-05-26,17
8578,Polaris,Action,t,1983-01-01,17
7574,Nba Courtside 2 Featuring Kobe Bryant,Sports,t,1999-11-08,17
1966,Corpse Party: Blood Drive,Adventure,t,2015-10-13,17
5067,Imagine: Music Fest,Simulation,t,2009-05-12,17
10180,Slide Adventure: Mag Kid,Action,t,2007-08-02,17
8942,Radiant Historia: Perfect Chronology,Role-Playing,t,2018-02-13,17
3099,Durarara!! 3way Standoff: Alley,Adventure,t,2011-08-25,17
3898,Frankenstein'S Monster,Action,t,1983-01-01,17
7735,Net Ghost Pipopa: Pipopa Ds @ Daibouken!!!,Role-Playing,t,2009-02-26,17
12179,Trials Fusion,Misc,t,2014-04-16,17
496,Arcobaleno!,Simulation,t,2009-05-14,17
5209,Izuna: Legend Of The Unemployed Ninja,Role-Playing,t,2007-02-20,17
1326,Buffy The Vampire Slayer: Chaos Bleeds,Action,t,2003-08-28,17
8901,Quickspot,Misc,t,2007-03-19,17
3132,Dynasty Warriors Ds: Fighter'S Battle,Action,t,2007-07-25,17
8450,Phoenix Wright: Ace Attorney Trilogy,Misc,t,2014-04-17,17
9803,Seven Samurai 20xx,Action,t,2004-03-12,17
10120,Singstar Pop Hits,Misc,t,2007-06-13,17
2638,Disney'S Home On The Range,Action,t,2004-03-31,17
7182,Moujuu-Tachi To Ohimesama,Action,t,2016-08-25,17
7467,Naruto Shippuuden: Gekitou Ninja Taisen! Ex 3,Fighting,t,2008-11-27,17
1176,Bomberman,Puzzle,t,2008-09-25,17
8070,One Piece Mansion,Action,t,2001-09-30,17
1745,Chronostacia,Misc,t,2014-04-24,17
4348,Gravity Rush,Action-Adventure,t,2012-06-12,17
13137,Your Four Knight Princesses Training Story,Role-Playing,t,2018-03-08,17
10753,Suikoden Tierkreis,Role-Playing,t,2009-03-17,17
6909,Mission Runway,Simulation,t,2009-05-11,17
7564,Nba 2k2,Sports,t,2002-01-12,17
2763,Dolly Kanon Dokidoki Tokimeki Himitsu No Ongaku Katsudou Start Desu!!,Adventure,t,2014-11-20,17
12941,World Tour Soccer 2003,Sports,t,2003-02-10,17
6451,Marble Saga: Kororinpa,Puzzle,t,2009-03-17,17
11504,The Legend Of Heroes: Sen No Kiseki: Kai -Thors Military Academy 1204-,Role-Playing,t,2018-03-08,17
2999,Dreamer Series: Babysitter,Simulation,t,2009-05-12,17
841,Battalion Wars 2,Strategy,t,2007-10-29,17
2856,Draglade,Fighting,t,2007-12-04,17
10234,Snk Arcade Classics Vol. 1,Misc,t,2008-04-29,17
8839,Puramai Wars V,Action,t,2016-08-25,17
3689,Fighters Uncaged,Fighting,t,2010-11-04,17
4601,Happy My Sweets,Simulation,t,2009-01-09,17
16,007 Racing,Racing,t,2000-11-20,17
468,Ar Tonelico Qoga: Knell Of Ar Ciel,Role-Playing,t,2011-03-15,17
6995,Moe Star: Moeru Toudai Eigojuku,Misc,t,2008-07-31,17
6733,Mermaid Gothic,Adventure,t,2014-11-20,17
8164,Ouma Ga Toki: Kakuriyo No Enishi,Action,t,2016-08-25,17
5499,Junior Brain Trainer 2,Misc,t,2011-02-01,17
11017,Tactical Guild,Role-Playing,t,2008-08-28,17
7220,Mtx Mototrax,Racing,t,2006-06-28,17
4552,Halo: Combat Evolved Anniversary,Shooter,t,2011-11-15,17
2538,Dice: Dna Integrated Cybernetic Enterprises,Shooter,t,2005-09-22,17
7293,My Farm Around The World,Simulation,t,2009-05-11,17
864,Battle Rage,Shooter,t,2009-02-24,17
10396,Spectrobes,Role-Playing,t,2007-03-06,17
4544,Halloween,Action,t,1983-01-01,17
13117,Yonder: The Cloud Catcher Chronicles,Action,t,2017-07-25,17
9905,Shin Megami Tensei: Strange Journey Redux,Role-Playing,t,2018-05-15,17
6281,M&Ms Shell Shocked,Action,t,2001-09-30,17
2386,Death Trap,Action,t,1983-01-01,17
3289,Escape From Bug Island,Action,t,2007-07-25,17
273,Akiba'S Trip 2+A,Adventure,t,2017-02-02,17
5912,Krull,Action,t,1983-01-01,17
3460,Facebreaker K.O. Party,Fighting,t,2008-11-11,17
8692,Primal,Action,t,2003-03-25,17
4120,Gears Of War 4,Shooter,t,2016-10-11,17
1838,Code Geass: Hangyaku No Lelouch,Role-Playing,t,2007-10-25,17
2890,Dragon Ball Z: Budokai Tenkaichi 3,Fighting,t,2007-12-03,17
7706,Negima!? 3-Jikanme ~Koi To Mahou To Sekaiju Densetsu~,Adventure,t,2006-11-16,17
9714,Sega Ages 2500 Series Vol. 32: Phantasy Star Complete Collection,Role-Playing,t,2008-03-27,17
7846,Nhl Hitz 20-02,Sports,t,2001-09-24,17
10915,Super Stardust Ultra Vr,Shooter,t,2016-10-10,17
11346,The Eye Of Judgment,Strategy,t,2007-10-24,17
3619,Ferrari Challenge Trofeo Pirelli Deluxe,Racing,t,2009-05-15,17
11038,Taiko No Tatsujin: Appare Sandaime,Misc,t,2003-10-30,17
10133,Singstar: Ultimate Party,Music,t,2014-10-24,17
5428,Jim Henson'S The Muppets: On With The Show!,Action,t,2003-03-18,17
11360,The First Templar,Adventure,t,2011-05-10,17
9774,Senjou No Waltz,Adventure,t,2014-11-20,17
9772,Sengoku Otome: Legend Battle,Action,t,2016-08-25,17
4062,Gallop Racer 2003: A New Breed,Sports,t,2003-03-31,17
1306,Brothers In Arms: Road To Hill 30,Shooter,t,2005-03-15,17
4107,Garfield: Lasagna World Tour,Action,t,2008-06-27,17
11083,Tales Of Vesperia,Role-Playing,t,2008-08-26,17
9210,Ridge Racer Ds,Racing,t,2004-12-07,17
13030,X-Man,Action,t,1983-01-01,17
8175,Outlaw Golf 2,Sports,t,2004-11-25,17
2128,Cy Girls,Action,t,2004-03-23,17
7390,Namco Classic Fighter Collection,Fighting,t,2008-09-19,17
2565,Digimon World Championship,Role-Playing,t,2008-08-26,17
1931,Congo Bongo,Action,t,1983-01-01,17
7770,Nfl 2k,Sports,t,1999-09-09,17
4199,Girl Time,Simulation,t,2009-05-11,17
1129,Blood Will Tell: Tezuka Osamu'S Dororo,Adventure,t,2004-09-21,17
4740,Help Wanted: 50 Wacky Jobs (Jp Sales),Simulation,t,2009-05-12,17
287,Alfa Romeo Racing Italiano,Racing,t,2006-03-16,17
5313,Jeopardy!,Misc,t,2003-10-28,17
10797,Super Army War,Action,t,2005-02-22,17
3003,Dreamer Series: Shop Owner,Simulation,t,2009-05-12,17
8118,Opoona,Role-Playing,t,2008-03-25,17
5485,Juiced: Eliminator,Racing,t,2006-06-28,17
2055,Crimson Sea 2,Action,t,2004-03-30,17
12937,World Tennis Stars,Sports,t,2004-11-22,17
2436,Demon Gaze,Misc,t,2014-04-22,17
4739,Help Wanted: 50 Wacky Jobs,Simulation,t,2009-05-12,17
6860,Mind Quiz: Your Brain Coach,Misc,t,2007-03-13,17
2811,Dorabase Ds: Dramatic Stadium,Sports,t,2007-12-20,17
12820,Wipeout Pulse,Racing,t,2009-06-19,17
1741,Chronicles Of Mystery: The Secret Tree Of Life,Adventure,t,2011-02-15,17
7545,Nazotoki Battle Tore! Densetsu No Makyuu O Fukkatsu Saseyo!,Action,t,2014-10-02,17
784,Barbie As The Princess And The Pauper,Adventure,t,2004-09-12,17
9631,Scooby-Doo 2: Monsters Unleashed,Action,t,2004-03-16,17
10900,Super Robot Taisen: Scramble Commander The 2nd,Strategy,t,2007-11-01,17
3986,Fushigi No Dungeon: Fuurai No Shiren 3 Portable,Role-Playing,t,2010-01-28,17
13053,Xbox Music Mixer,Misc,t,2003-10-27,17
183,Adventure Time: The Secret Of The Nameless Kingdom,Adventure,t,2014-11-18,17
7930,Nintama Rantarou: Nintama No Tame No Ninjutsu Training,Puzzle,t,2009-03-26,17
9582,San Goku Shi Ds 2,Strategy,t,2007-11-01,17
8682,Pressure Cooker,Action,t,1983-01-01,17
610,Assault,Action,t,1983-01-01,17
5110,Indianapolis 500 Legends,Racing,t,2007-12-19,17
2554,Digimon Racing,Racing,t,2004-09-13,17
2636,Disney'S Hercules / Disney'S The Jungle Book: Groove Party / A Bug'S Life,Misc,t,2003-10-28,17
5388,Jikkyou Powerful Pro Yakyuu 14 Ketteiban,Sports,t,2007-12-20,17
2435,Demon Driver: Time To Burn Rubber!,Racing,t,2004-09-22,17
4291,Goosebumps: The Game,Adventure,t,2015-10-13,17
6438,Mana Khemia: Alchemists Of Al-Revis (Jp Sales),Role-Playing,t,2008-04-01,17
11358,The Fight: Lights Out,Fighting,t,2010-11-09,17
6695,Meiji Toukyou Renka: Full Moon,Action,t,2016-08-25,17
11990,Tomb Raider: Legend,Action,t,2006-06-21,17
4384,Grooverider: Slot Car Thunder,Racing,t,2003-09-26,17
774,Bank Heist,Action,t,1983-01-01,17
7194,Mountain King,Action,t,1983-01-01,17
4256,Godzilla Unleashed,Fighting,t,2007-12-05,17
6912,Mission: Impossible - Operation Surma,Action,t,2004-03-23,17
6544,Max Payne,Shooter,t,2003-12-18,17
10722,Stuntman,Racing,t,2002-06-23,17
6457,Margot'S Word Brain,Puzzle,t,2008-09-23,17
3540,Fantasy Aquarium World,Simulation,t,2009-05-13,17
2741,Dodonpachi Resurrection,Shooter,t,2011-11-04,17
12174,Treasure Report: Kikai Jikake No Isan,Adventure,t,2011-05-26,17
3313,Espn Nfl Primetime 2002,Sports,t,2002-01-22,17
5638,Katekyoo Hitman Reborn! Battle Arena,Fighting,t,2008-09-18,17
365,America'S Test Kitchen: Let'S Get Cooking,Simulation,t,2010-03-28,17
6423,Makai Senki Disgaea Portable: Tsuushin Taisen Hajime Mashita,Role-Playing,t,2007-11-29,17
5039,Ima Sugu Oniichan Ni Imoto Da Tte Iitai!,Misc,t,2014-04-24,17
1971,Cory In The House,Action,t,2008-04-15,17
495,Archer Maclean Presents: Pool Paradise,Sports,t,2004-06-30,17
4112,Gauntlet,Action,t,1983-01-01,17
5808,Kiniro No Corda 2 F,Role-Playing,t,2009-02-26,17
4135,Gekka Ryouran Romance,Adventure,t,2011-09-15,17
4369,Gretzky Nhl 2005,Sports,t,2004-11-09,17
7625,Nba Showtime: Nba On Nbc,Sports,t,1999-11-17,17
9999,Shrek,Platform,t,2001-11-14,17
5738,"Kilari: Na-San, Mon Meilleur Ami",Simulation,t,2010-04-29,17
3446,F1 Racing Championship,Racing,t,2000-10-11,17
7203,Mr. Do!,Action,t,1983-01-01,17
9935,Shining Stars,Action,t,2008-06-23,17
2857,Draglade (Jp Sales),Fighting,t,2007-12-04,17
3116,Dynasty Warriors 4,Action,t,2003-09-05,17
8623,Portal Knights,Role-Playing,t,2018-02-13,17
6872,Minecraft,Misc,t,2014-11-11,17
4787,High School Musical 2: Work This Out!,Misc,t,2008-04-15,17
4598,Happy Feet,Adventure,t,2006-11-13,17
8231,Pachinko Kaou: Misora Hibari,Misc,t,2007-03-21,17
8279,Pariah,Action,t,2005-05-03,17
7261,Mx Superfly Featuring Ricky Carmichael,Racing,t,2002-06-25,17
6339,Mafia,Action,t,2004-03-13,17
235,Aikatsu! 365 Idol Days,Adventure,t,2014-12-04,17
5002,Ice Age,Action,t,2002-03-18,17
5700,Keroro Gunsou: Enshuu Da Yo! Zenin Shuugou Part 2,Action,t,2007-02-22,17
4345,Gravitar,Action,t,1983-01-01,17
7069,Monster Kingdom: Jewel Summoner,Role-Playing,t,2007-02-19,17
10132,Singstar: Ultimate Party,Music,t,2014-10-24,17
12080,Touch 'N' Play Collection,Misc,t,2011-05-10,17
3937,Frogger Beyond,Platform,t,2002-12-11,17
3352,Eve: Valkyrie,Shooter,t,2016-10-13,17
12210,Tron: Evolution - Battle Grids,Racing,t,2010-12-07,17
4364,Greg Hastings Paintball 2,Shooter,t,2010-09-14,17
10933,Superman: Shadow Of Apokolips,Action,t,2003-03-25,17
12329,Ultimate Board Game Collection,Misc,t,2007-08-14,17
10513,Star Driver: Kagayaki No Takuto - Ginga Bishounen Densetsu,Adventure,t,2011-03-03,17
1309,Bruce Lee: Return Of The Legend,Action,t,2003-03-28,17
8103,Onsei Kanjou Sokuteiki: Kokoro Scan,Misc,t,2007-08-16,17
9336,Rollcage Stage Ii,Racing,t,2000-10-10,17
274,Akiba'S Trip Plus,Action-Adventure,t,2012-06-14,17
9332,Rogue Trooper: Quartz Zone Massacre,Shooter,t,2009-11-24,16
4530,Hakuouki: Reimeiroku Portable,Adventure,t,2011-07-28,16
4394,Gt Advance 2: Rally Racing,Racing,t,2002-06-30,16
7558,Nba 2k14,Sports,t,2013-10-01,16
7124,Mortal Kombat: Deception,Fighting,t,2005-03-01,16
11957,Tom Clancy'S Ghost Recon: Predator,Shooter,t,2010-11-16,16
3549,Far Cry Instincts Evolution,Shooter,t,2006-03-28,16
7109,Mortal Kombat (2011),Fighting,t,2011-04-19,16
11798,Thunderbirds,Action,t,2004-08-10,16
6902,Mirai Nikki: 13 Hitome No Nikki Shoyuusha Re-Write,Misc,t,2012-04-26,16
12972,Wrc 7,Racing,t,2017-10-03,16
11748,The Wild Thornberrys: Chimp Chase,Action,t,2001-10-05,16
5058,Imagine: Fashion Party,Simulation,t,2009-02-03,16
470,Arabians Doubt,Misc,t,2014-01-30,16
11118,Tearaway,Platform,t,2013-11-22,16
2707,Disney Violetta: Rhythm & Music,Music,t,2014-09-26,16
8826,Puchi Puchi Virus,Puzzle,t,2009-05-20,16
11290,The Cheetah Girls: Passport To Stardom,Misc,t,2008-08-13,16
6673,Mega Man Xtreme 2,Platform,t,2001-10-30,16
12752,Wild Arms Xf,Role-Playing,t,2008-03-11,16
3451,Fable Iii,Role-Playing,t,2010-10-26,16
6856,Milo'S Astro Lanes,Sports,t,1998-11-24,16
103,7th Dragon,Role-Playing,t,2009-03-05,16
10484,Spy Hunter / Super Sprint,Racing,t,2005-08-16,16
9997,Showtime Championship Boxing,Fighting,t,2007-12-13,16
7838,Nhl Breakaway 99,Sports,t,1998-11-27,16
7417,Nancy Drew: The Deadly Secret Of Olde World Park,Adventure,t,2007-09-18,16
10520,Star Ocean 5: Integrity And Faithlessness,Role-Playing,t,2016-06-28,16
2174,Daito Giken Koushiki Pachi-Slot Simulator: Shake Ii,Misc,t,2007-07-26,16
2288,Darkstalkers Chronicle: The Chaos Tower,Fighting,t,2005-03-24,16
4702,Heart No Kuni No Alice Anniversary Ver.: Wonderful Wonder World,Adventure,t,2011-07-28,16
4055,Galleon: Islands Of Mystery,Action,t,2004-08-03,16
8254,Palais De Reine,Strategy,t,2007-10-18,16
8680,Prehistorik Man,Platform,t,2001-10-16,16
7151,Motogp,Racing,t,2009-03-24,16
8562,Pokémon Crystal Version,Role-Playing,t,2018-01-26,16
5308,Jazz Jackrabbit,Action,t,2003-01-03,16
11778,Thinksmart: Chess For Kids,Misc,t,2011-09-06,16
3034,Dropcast,Puzzle,t,2008-09-22,16
7361,Mystery Dungeon: Shiren The Wanderer,Role-Playing,t,2008-03-04,16
7426,Nanobreaker,Action,t,2005-02-15,16
8035,Oddworld: Munch'S Oddysee,Platform,t,2001-11-06,16
4060,Gallop Racer 2000,Sports,t,2000-02-17,16
12906,World Racing 2,Racing,t,2006-08-15,16
564,Around The World In 80 Days,Action,t,2004-07-05,16
7552,Nba 2k,Sports,t,1999-11-10,16
10419,Spider-Man: Mysterio'S Menace,Action,t,2001-09-19,16
10216,Smiley World: Island Challenge,Puzzle,t,2009-06-09,16
5885,Kong: The Animated Series,Action,t,2002-08-20,16
11548,The Lost Child,Role-Playing,t,2017-08-24,16
10272,Solitaire & Mahjong,Puzzle,t,2009-02-17,16
9098,Red Faction Ii,Shooter,t,2003-03-31,16
10149,Ski-Doo Snowmobile Challenge,Racing,t,2009-03-06,16
13215,Z.H.P. Unlosing Ranger Vs Darkdeath Evilman,Role-Playing,t,2010-10-26,16
11981,Tom Clancy'S Splinter Cell: Pandora Tomorrow,Action,t,2004-03-24,16
9125,Remington Super Slam Hunting: Alaska,Sports,t,2011-04-26,16
10185,Sloane To Machale No Nazo No Monogatari,Puzzle,t,2009-05-21,16
3981,Furu Furu Park,Misc,t,2008-01-17,16
1702,Child Of Eden,Shooter,t,2011-06-14,16
6871,Minecraft,Misc,t,2014-10-07,16
5718,Kidou Senshi Gundam: Extreme Vs,Fighting,t,2011-12-01,16
2941,Dragon Quest Monsters: Joker 2 Professional,Role-Playing,t,2011-03-31,16
2406,Deer Drive: Legends,Shooter,t,2012-05-29,16
12499,Victorious Boxers: Revolution,Fighting,t,2007-10-23,16
2616,Disgaea: Afternoon Of Darkness,Role-Playing,t,2007-10-30,16
2633,Disney'S Donald Duck Advance,Platform,t,2001-11-15,16
2234,Danganronpa 2: Goodbye Despair,Adventure,t,2014-09-02,16
7984,Nodame Cantabile,Misc,t,2007-07-19,16
4045,Galaxy Angel Ii: Eigou Kaiki No Koku,Strategy,t,2009-03-12,16
1603,Catherine,Puzzle,t,2011-07-26,16
9630,Scooby-Doo,Platform,t,2001-11-15,16
1064,Blazblue: Calamity Trigger,Fighting,t,2009-06-30,16
4335,Grand Theft Auto: San Andreas,Action,t,2005-06-07,16
13193,Yu-Gi-Oh! Zexal Clash! Duel Carnival!,Misc,t,2014-09-30,16
4933,Houkago Shounen,Misc,t,2008-01-31,16
455,Apex Construct,Action,t,2018-08-28,16
10105,Singstar Anthems,Misc,t,2006-08-04,16
3327,Etrian Mystery Dungeon 2,Role-Playing,t,2017-08-31,16
9165,Resistance: Burning Skies,Shooter,t,2012-05-29,16
10566,Star Wars: Demolition,Racing,t,2000-11-12,16
9943,Shinobi Koutsutsu,Misc,t,2014-01-30,16
8837,Puppy Luv: Spa And Resort,Simulation,t,2007-09-18,16
10497,Spyro: Season Of Ice,Platform,t,2001-10-29,16
2513,Deus Ex: The Conspiracy,Action,t,2002-03-25,16
8804,Project Spark,Misc,t,2014-10-07,16
10637,Steins;Gate: Senkei Kousoku No Phonogram,Visual Novel,t,2013-04-25,16
11169,Tenchu: Fatal Shadows,Action,t,2005-02-15,16
6557,Maximum Racing: Sprint Cars,Racing,t,2011-05-31,16
3428,F1 2002,Racing,t,2002-06-22,16
10298,Sonic Generations,Platform,t,2011-11-01,16
4434,Guitar Hero Encore: Rocks The 80s,Misc,t,2007-07-24,16
4152,Gensou Suikoden I & Ii,Role-Playing,t,2006-02-23,16
7060,Monster Hunter Generations Ultimate,Action,t,2018-08-28,16
5845,Knight'S Apprentice: Memorick'S Adventures,Action,t,2004-06-15,16
3587,Fatal Frame 2: Wii Edition,Action-Adventure,t,2012-06-28,16
8788,Pro Yakyuu Team O Tsukurou! 2,Sports,t,2003-02-13,16
12314,Ufc Undisputed 2010,Fighting,t,2010-05-25,16
11953,Tom Clancy'S Ghost Recon: Advanced Warfighter,Shooter,t,2006-03-28,16
163,Activision Anthology,Misc,t,2003-12-08,16
8661,Power Rangers: Wild Force,Action,t,2002-08-19,16
7778,Nfl Blitz 2001,Sports,t,2000-09-14,16
7575,Nba Courtside 2002,Sports,t,2002-01-13,16
11224,Tetris Party Deluxe,Puzzle,t,2010-06-01,16
47,187: Ride Or Die,Racing,t,2005-08-23,16
9146,Resident Evil 6,Action,t,2012-10-02,16
2375,Death Connection Portable,Adventure,t,2011-02-03,16
2242,Daniel X: The Ultimate Power,Action,t,2010-01-12,16
413,Animal Genius,Puzzle,t,2007-09-25,16
9856,Shenmue I & Ii,Action-Adventure,t,2018-08-21,16
4696,Hbo Boxing,Fighting,t,2000-11-20,16
9919,Shinigami To Shoujo,Adventure,t,2011-07-28,16
1190,Bomberman Land,Misc,t,2008-01-29,16
2639,Disney'S Kim Possible 2: Drakken'S Demise,Platform,t,2004-09-15,16
8234,Pachipara 14: Fuu To Kumo To Super Umi In Okinawa,Misc,t,2007-07-26,16
9012,Rave Master: Special Attack Force!,Fighting,t,2005-03-08,16
2556,Digimon Rumble Arena 2,Fighting,t,2004-09-03,16
7760,New Play Control! Pikmin,Strategy,t,2009-03-09,16
3500,Famicom Mini: Nazo No Murasame-Jou,Action,t,2004-08-10,16
3319,Espn X Games Skateboarding,Sports,t,2001-08-13,16
1005,Binary Star,Adventure,t,2014-09-04,16
2001,Crash Bandicoot: The Wrath Of Cortex,Platform,t,2001-10-29,16
12692,We Happy Few,Action-Adventure,t,2018-08-10,16
7004,Momotarou Dentetsu 12,Misc,t,2003-12-11,16
7220,Mtx Mototrax,Racing,t,2004-03-02,16
2268,Dark Souls Ii,Role-Playing,t,2015-04-07,16
13116,Yomawari: The Long Night Collection,Action-Adventure,t,2018-10-30,16
11197,Tenshou Gakuen Gekkouroku,Adventure,t,2006-11-22,16
8215,Pac-Man Player'S Choice Bundle,Misc,t,2003-12-02,16
7266,Mx Vs. Atv Supercross,Racing,t,2014-10-28,16
4077,Game Of Thrones,Role-Playing,t,2012-05-15,16
6559,Maximum Racing: Super Truck Racer,Racing,t,2011-05-31,16
11694,The Smurfs,Adventure,t,2011-07-19,16
5233,J Legend Retsuden,Misc,t,2013-11-07,16
148,Ace Attorney Investigations 2,Adventure,t,2011-02-03,16
5904,Kouekizaidan Houjin Nihon Kanji Nouryoku Kentei Kyoukai: Kanken Training,Misc,t,2014-09-25,16
1191,Bomberman Land,Misc,t,2008-01-29,16
7474,Naruto: Clash Of Ninja Revolution,Fighting,t,2007-10-23,16
11981,Tom Clancy'S Splinter Cell: Pandora Tomorrow,Action,t,2004-03-23,16
7849,Nhl Open Ice,Sports,t,1996-11-30,16
8218,Pac-Man World 2,Action,t,2002-03-19,16
8787,Pro Yakyuu Team O Tsukurou!,Sports,t,2008-05-22,16
3706,Final Fantasy Crystal Chronicles: Ring Of Fates,Role-Playing,t,2008-03-11,16
12245,Tube Slider,Racing,t,2003-04-17,16
12417,Usa Today Puzzle Craze,Puzzle,t,2009-02-24,16
6162,Livly Garden,Simulation,t,2010-01-28,16
11935,Tokyo Xtreme Racer Advance,Racing,t,2005-04-20,16
8875,Puzzle Quest: Galactrix,Puzzle,t,2009-02-24,16
7942,Nisenochigiri: Omoide No Saki E,Adventure,t,2011-07-21,16
11612,The Ripping Friends,Action,t,2002-03-24,16
5367,Jikkyou Oshaberi Parodius,Shooter,t,1995-12-15,16
8949,Ragnarok Odyssey,Role-Playing,t,2012-10-30,16
1626,Challenge Me: Maths Workout,Puzzle,t,2009-05-26,16
13010,Wwe Smackdown! Vs. Raw,Fighting,t,2004-11-02,16
10191,Sly 2: Band Of Thieves,Platform,t,2004-09-14,16
10598,Starry * Sky: In Autumn - Psp Edition,Adventure,t,2010-12-22,16
8900,Quick Yoga Training,Misc,t,2008-08-06,16
12103,Touhou Genso Wanderer Reloaded,Role-Playing,t,2018-07-17,16
6424,Make 10: A Journey Of Numbers,Puzzle,t,2008-09-26,16
557,Army Men: Sarge'S War,Shooter,t,2004-08-21,16
2146,D1 Professional Drift Grand Prix Series,Racing,t,2006-08-15,16
9106,Redout,Racing,t,2017-08-29,16
11354,The Fairly Odd Parents: Shadow Showdown,Platform,t,2004-09-08,16
7315,My Little Pony Crystal Princess: Runaway Rainbow,Adventure,t,2006-09-13,16
9503,Saka Agari Hurricane Portable,Adventure,t,2011-07-28,16
8153,Otome Riron To Sono Shuuhen: Bon Voyage,Adventure,t,2016-11-24,16
6809,Mickey'S Speedway Usa,Racing,t,2000-11-13,16
6888,Minna No Conveni,Simulation,t,2010-02-10,16
2661,Disney'S Tarzan Untamed,Platform,t,2001-11-14,16
3405,Eyeshield 21: Field Saikyou No Senshi Tachi,Role-Playing,t,2007-03-08,16
12495,Victor Vran: Overkill Edition,Role-Playing,t,2018-08-28,16
1788,Class Of Heroes,Role-Playing,t,2009-06-09,16
9404,Rugby 18,Sports,t,2017-10-24,16
2357,Dead To Rights: Retribution,Shooter,t,2010-04-27,16
2926,Dragon Booster,Shooter,t,2005-12-07,16
10543,Star Wars Battlefront: Renegade Squadron,Shooter,t,2007-10-09,16
7412,Nanatsuiro * Drops Pure!!,Adventure,t,2007-09-20,16
525,Armored Core 3 Portable,Simulation,t,2009-07-30,16
1202,Boogie,Misc,t,2007-08-07,16
2512,Deus Ex: Mankind Divided,Role-Playing,t,2016-08-23,16
12604,Wantame Fortune Channel,Misc,t,2007-08-09,16
1825,Close Combat: First To Fight,Shooter,t,2005-04-06,16
9713,Sega Ages 2500 Series Vol. 29: Monster World Complete Collection,Role-Playing,t,2007-03-08,16
2808,Dora The Explorer: Super Star Adventures,Adventure,t,2004-11-29,16
9779,Senran Kagura: Bon Appétit!,Music,t,2014-11-11,16
2820,Doraemon: Nobita No Shin Makai Daibouken Ds,Role-Playing,t,2007-03-08,16
12856,Woody Woodpecker In Crazy Castle 5,Platform,t,2003-12-02,16
9026,Rayman 3,Platform,t,2003-03-02,16
2339,Dead Or Alive Ultimate,Fighting,t,2004-10-26,16
8329,Peggle: Dual Shot,Puzzle,t,2009-02-27,16
848,Battle B-Daman,Action,t,2006-07-26,16
2959,Dragon Tamer: Sound Spirit,Role-Playing,t,2007-11-01,16
4572,Hanasaku Manimani,Misc,t,2014-09-25,16
2457,Derby Stallion 04,Sports,t,2004-04-22,16
11866,Tna Impact: Cross The Line,Fighting,t,2010-06-22,16
12423,Uta No * Prince-Sama: Repeat,Adventure,t,2011-08-11,16
11246,The 3rd Birthday,Role-Playing,t,2011-03-29,16
6565,Mcfarlane'S Evil Prophecy,Action,t,2004-06-15,16
7156,Motogp '07,Racing,t,2007-08-27,16
11356,The Fast And The Furious,Racing,t,2006-09-26,16
4264,Gokuhou!! Mecha Mote Iinchou: Girls Motekawa Box,Simulation,t,2009-07-30,16
9576,Samurai Western,Action,t,2005-06-07,16
4414,Guilty Gear Isuka,Fighting,t,2004-11-02,16
12650,Warriors Of The Lost Empire,Role-Playing,t,2007-12-13,16
11981,Tom Clancy'S Splinter Cell: Pandora Tomorrow,Action,t,2004-06-16,16
1083,Blazing Souls: Accelate,Role-Playing,t,2010-10-19,16
9011,Rave Master,Fighting,t,2005-03-08,16
1467,Call Of Duty: Black Ops 3,Shooter,t,2015-11-06,16
2557,Digimon Story: Cyber Sleuth,Role-Playing,t,2016-02-02,16
9991,Short Track Racing: Trading Paint,Racing,t,2009-05-11,16
11505,The Legend Of Heroes: Trails In The Sky,Role-Playing,t,2011-03-29,16
11507,The Legend Of Heroes: Trails In The Sky Fc,Role-Playing,t,2011-03-29,16
7771,Nfl 2k1,Sports,t,2000-09-07,16
7961,No.1 Muscle Ranking - Kinniku Banzuke Vol. 2: Aratanarugenkai Enochousen!,Sports,t,2000-03-23,16
2183,Damnation,Shooter,t,2009-05-26,16
6288,Machi-Ing Maker 3 X Tousouchuu,Simulation,t,2010-01-28,16
833,Batman: Dark Tomorrow,Action,t,2003-03-25,16
3664,Fifa Soccer 97,Sports,t,1996-11-30,16
12651,Warriors Of The Lost Empire (Jp Sales),Role-Playing,t,2007-12-13,16
11760,The World Of Golden Eggs: Nori Nori Uta Dekichatte Kei,Puzzle,t,2009-02-19,16
8366,Pet Pals: New Leash On Life,Simulation,t,2010-02-09,16
11333,The Elder Scrolls Iv: Shivering Isles,Role-Playing,t,2007-10-16,16
3434,F1 2014,Racing,t,2014-10-21,16
1771,City Life Ds,Simulation,t,2009-08-07,16
5023,Ihra Drag Racing: Sportsman Edition,Racing,t,2006-06-28,16
1247,Bratz,Platform,t,2003-03-12,16
4456,Gunbird,Shooter,t,1995-12-15,16
10456,Spongebob Squarepants: Supersponge,Action,t,2001-09-21,16
4329,Grand Theft Auto V,Action,t,2013-09-17,16
3892,Fox Sports College Hoops '99,Sports,t,1998-11-23,16
2,.Hack//G.U. Last Recode,Role-Playing,t,2017-11-03,16
10184,Slingo Quest,Puzzle,t,2008-12-12,16
7098,"Monsters, Inc. Scream Team",Platform,t,2001-10-30,16
2674,Disney Epic Mickey 2: The Power Of Two,Platform,t,2012-11-18,16
11947,Tom Clancy'S Ghost Recon,Shooter,t,2010-11-16,16
12934,World Stadium 4,Sports,t,2000-03-23,16
7006,Momotarou Dentetsu 16,Misc,t,2007-07-19,16
8134,Oretachi Ni Tsubasa Wa Nai,Misc,t,2014-04-10,16
3855,Ford Racing Off Road,Racing,t,2008-09-23,16
833,Batman: Dark Tomorrow,Action,t,2003-03-18,16
5781,King Arthur,Adventure,t,2004-11-18,16
6508,Marvel: Ultimate Alliance,Role-Playing,t,2006-11-14,16
2028,Crazy Chicken: Pharaoh'S Treasure,Puzzle,t,2009-06-11,16
490,Arcania: Gothic 4,Role-Playing,t,2010-10-19,16
13087,Yamaha Supercross,Racing,t,2009-02-24,16
3435,F1 2015,Racing,t,2015-07-21,16
11307,The Crew: Wild Run,Racing,t,2015-11-17,16
12675,Way Of The Samurai 2,Action,t,2004-07-07,16
4134,Gekikuukan Pro Yakyuu: At The End Of The Century 1999,Sports,t,2000-09-07,16
10046,Silent Hill: Shattered Memories,Adventure,t,2009-12-08,16
5070,Imagine: Party Planner,Simulation,t,2010-01-26,16
9571,Samurai Warriors: Katana,Action,t,2008-01-16,16
2788,Doom 3,Shooter,t,2005-04-03,16
7209,Ms Saga: A New Dawn,Role-Playing,t,2006-02-21,16
5781,King Arthur,Adventure,t,2004-11-17,16
11097,Tamagotchi Party On!,Misc,t,2007-05-29,16
6819,Middle-Earth: Shadow Of Mordor,Action,t,2014-09-30,16
2522,Dewy'S Adventure,Platform,t,2007-09-25,16
1653,Championship Surfer,Sports,t,2000-12-04,16
9747,Sengoku Basara 2,Action,t,2006-07-27,16
13086,Yakuza: Kiwami 2,Action,t,2018-08-28,16
5086,Import Tuner Challenge (American Sales),Racing,t,2006-09-26,16
8867,Puzzle Challenge: Crosswords And More!,Puzzle,t,2009-02-28,16
341,Alpha Protocol,Role-Playing,t,2010-06-01,16
10081,Simple Ds Series Vol. 14: The Jidousha Kyoushuujo Ds,Misc,t,2007-05-31,16
13227,Zatch Bell! Mamodo Battles,Fighting,t,2005-10-19,16
2083,Crusty Demons,Racing,t,2006-06-27,16
11332,The Elder Scrolls Iv: Oblivion - Game Of The Year Edition,Role-Playing,t,2007-10-16,16
1353,Burger Island,Simulation,t,2009-05-01,16
12526,Virtua Fighter 5 Online,Fighting,t,2007-10-30,16
7778,Nfl Blitz 2001,Sports,t,2000-09-12,16
7842,Nhl Faceoff 2001,Sports,t,2000-09-05,16
5110,Indianapolis 500 Legends,Racing,t,2007-12-14,16
4157,Germany'S Next Topmodel 2011,Simulation,t,2011-03-18,16
6474,Mario Golf: Advance Tour,Sports,t,2004-06-22,16
7153,Motogp,Racing,t,2006-09-26,16
12026,Too Human,Role-Playing,t,2008-08-19,16
1209,Boom Blox Bash Party,Puzzle,t,2009-05-19,16
10286,Sonic Advance 2,Platform,t,2003-03-09,16
9344,Rollin' Rascals,Puzzle,t,2009-05-12,16
8273,Parappa The Rapper,Misc,t,2007-07-17,16
5087,Import Tuner Challenge (Jp Sales),Racing,t,2006-09-26,16
6185,Looney Tunes Racing,Racing,t,2000-11-13,16
6326,Madden Nfl 2002,Sports,t,2001-08-19,16
3550,Far Cry Instincts Predator,Shooter,t,2006-03-28,16
12424,Uta No * Prince-Sama: Sweet Serenade,Adventure,t,2011-02-10,16
6206,Lost Heroes,Role-Playing,t,2012-09-06,16
3437,F1 2017,Racing,t,2017-08-25,16
7738,Netsu Chu! Pro Yakyuu 2003,Sports,t,2003-04-03,16
60,2 In 1 Combo Pack: Sonic Heroes / Super Monkey Ball Deluxe,Misc,t,2013-10-22,16
1092,Bleach: Heat The Soul,Fighting,t,2005-03-24,16
4046,Galaxy Angel Ii: Mugen Kairou No Kagi,Strategy,t,2007-10-18,16
759,Baldur'S Gate: Dark Alliance Ii,Role-Playing,t,2004-01-20,16
6659,Mega Man X Collection,Misc,t,2006-01-10,16
7108,Mortal Kombat,Fighting,t,2011-04-19,16
12722,Where The Wild Things Are,Platform,t,2009-10-13,16
9859,Shepherd'S Crossing,Simulation,t,2010-05-11,16
11259,The Amazing Spider-Man (2012),Action-Adventure,t,2013-11-19,16
11942,Tom And Jerry Tales,Platform,t,2006-11-07,16
1624,Challenge Me: Brain Puzzles,Puzzle,t,2009-05-26,16
1078,Blazing Angels 2: Secret Missions Of Wwii,Simulation,t,2007-09-18,16
6538,Math Play,Puzzle,t,2007-09-24,16
4736,Hello Neighbor,Action,t,2017-12-08,16
381,Amnesia,Adventure,t,2011-08-18,16
71,3d Baseball,Sports,t,1996-11-27,16
2823,Doraemon: Nobita To Himitsu Dougu Hakubutsukan,Action,t,2013-03-07,16
8869,Puzzle City,Puzzle,t,2009-06-09,16
307,Aliens: Colonial Marines,Shooter,t,2013-02-12,16
5215,J-League Pro Soccer Club O Tsukurou '04,Sports,t,2004-06-24,16
1040,Black Sigil: Blade Of The Exiled,Role-Playing,t,2009-06-09,16
5977,Lapis X Labyrinth,Role-Playing,t,2018-11-29,16
13165,Yu-Gi-Oh! Double Pack,Role-Playing,t,2006-02-21,16
5430,Jimmy Neutron: Boy Genius,Platform,t,2001-11-09,16
5781,King Arthur,Adventure,t,2004-11-16,16
675,Atv Offroad Fury: Blazin' Trails,Racing,t,2005-04-19,16
9892,Shin Megami Tensei Iv Double Hero Pack,Action,t,2018-04-19,16
6626,Mega Man & Bass,Platform,t,2003-03-10,16
808,Bass Landing,Sports,t,2000-09-07,16
7856,Nhra Drag Racing: Countdown To The Championship,Racing,t,2007-08-27,16
47,187: Ride Or Die,Racing,t,2005-08-24,16
6231,Love Plus +,Simulation,t,2010-06-24,16
664,Attack On Titan,Action,t,2016-08-30,16
8101,Onore No Shinzuru Michi Wo Yuke,Puzzle,t,2009-06-11,16
12710,Western Riding Academy,Simulation,t,2010-06-23,16
13021,Wwf Smackdown! 2: Know Your Role,Fighting,t,2000-11-21,16
11670,The Sims 4,Simulation,t,2017-11-17,16
3363,Everybody'S Golf,Sports,t,2017-08-29,16
2321,De Blob 2,Platform,t,2011-02-22,16
11582,The Orange Box,Shooter,t,2007-10-10,16
12664,Wasteland 2,Role-Playing,t,2015-10-13,16
2859,Dragon'S Crown Pro,Role-Playing,t,2018-05-15,16
1840,Code Geass: Hangyaku No Lelouch R2 - Banjou No Geass Gekijou,Misc,t,2008-08-07,16
4115,Gauntlet: Dark Legacy,Action,t,2002-04-15,15
3334,Eureka Seven Ao: Jungfrau No Hanabanatachi,Misc,t,2012-09-20,15
4579,Handball 16,Sports,t,2015-11-27,15
6696,Meiji Toukyou Renka: Twilight Kiss,Action,t,2015-04-23,15
10679,Street Fighter Anniversary Collection,Fighting,t,2005-02-22,15
12931,World Soccer Winning Eleven 9 Bonus Pack,Sports,t,2006-01-26,15
2963,Dragon Zakura Ds,Misc,t,2007-03-08,15
7581,Nba In The Zone 2000,Sports,t,2000-02-18,15
2602,Discovery Kids: Snake Safari,Simulation,t,2010-06-08,15
1799,Classic Nes Series: Metroid,Adventure,t,2004-10-25,15
379,Amf Xtreme Bowling,Sports,t,2006-06-28,15
9763,Sengoku Hime 3: Tenka O Kirisaku Hikari To Kage,Misc,t,2012-03-29,15
11501,The Legend Of Heroes: A Tear Of Vermillion,Role-Playing,t,2005-11-15,15
4840,Hisshou Pachinko*Pachi-Slot Kouryaku Series Vol.10: Cr Shinseiki Evangelion: Kiseki No Kachi,Misc,t,2007-06-07,15
7785,Nfl Gameday 2002,Sports,t,2001-08-06,15
1206,Bookworm,Puzzle,t,2009-12-08,15
10352,Sousei No Onmyouji,Adventure,t,2017-01-26,15
472,Arabians Lost: The Engagement On Desert,Misc,t,2012-06-28,15
7446,Naruto Shippuden: Clash Of Ninja Revolution Iii,Fighting,t,2009-11-17,15
11489,The Land Before Time: Into The Mysterious Beyond,Platform,t,2006-04-13,15
7504,Nascar 2011: The Game,Racing,t,2011-05-24,15
12465,Vampire Mansion: Linda Hyde,Adventure,t,2011-09-01,15
2470,Derby Tsuku 5: Derby Uma O Tsukurou!,Sports,t,2006-01-19,15
7906,Nike+ Kinect Training,Sports,t,2012-10-30,15
13088,Yamakawa Shuppansha Kanshuu: Shousetsu Nihonshi B,Misc,t,2007-06-07,15
8660,Power Rangers: Time Force,Action,t,2001-09-15,15
11509,The Legend Of Heroes: Trails In The Sky Sc,Role-Playing,t,2007-12-20,15
11718,The Three Stooges,Action,t,2002-03-31,15
12485,Vegas Casino,Misc,t,2007-07-10,15
2739,Dodonpachi Dai-Oujou: Black Label Extra,Shooter,t,2009-02-19,15
12445,V-Rally Edition 99,Racing,t,1999-08-31,15
12051,Top Trumps: Horror & Predators,Strategy,t,2007-10-12,15
7222,Muchi Muchi Pork & Pink Sweets,Shooter,t,2011-02-24,15
6508,Marvel: Ultimate Alliance,Role-Playing,t,2006-11-17,15
9403,Rugby 15,Sports,t,2015-02-24,15
6781,Metal Slug Advance,Shooter,t,2004-12-02,15
6326,Madden Nfl 2002,Sports,t,2001-08-13,15
3640,Fifa 99,Sports,t,1998-11-30,15
3854,Ford Racing Off Road,Racing,t,2008-09-23,15
11510,The Legend Of Heroes: Trails In The Sky Sc Evolution,Role-Playing,t,2015-12-10,15
9769,Sengoku Musou 3 Z,Action,t,2011-02-10,15
3730,Final Fantasy Xi: Treasures Of Aht Urhgan,Role-Playing,t,2006-04-18,15
8340,Penpen Triicelon,Racing,t,1999-09-09,15
11465,The King Of Fighters 02/03,Fighting,t,2005-03-15,15
9771,Sengoku Musou 3: Moushouden,Action,t,2011-02-10,15
12228,True Swing Golf,Sports,t,2006-01-23,15
10471,Sports Champions 2,Sports,t,2012-10-30,15
4686,Haunting Ground,Action,t,2005-05-10,15
4593,Happiness! De-Lucks,Adventure,t,2007-01-25,15
10778,Summon Night 2,Role-Playing,t,2008-08-07,15
5951,Kyoukai No Shirayuki,Action,t,2016-05-26,15
10160,Skydiving Extreme,Sports,t,2001-08-09,15
9990,"Shooting Love, 200x",Shooter,t,2009-02-19,15
11880,Toaru Majutsu No Index,Adventure,t,2011-01-27,15
10478,Sprint Cars: Road To Knoxville,Racing,t,2006-07-26,15
4515,Hakuoki: Reimeiroku Nagorigusa,Misc,t,2012-06-28,15
12335,Ultimate Fighting Championship,Fighting,t,2000-11-13,15
4802,Higurashi No Naku Koro Ni Matsuri,Adventure,t,2007-02-22,15
5328,Jet Moto 3,Racing,t,1999-08-31,15
3582,Fast Food Panic,Simulation,t,2010-01-27,15
10855,Super Pickups,Racing,t,2009-03-17,15
3209,Eiyuu Densetsu: Sora No Kiseki Fc & Sc Kanzenban,Role-Playing,t,2007-12-20,15
9479,Saga 3: Jikuu No Hasha - Shadow Or Light,Role-Playing,t,2011-01-06,15
1951,Cooking Mama 4: Kitchen Magic!,Simulation,t,2011-11-15,15
6679,Mega Man Zx,Platform,t,2006-09-12,15
12622,"Warhammer 40,000: Deathwatch",Action,t,2018-08-14,15
3403,Eyepet Adventures,Simulation,t,2011-11-11,15
11090,Tamagotchi No Appare! Niji Venture,Role-Playing,t,2007-03-29,15
13089,Yamakawa Shuppansha Kanshuu: Shousetsu Sekaishi B,Misc,t,2007-06-07,15
6707,Memories Off #5: Encore,Adventure,t,2007-07-12,15
3812,Florist Shop,Simulation,t,2010-09-21,15
11988,Tomb Raider: Anniversary,Action,t,2007-08-09,15
3210,Eiyuu Densetsu: Sora No Kiseki Material Collection Portable,Role-Playing,t,2007-12-20,15
1710,Chocobo To Mahou No Ehon: Majo To Shoujo To 5-Jin No Yuusha,Role-Playing,t,2008-12-11,15
11629,The Simpsons Game,Platform,t,2007-11-05,15
1870,Colin Mcrae Rally 3,Racing,t,2003-04-22,15
11084,Tales Of Zestiria,Role-Playing,t,2015-10-20,15
7082,Monster Rancher Evo,Role-Playing,t,2006-04-13,15
9379,Rose To Tasogare No Kojou,Action,t,2016-04-26,15
12128,Trackmania Ds,Racing,t,2009-03-17,15
8671,Powerplay Tennis,Sports,t,2008-02-01,15
1711,Chocobo To Mahou No Ehon: Special Package,Role-Playing,t,2008-12-11,15
13236,Zero Cho Aniki,Shooter,t,2009-03-19,15
8478,Pimp My Ride: Street Racing,Racing,t,2009-03-24,15
9636,Scooby-Doo! Mystery Mayhem,Adventure,t,2004-03-02,15
3257,Enchanted Arms,Role-Playing,t,2007-04-03,15
9327,Rogue Galaxy: Director'S Cut,Role-Playing,t,2007-03-21,15
7536,Naval Assault: The Killing Tide,Simulation,t,2010-06-15,15
13244,Zero No Tsukaima: Shou-Akuma To Harukaze No Concerto,Adventure,t,2007-02-15,15
330,All Star Tennis 99,Sports,t,1999-08-31,15
13148,Ys Vs. Sora No Kiseki: Alternative Saga,Action,t,2010-07-29,15
4192,Gintama Gin-Oh Quest: Gin-San Ga Tenshoku Shitari Sekai Wo Sukuttari,Role-Playing,t,2007-12-06,15
1822,Clock Zero: Shuuen No Ichibyou - Extime,Action,t,2015-04-23,15
5216,J-League Pro Soccer Club O Tsukurou!,Sports,t,1999-09-30,15
4095,Ganbaru Watashi No Kakei Diary,Misc,t,2007-07-12,15
2353,Dead Space Extraction,Shooter,t,2009-09-28,15
7237,Mushihimesama Futari Ver 1.5,Shooter,t,2009-11-26,15
4563,Hamtaro: Ham-Ham Heartbreak,Action,t,2003-04-08,15
1197,Bomberman Story Ds,Role-Playing,t,2008-03-07,15
13147,Ys Viii: Lacrimosa Of Dana,Role-Playing,t,2018-06-26,15
1506,Capcom Digital Collection,Misc,t,2012-03-27,15
2135,Cybertiger,Sports,t,1999-09-30,15
6518,Mashiro Iro Symphony: *Mutsu-No-Hana,Adventure,t,2011-06-30,15
951,Berserk And The Band Of The Hawk,Action,t,2017-02-21,15
6892,Minna No Golf Jou Vol.1,Sports,t,2007-05-31,15
10302,Sonic Mania,Platform,t,2017-08-15,15
5799,Kingdom Hearts: The Story So Far,Role-Playing,t,2018-10-30,15
13032,X-Men Legends Ii: Rise Of Apocalypse,Role-Playing,t,2005-09-20,15
1471,Call Of Duty: Ghosts,Shooter,t,2013-11-05,15
7075,Monster Radar,Action,t,2011-12-17,15
9564,Samurai Warriors 3z,Action,t,2011-02-10,15
2649,Disney'S Magical Quest 3 Starring Mickey And Donald,Action,t,2005-06-14,15
9114,Regular Show: Mordecai & Rigby In 8-Bit Land,Action-Adventure,t,2013-10-29,15
2946,Dragon Quest X: All In One Package,Role-Playing,t,2015-12-03,15
10503,Srs: Street Racing Syndicate,Racing,t,2005-10-04,15
95,50 Classic Games,Misc,t,2012-03-27,15
4291,Goosebumps: The Game,Adventure,t,2018-10-09,15
1042,Black Wolves Saga: Weiss Und Schwarz,Adventure,t,2017-01-26,15
4892,Horses 3d,Misc,t,2012-03-27,15
2579,Dino Pets,Simulation,t,2009-07-21,15
7931,Nintendo Ds Browser,Misc,t,2007-06-04,15
13060,Xenoblade Chronicles X,Role-Playing,t,2015-12-04,15
4140,Generation Of Chaos 6,Misc,t,2013-02-19,15
12430,Uta No Prince-Sama: Repeat Love,Adventure,t,2017-01-28,15
11078,Tales Of Rebirth,Role-Playing,t,2008-03-19,15
6919,Miyako: Awayuki No Utage,Misc,t,2012-04-19,15
8675,Poyopoyo Observation Diary,Misc,t,2012-04-05,15
2354,Dead To Rights,Shooter,t,2004-12-03,15
9588,Sangoku Hime 4: Tenka Ryouran - Tenmei No Koi Emaki,Action,t,2016-05-26,15
1343,Bullet Girls: Phantasia,Action,t,2018-08-09,15
2316,Days Of Thunder: Nascar Edition,Racing,t,2011-05-24,15
12780,Winning Post 4,Sports,t,1999-09-18,15
13314,Zwei!!,Role-Playing,t,2008-12-11,15
6692,Megatagmension Blanc + Neptune Vs Zombies,Action,t,2016-05-10,15
9262,Road Rash 64,Racing,t,1999-08-31,15
7135,Mother 3,Role-Playing,t,2006-04-20,15
6247,Luigi'S Mansion,Adventure,t,2018-10-12,15
12393,Unreal Championship 2: The Liandri Conflict,Shooter,t,2005-04-18,15
13018,Wwf No Mercy,Fighting,t,2000-11-17,15
12339,Ultimate Ghosts 'N Goblins (Jp Sales),Platform,t,2006-08-29,15
8880,Puzzler World,Puzzle,t,2009-12-08,15
9498,Saints Row: Gat Out Of Hell,Action,t,2015-01-20,15
9718,Sega Bass Fishing,Sports,t,1999-09-30,15
9993,"Shounen Onmyouji: Tsubasa Yoima, Ten E Kaere",Adventure,t,2007-07-19,15
10321,Soshite Kono Uchuu Ni Kirameku Kimi No Shi Xxx,Adventure,t,2007-02-22,15
12338,Ultimate Ghosts 'N Goblins,Platform,t,2006-08-29,15
8004,Nounai Aeshe: Iq Suppli Ds,Misc,t,2006-12-21,15
10216,Smiley World: Island Challenge,Puzzle,t,2009-04-28,15
4094,Ganbare Goemon: Toukai Douchuu Ooedo Tengurigaeshi No Maki,Action,t,2005-06-23,15
4839,Hisshou Pachinko*Pachi-Slot Kouryaku Series Vol. 9: Cr Fever Captain Harlock,Misc,t,2007-03-08,15
3725,Final Fantasy Xi: All-In-One Pack 2006,Role-Playing,t,2006-04-20,15
10005,Shrek 2: Beg For Mercy,Adventure,t,2004-10-27,15
2446,Densetsu No Stafi 4,Platform,t,2006-04-13,15
1655,Chaos Legion,Action,t,2003-08-06,15
7185,Moujuutsukai To Oujisama Portable,Adventure,t,2011-06-30,15
10325,Souhashiki Gadget Robo,Role-Playing,t,2008-12-11,15
12690,We Dance,Misc,t,2011-09-02,15
2368,Deal Or No Deal,Misc,t,2007-07-23,15
12939,World Tour Soccer 06,Sports,t,2006-06-27,15
3075,Dungeon Maker Ii: The Hidden War,Role-Playing,t,2008-12-09,15
4260,Godzilla: Save The Earth,Fighting,t,2004-11-02,15
9563,Samurai Warriors 3: Xtreme Legends,Action,t,2011-02-10,15
1967,Corpse Party: Book Of Shadows,Adventure,t,2011-09-01,15
1706,Cho~Ricchi! Tamagotchi No Puchi Puchi Omisecchi,Misc,t,2012-04-19,15
6083,Let'S Paint,Simulation,t,2010-05-25,15
6033,Lego City Undercover,Platform,t,2017-04-04,15
8597,Pop'N Music 14 Fever!,Misc,t,2007-07-12,15
8126,Ore No Imouto Ga Konna Ni Kawaii Wake Ga Nai Portable,Adventure,t,2011-01-27,15
3848,Ford Mustang: The Legend Lives,Racing,t,2005-04-19,15
9783,Senritsu No Stratus,Role-Playing,t,2011-10-27,15
12753,Wild Arms: Alter Code F,Role-Playing,t,2005-11-15,15
6304,Madagascar,Platform,t,2005-05-23,15
3402,Eyepet & Friends,Simulation,t,2011-11-15,15
1325,Buffy The Vampire Slayer,Action,t,2002-08-18,15
1600,Cat Quest,Adventure,t,2018-10-09,15
5077,Imagine: Teacher,Simulation,t,2008-08-12,15
6346,Magi: The Labyrinth Of Beginning,Misc,t,2013-02-21,15
11933,Tokyo Xtreme Racer,Racing,t,1999-08-31,15
9166,Resistance: Retribution,Shooter,t,2009-03-17,15
10930,Superdimension Neptunia Vs Sega Hard Girls: Yume No Gattai Special,Role-Playing,t,2016-10-18,15
5800,Kingdom Of Paradise,Role-Playing,t,2005-11-15,15
1804,Classic Nes Series: Zelda Ii: The Adventure Of Link,Adventure,t,2004-10-25,15
7016,Monaco Grand Prix,Racing,t,1999-09-01,15
2876,Dragon Ball Gt: Transformation,Action,t,2005-08-09,15
5041,Imagine Animal Doctor Care Center,Simulation,t,2010-05-18,15
1793,Classic Nes Series: Bomberman,Action,t,2004-06-02,15
10416,Spider-Man: Battle For New York,Platform,t,2006-11-14,15
8833,Punch Line,Adventure,t,2018-10-09,15
11329,The Elder Scrolls Iv: Oblivion,Role-Playing,t,2007-03-20,15
11977,Tom Clancy'S Splinter Cell: Chaos Theory,Action,t,2005-06-28,15
9381,Routes Pe,Adventure,t,2007-01-25,15
13151,Ys: The Oath In Felghana,Role-Playing,t,2010-11-02,15
661,Atsumare! Power Pro Kun No Ds Koushien,Sports,t,2006-08-03,15
10315,Sora No Otoshimono Forte: Dreamy Season,Adventure,t,2011-01-27,15
1845,Code Of  Princess Ex,Action,t,2018-07-31,15
5794,Kingdom Hearts Ii: Final Mix +,Role-Playing,t,2007-03-29,15
11972,Tom Clancy'S Rainbow Six: Vegas 2,Shooter,t,2008-03-19,15
11568,The Mummy Returns,Action,t,2001-10-03,15
11857,Titan Quest,Action,t,2018-07-31,15
3258,Enchanted Arms (Jp Sales),Role-Playing,t,2007-04-03,15
5430,Jimmy Neutron: Boy Genius,Platform,t,2002-12-17,15
5620,Karaoke Revolution,Misc,t,2003-10-24,15
6452,Marc Ecko'S Getting Up: Contents Under Pressure,Action,t,2006-02-14,15
9888,Shin Koihime Musou: Otome Taisen * Sangokushi Engi,Misc,t,2014-02-20,15
561,Army Of Two: The 40th Day,Shooter,t,2010-01-12,15
6686,Megadimension Neptunia Viir,Role-Playing,t,2018-05-08,15
8846,Pursuit Force,Racing,t,2006-03-07,15
6774,Metal Max Xeno,Role-Playing,t,2018-04-19,15
12013,Tony Hawk'S Pro Skater,Sports,t,1999-08-31,15
862,Battle Of The Bands,Misc,t,2008-04-21,15
4319,Grand Prix Challenge,Racing,t,2003-03-03,15
4449,Gumby Vs. The Astrobots,Action,t,2005-08-09,15
8702,Prince Of Persia: The Sands Of Time,Adventure,t,2003-10-30,15
3076,Dungeon Maker Ii: The Hidden War (Jp Sales),Role-Playing,t,2008-12-09,15
11750,The Witch And The Hundred Knight,Role-Playing,t,2016-03-01,15
6948,Mlb Slugfest 20-04,Sports,t,2003-03-18,15
9681,Sea Monsters: A Prehistoric Adventure,Adventure,t,2008-01-07,15
138,Aa Megami-Samaa,Adventure,t,2007-02-22,15
9476,Safecracker: The Ultimate Puzzle Adventure,Puzzle,t,2009-12-07,15
13200,Yumeiro Patissiere: My Sweets Cooking,Simulation,t,2010-05-27,15
10126,Singstar Summer Party,Misc,t,2008-04-25,15
9808,Shadow Hearts: Covenant,Role-Playing,t,2004-09-27,15
7819,Nhl 2000,Sports,t,1999-09-30,15
11333,The Elder Scrolls Iv: Shivering Isles,Role-Playing,t,2007-12-08,15
11999,Tomoyo After: It'S A Wonderful Life Cs Edition,Adventure,t,2007-01-25,15
8872,Puzzle Kingdoms,Puzzle,t,2009-05-12,15
5184,Iron Phoenix,Fighting,t,2005-03-25,15
3941,Frogger: The Great Quest,Platform,t,2001-11-18,15
2432,Demolition Racer,Racing,t,1999-08-31,15
10492,Spyro Orange: The Cortex Conspiracy,Action,t,2004-06-03,15
11852,Tiny Toon Adventures: Plucky'S Big Adventure,Action,t,2001-10-02,15
6324,Madden Nfl 2000,Sports,t,1999-08-31,15
1665,Charademaniacs,Action,t,2018-08-09,15
2458,Derby Stallion 64,Sports,t,2001-08-10,15
6732,Mercury Meltdown Revolution,Action,t,2007-08-14,15
9923,Shining Force Exa,Role-Playing,t,2007-03-20,15
12260,Tv Anime Idolm@Ster: Cinderella Girls G4u! Pack Vol.1,Action,t,2015-04-23,15
4983,I Am Setsuna,Role-Playing,t,2016-10-01,15
10163,Skylanders Swap Force,Platform,t,2013-11-22,15
10099,Sing4: The Hits Edition,Misc,t,2011-08-30,15
5660,Kawaii Koneko Ds 2,Simulation,t,2009-07-23,15
4239,God Eater 2: Rage Burst,Role-Playing,t,2016-10-01,15
9895,Shin Megami Tensei: Devil Summoner - Raidou Kuzunoha Vs The Soulless Army,Role-Playing,t,2006-10-10,15
2974,Dramatic Dungeon: Sakura Wars - Kimi Arugatame,Role-Playing,t,2008-03-19,15
3848,Ford Mustang: The Legend Lives,Racing,t,2005-04-20,15
7792,Nfl Quarterback Club 2000,Sports,t,1999-08-31,15
151,Ace Combat: Assault Horizon Legacy,Simulation,t,2011-11-15,15
813,Bass Rise,Sports,t,1999-09-30,15
2461,Derby Stallion 99,Sports,t,1999-09-30,15
8055,Okami Hd,Action,t,2018-08-09,15
11972,Tom Clancy'S Rainbow Six: Vegas 2,Shooter,t,2008-03-18,15
11616,The Scorpion King: Sword Of Osiris,Action,t,2002-03-31,15
12236,Tsuku Monogatari,Adventure,t,2011-01-27,15
1849,Code: Realize - Guardian Of Rebirth,Adventure,t,2015-10-20,15
12380,Unending Bloody Call,Misc,t,2012-06-28,15
4482,Gunparade Orchestra: Ao No Shou,Adventure,t,2006-07-20,15
11354,The Fairly Odd Parents: Shadow Showdown,Platform,t,2004-09-20,15
2383,Death Note: Kira Game,Adventure,t,2007-02-15,15
11939,Tom And Jerry In Fists Of Furry,Fighting,t,2000-11-12,15
6358,Magical Zunou Power!!,Action,t,2008-12-25,15
9382,Routes Portable,Adventure,t,2007-01-25,15
13083,Yakuza Zero,Adventure,t,2017-01-24,15
1661,Chaos;Head - Love Chu*Chu!,Adventure,t,2011-01-27,15
1366,Burnout Revenge,Racing,t,2006-03-07,15
9170,Restaurant Tycoon,Simulation,t,2010-05-28,15
8519,Planet Monsters,Action,t,2001-12-06,15
7367,Mystery Stories: Curse Of The Ancient Spirits,Adventure,t,2011-06-28,15
6365,Magna Carta: Tears Of Blood,Role-Playing,t,2005-11-16,15
4717,Heisei Kyouiku Linkai Ds,Misc,t,2006-12-21,15
2384,Death Note: L O Tsugu Mono,Adventure,t,2007-07-12,15
6245,Lufia: Curse Of The Sinistrals,Role-Playing,t,2010-10-12,15
6329,Madden Nfl 2005,Sports,t,2004-11-17,15
7841,Nhl Faceoff 2000,Sports,t,1999-08-31,15
10058,Silverlicious,Misc,t,2012-03-13,15
8280,Paris-Dakar Rally,Racing,t,2001-10-09,15
2799,Dora The Explorer Double Pak,Adventure,t,2007-02-05,15
9034,Rayman Raving Rabbids,Misc,t,2007-03-06,15
7713,Nendoroid Generation,Role-Playing,t,2012-02-23,15
10929,Superdimension Neptune Vs Sega Hard Girls,Role-Playing,t,2016-10-18,15
11181,Tenkai Knights: Brave Battle,Action,t,2014-10-07,15
12167,Trauma Team,Simulation,t,2010-05-18,15
11873,To Heart 2: Dungeon Travelers,Adventure,t,2011-06-30,15
1342,Bullet Girls: Phantasia,Action,t,2018-08-09,15
8932,Race Driver 2006,Racing,t,2006-06-06,14
1509,Capcom Vs. Snk,Fighting,t,2000-11-09,14
5847,Knights In The Nightmare,Role-Playing,t,2009-06-03,14
5768,Kinect Sports: Ultimate Collection,Misc,t,2012-09-18,14
2341,Dead Or Alive Xtreme 3: Fortune,Sports,t,2016-03-24,14
915,Beatmania,Simulation,t,2006-03-28,14
1999,Crash Bandicoot Purple: Ripto'S Rampage,Platform,t,2004-06-03,14
1959,Cool Boarders 3,Sports,t,1998-10-28,14
6747,Metal Gear Online,Action,t,2008-06-12,14
2917,Dragon Ball: Fusions,Role-Playing,t,2016-11-22,14
6789,Metro: Last Light,Shooter,t,2013-05-14,14
6180,London 2012: The Official Video Game Of The Olympic Games,Sports,t,2012-06-26,14
8478,Pimp My Ride: Street Racing,Racing,t,2009-03-16,14
2276,Darkest Dungeon,Role-Playing,t,2018-04-24,14
4868,Home Sweet Home (2017),Adventure,t,2018-10-16,14
1173,Boku To Nurse No Kenshuu Nisshi,Visual Novel,t,2018-08-23,14
11864,Tmnt: Mutant Melee,Fighting,t,2005-03-16,14
7215,Mtv Celebrity Deathmatch,Fighting,t,2003-10-14,14
6295,Macross 30: Voices Across The Galaxy,Action,t,2013-02-28,14
883,Battlefield 4,Shooter,t,2013-10-29,14
12279,Twisted Edge Extreme Snowboarding,Sports,t,1998-11-10,14
1801,Classic Nes Series: Super Mario Bros.,Platform,t,2004-06-02,14
11864,Tmnt: Mutant Melee,Fighting,t,2005-03-15,14
1234,Brain Age: Concentration Training,Misc,t,2013-02-10,14
163,Activision Anthology,Misc,t,2002-11-25,14
10867,Super Robot Monkey Team: Game Boy Advance Video Volume 1,Misc,t,2005-04-04,14
8709,Princess Evangile Portable,Misc,t,2012-04-12,14
464,Aquapazza: Aquaplus Dream Match,Misc,t,2013-11-19,14
11516,The Legend Of Heroes: Trails Of Cold Steel Ii,Role-Playing,t,2016-09-06,14
11478,The King Of Fighters Xii,Fighting,t,2009-07-28,14
13101,Yattaman Ds: Bikkuridokkiri Daisakusen Da Koron,Action,t,2008-04-24,14
10622,Steamworld Dig 2,Platform,t,2018-06-19,14
12583,Wakeboarding Unleashed Featuring Shaun Murray,Sports,t,2003-06-10,14
7682,Need For Speed (2015),Racing,t,2015-11-03,14
8477,Pimp My Ride,Racing,t,2008-02-19,14
12849,Wonder Boy: The Dragon'S Trap (Remake),Platform,t,2017-04-18,14
9346,Romance Of The Three Kingdoms 13 With Power-Up Kit,Misc,t,2017-02-16,14
2735,Doctor Lautrec And The Forgotten Knights,Adventure,t,2011-12-13,14
10427,Spintires: Mudrunner,Simulation,t,2017-10-31,14
10175,Sled Storm,Racing,t,2002-03-11,14
9318,Rocksmith 2014,Music,t,2013-10-22,14
6534,Matchbox Cross Town Heroes,Racing,t,2002-07-14,14
6069,Lego Worlds,Misc,t,2017-03-07,14
5923,Kung Fu Panda: Showdown Of Legendary Legends,Action,t,2015-11-27,14
7085,Monster Truck Madness,Racing,t,2003-08-11,14
3173,Earthpedia,Misc,t,2012-04-11,14
10792,Sunday Vs Magazine Shuuketsu! Choujou Daikessen,Fighting,t,2009-03-26,14
469,Ar Tonelico: Melody Of Elemia,Role-Playing,t,2007-02-06,14
11015,Tabi No Yubisashi Kaiwachou Ds: Ds Series 4 America,Misc,t,2006-04-27,14
6553,Maximum Racing: Crash Car Racer,Racing,t,2011-03-29,14
9701,Secret Game: Killer Queen,Action,t,2008-08-21,14
4970,Hyperdimension Neptunia Mk2,Role-Playing,t,2012-02-28,14
9548,Samurai Shodown Anthology (Jp Sales),Fighting,t,2009-03-24,14
9490,Saint Seiya Omega: Ultimate Cosmo,Misc,t,2012-11-29,14
8990,Rapala Fishing Pro Series,Simulation,t,2017-10-24,14
8800,Project Hacker: Kakusei,Action,t,2006-07-13,14
12494,Vexx,Platform,t,2003-02-10,14
10781,Summon Night 4,Role-Playing,t,2012-11-15,14
9928,Shining Force Neo,Role-Playing,t,2005-10-20,14
6370,Mahjong * Dream C Club,Misc,t,2012-04-05,14
2661,Disney'S Tarzan Untamed,Platform,t,2001-11-17,14
2756,Dokidoki Majo Shinpan!,Adventure,t,2007-07-05,14
2380,Death Jr.: Root Of Evil,Platform,t,2008-05-27,14
7154,Motogp,Racing,t,2002-03-08,14
1169,Boku No Natsuyasumi 3: Hokkoku Hen: Chiisana Boku No Dai Sougen​,Adventure,t,2007-07-05,14
5126,Initial D: Street Stage,Racing,t,2006-02-23,14
10593,Stardew Valley,Simulation,t,2017-04-11,14
6662,Mega Man X Legacy Collection 1+2,Platform,t,2018-07-24,14
1238,Brain Challenge,Misc,t,2008-01-08,14
3158,Ea Sports Ufc 2,Sports,t,2016-03-15,14
4459,Gundam Battle Assault,Fighting,t,2000-11-06,14
10411,Spider-Man,Action,t,2000-11-21,14
2845,Downtown No Gaki No Tsukai Yaarahen De!! Zettai Ni Tsukamatte Haikenai Gasu Kurobikari Land,Action,t,2015-12-17,14
7870,Nicktoons Collection: Game Boy Advance Video Volume 3,Misc,t,2005-04-04,14
10339,Soulcalibur Ii,Fighting,t,2003-08-27,14
7065,Monster Jam: Crush It,Racing,t,2017-01-17,14
129,A Sound Of Thunder,Action,t,2005-02-01,14
410,Animal Boxing,Fighting,t,2008-12-02,14
11970,Tom Clancy'S Rainbow Six: Siege,Shooter,t,2015-12-01,14
2861,Dragon'S Dogma Online,Role-Playing,t,2015-08-27,14
9838,Shape Up,Sports,t,2014-11-11,14
363,America'S Next Top Model,Simulation,t,2010-06-01,14
5852,Knockout Kings 2001,Fighting,t,2000-10-30,14
9466,Sabre Wulf,Platform,t,2004-06-09,14
2379,Death Jr. Ii: Root Of Evil,Platform,t,2006-10-31,14
6500,Marvel Super Heroes,Fighting,t,1997-09-29,14
6563,Mazes Of Fate Ds,Role-Playing,t,2008-08-22,14
12258,Turok: Evolution,Shooter,t,2002-08-26,14
12475,Van Helsing,Action,t,2004-05-06,14
2342,Dead Or Alive Xtreme 3: Venus,Sports,t,2016-03-24,14
11157,Tekken Tag Tournament,Fighting,t,2000-10-25,14
5641,Katekyoo Hitman Reborn! Ds Fate Of Heat Iii - Yuki No Shugosha Raishuu!,Role-Playing,t,2010-04-29,14
2950,Dragon Rage,Shooter,t,2001-11-27,14
6370,Mahjong * Dream C Club,Misc,t,2012-03-29,14
1365,Burnout Paradise: The Ultimate Box,Racing,t,2009-02-06,14
8200,Owlboy,Platform,t,2018-05-29,14
7920,Ninja Gaiden Sigma 2,Action,t,2013-02-26,14
2994,Dream Pinball 3d,Misc,t,2008-04-22,14
2486,Destiny 2,Shooter,t,2017-09-06,14
7795,Nfl Quarterback Club 99,Sports,t,1998-11-10,14
11865,Tna Impact!,Fighting,t,2008-09-16,14
1415,Cabela'S Big Game Hunter 2005 Adventures,Sports,t,2004-11-23,14
4335,Grand Theft Auto: San Andreas,Action,t,2012-12-11,14
2374,Death By Degrees,Action,t,2005-02-08,14
6554,Maximum Racing: Drag & Stock Racer,Racing,t,2011-03-15,14
12814,Wipeout 3,Racing,t,1999-09-30,14
5766,Kinect Sports Rivals,Sports,t,2014-04-08,14
2498,Destruction Derby 64,Racing,t,1999-09-30,14
4356,Great Battle Full Blast,Fighting,t,2012-03-01,14
11708,The Sum Of All Fears,Action,t,2003-01-09,14
4932,Hottarake No Shima: Kanata To Nijiiro No Kagami,Role-Playing,t,2009-08-06,14
1870,Colin Mcrae Rally 3,Racing,t,2003-02-18,14
1415,Cabela'S Big Game Hunter 2005 Adventures,Sports,t,2004-12-09,14
10149,Ski-Doo Snowmobile Challenge,Racing,t,2009-04-01,14
104,7th Dragon 2020,Role-Playing,t,2011-11-23,14
6920,Mlb,Sports,t,2005-04-12,14
1028,Black & Bruised,Fighting,t,2003-01-26,14
460,Aqua Panic!,Puzzle,t,2009-05-29,14
11571,The Mysterious Case Of Dr. Jekyll And Mr. Hyde,Adventure,t,2011-08-09,14
4572,Hanasaku Manimani,Misc,t,2013-11-21,14
4372,Grid 2,Misc,t,2013-05-28,14
10391,Spec Ops: The Line,Shooter,t,2012-06-26,14
12591,Walt Disney Pictures Presents: The Wild,Platform,t,2006-09-08,14
817,Baten Kaitos Origins,Role-Playing,t,2006-09-25,14
5787,King Of Colosseum (Red): Shin Nippon X Zen Nippon X Pancrase Disc,Fighting,t,2002-12-19,14
4057,Gallop Racer,Sports,t,1999-03-17,14
2271,Dark Souls: Remastered,Role-Playing,t,2018-05-25,14
5023,Ihra Drag Racing: Sportsman Edition,Racing,t,2006-06-13,14
3392,Exstetra,Role-Playing,t,2013-11-07,14
1795,Classic Nes Series: Donkey Kong,Platform,t,2004-06-02,14
2487,Destiny 2: Forsaken,Shooter,t,2018-09-04,14
2836,Doukoku Soshite... Doukoku Soshite...,Visual Novel,t,2018-04-26,14
12349,Ultimate Shooting Collection,Shooter,t,2009-02-02,14
11779,This Is The Police,Simulation,t,2017-03-22,14
8987,Ranshima Monogatari Rare Land Story: Shoujo No Yakujou,Role-Playing,t,2009-07-23,14
6140,Little Nightmares,Platform,t,2017-04-28,14
5406,Jikkyou Powerful Pro Yakyuu 6,Sports,t,1999-03-25,14
3766,Fireman Sam: Action Stations,Misc,t,2013-11-15,14
7653,Ncaa Football 13,Sports,t,2012-07-10,14
11624,The Seven Deadly Sins: Unjust Sin,Adventure,t,2015-02-11,14
6220,Lost Planet 3,Shooter,t,2013-08-27,14
9027,Rayman 3: Hoodlum Havoc,Platform,t,2003-03-02,14
8037,Odin Sphere,Role-Playing,t,2007-05-22,14
10538,Star Wars Battlefront (2015),Shooter,t,2015-11-17,14
11082,Tales Of The World: Tactics Union,Role-Playing,t,2014-10-23,14
9330,Rogue Trooper,Shooter,t,2006-05-23,14
8537,Playstation All-Stars Battle Royale,Fighting,t,2012-11-20,14
6182,London Taxi: Rushour,Racing,t,2008-02-12,14
2860,Dragon'S Dogma,Role-Playing,t,2012-05-22,14
7155,Motogp '06,Racing,t,2006-06-12,14
1501,Capcom Beat 'Em Up Bundle,Fighting,t,2018-09-18,14
13092,Yamasa Digi World Sp: Moeyo! Kung Fu Shukujo,Misc,t,2006-04-27,14
11951,Tom Clancy'S Ghost Recon Advanced Warfighter 2,Shooter,t,2007-08-23,14
10579,Star Wars: Republic Commando,Shooter,t,2005-02-28,14
11380,The Golf Club,Sports,t,2015-04-28,14
8909,Qupu!! Mame Goma!,Simulation,t,2009-07-16,14
9040,Razor Freestyle Scooter,Sports,t,2000-12-11,14
10925,Superbike 2000,Racing,t,2000-02-29,14
8317,Pc Engine Best Collection: Tengai Makyou Collection,Role-Playing,t,2008-07-31,14
10960,Suzuki Tt Superbikes,Racing,t,2005-08-04,14
10395,Spectral Souls: Resurrection Of The Ethereal Empires,Role-Playing,t,2006-09-26,14
12896,World Of Final Fantasy Maxima,Role-Playing,t,2018-11-06,14
10356,South Park: The Fractured But Whole,Role-Playing,t,2018-04-24,14
3752,Fire Emblem: Path Of Radiance,Role-Playing,t,2005-10-17,14
6660,Mega Man X Legacy Collection 1,Platform,t,2018-07-26,14
1162,Bodycount,Shooter,t,2011-08-30,14
2732,Doa 2: Dead Or Alive 2 Hardcore,Fighting,t,2000-10-25,14
8365,Pet Pals: Animal Doctor,Simulation,t,2008-02-07,14
8191,Overlord,Adventure,t,2007-06-26,14
10653,Stormlover Karen!!,Adventure,t,2011-08-04,14
1311,Brunswick Circuit Pro Bowling 2,Sports,t,2000-01-31,14
9815,Shadow Of Rome,Action,t,2005-02-08,14
9482,Saiaku Naru Saiyaku Ningen Ni Sasagu,Visual Novel,t,2018-08-23,14
5680,Ken To Mahou To Gakuen Mono. 2,Role-Playing,t,2009-06-25,14
6470,Mario & Sonic At The Sochi 2014 Olympic Winter Games,Sports,t,2013-11-15,14
3835,Football Manager Classic 2014,Sports,t,2014-04-11,14
974,Big Air,Sports,t,1999-03-30,14
11016,Tabi No Yubisashi Kaiwachou Ds: Ds Series 5 Deutsch,Misc,t,2006-04-27,14
6260,Lunar Knights,Role-Playing,t,2007-02-06,14
7699,Need For Speed: Porsche Unleashed,Racing,t,2000-02-29,14
4565,Hana Oboro: Sengoku Denranki,Adventure,t,2017-01-19,14
4492,Gurumin: A Monstrous Adventure,Role-Playing,t,2007-02-12,14
10008,Shrek Super Party,Misc,t,2002-11-16,14
11903,Tokimeki Memorial Girl'S Side Premium: 3rd Story,Visual Novel,t,2012-03-15,14
865,Battle Robot Soul,Misc,t,2013-02-14,14
5743,Killer And Strawberry,Visual Novel,t,2018-08-23,14
11912,Tokobot,Platform,t,2005-12-05,14
12454,Valhalla Knights 3,Misc,t,2013-10-15,14
5968,Lady Sia,Platform,t,2001-10-15,14
3425,F1 2000,Racing,t,2000-02-29,14
5134,Inspector Gadget Racing,Racing,t,2003-02-28,14
3438,F1 2018,Racing,t,2018-08-24,14
1699,Chicken Shoot,Adventure,t,2005-09-23,14
6170,Locoroco,Platform,t,2006-09-05,14
9013,Raven'S Cry,Role-Playing,t,2015-01-30,14
3811,Floral Flowlove,Visual Novel,t,2018-08-23,14
11948,Tom Clancy'S Ghost Recon 2,Shooter,t,2004-11-30,14
1402,Buzz! The Schools Quiz,Misc,t,2008-01-11,14
10969,Svc Chaos: Snk Vs. Capcom,Fighting,t,2004-09-28,14
5198,Item Getter: Bokura No Kagaku To Mahou No Kankei,Role-Playing,t,2009-08-06,14
9661,Sd Gundam G Generation 3d,Action,t,2011-12-22,14
1651,Championship Motocross Featuring Ricky Carmichael,Racing,t,1999-09-15,14
12176,Treasure World,Simulation,t,2009-06-30,14
10606,Starsky & Hutch,Racing,t,2004-08-24,14
11980,Tom Clancy'S Splinter Cell: Essentials,Shooter,t,2006-03-21,14
857,Battle Of Giants: Dinosaurs,Strategy,t,2008-10-21,14
10043,Silent Hill: Downpour,Adventure,t,2012-03-13,14
10880,Super Robot Taisen K,Strategy,t,2009-03-20,14
10195,Sly Cooper: Thieves In Time,Misc,t,2013-02-05,14
2277,Darkest Dungeon,Role-Playing,t,2018-04-24,14
8954,Raiden Iv,Shooter,t,2009-09-08,14
11470,The King Of Fighters Collection: The Orochi Saga,Fighting,t,2008-12-02,14
9484,Saihai No Yukue,Strategy,t,2008-10-23,14
7030,Monopoly Party,Misc,t,2002-11-11,14
6204,Lost Dimension,Role-Playing,t,2015-07-28,14
2456,Derby Stallion,Sports,t,1999-03-25,14
10998,Syndicate,Shooter,t,2012-02-21,14
572,Arthur And The Invisibles,Adventure,t,2007-02-16,14
5753,Killzone: Mercenary,Misc,t,2013-09-10,14
3203,Eigo De Tabisuru: Little Charo,Misc,t,2011-01-20,14
9983,Shonen Jump'S Shaman King: Legacy Of The Spirits - Soaring Hawk/Sprinting Wolf,Action,t,2005-02-08,14
5318,Jeremy Mcgrath Supercross 2000,Racing,t,2000-02-29,14
5339,Jewel Master: Cradle Of Rome,Puzzle,t,2009-03-31,14
11005,System 3 Presents Ferrari Challenge Trofeo Pirelli,Racing,t,2008-08-26,14
6179,Lollipop Chainsaw,Action,t,2012-06-12,14
4508,Hajime No Ippo: The Fighting! Ds,Fighting,t,2008-12-04,14
583,Asphalt 3d,Racing,t,2011-03-22,14
11940,Tom And Jerry In House Trap,Action,t,2000-11-24,14
10275,Soma Bringer,Role-Playing,t,2008-02-28,14
27,100% Pascal Sensei: Kanpeki Paint Bombers,Action,t,2017-07-13,14
11938,Tokyo Yamanote Boys For V: Main Disc,Adventure,t,2017-06-22,14
12820,Wipeout Pulse,Racing,t,2008-02-12,14
12114,Tourist Trophy: The Real Riding Simulator,Racing,t,2006-04-04,14
6663,Mega Man X Legacy Collection 2,Platform,t,2018-07-26,14
7245,Musou Tourou,Strategy,t,2009-03-19,14
12565,Vitamin Z: Graduation,Misc,t,2013-01-31,14
10693,Street Supremacy,Racing,t,2006-02-28,14
12131,Trackmania: Build To Race,Racing,t,2011-03-15,14
3847,Ford Bold Moves Street Racing,Racing,t,2006-09-26,14
2325,Dead By Daylight,Action,t,2017-06-20,14
1702,Child Of Eden,Shooter,t,2011-09-27,14
7144,Moto Racer 4,Racing,t,2017-01-24,14
2994,Dream Pinball 3d,Misc,t,2008-04-24,14
7063,Monster Hunter: World,Action,t,2018-01-26,14
9428,Rumble Roses,Fighting,t,2004-11-09,14
2294,Darkwatch,Shooter,t,2005-08-16,14
11342,The Escapists 2,Action,t,2018-10-30,14
7866,Nickelodeon Party Blast,Misc,t,2002-10-30,14
11923,Tokyo Mirage Sessions #Fe,Role-Playing,t,2016-06-24,14
7836,Nhl Blades Of Steel 2000,Sports,t,2000-02-01,14
10683,Street Fighter Ex3,Fighting,t,2000-10-24,14
6556,Maximum Racing: Rally Racer,Racing,t,2011-03-29,14
9060,Real Farm,Simulation,t,2017-10-27,14
7457,Naruto Shippuden: Ultimate Ninja Storm 2,Fighting,t,2010-10-19,14
8466,Pictoimage,Puzzle,t,2008-09-02,14
9259,Road Rage,Racing,t,2017-11-14,14
423,Animates!,Simulation,t,2007-09-17,14
106,8-Bit Armies,Strategy,t,2018-09-21,14
364,America'S Next Top Model,Simulation,t,2010-06-01,14
9083,Record Of Agarest War,Role-Playing,t,2010-04-27,14
382,Amnesia Later,Visual Novel,t,2012-03-15,14
4657,Harvest Moon: Magical Melody,Simulation,t,2006-03-28,14
2179,Daiya No Kuni No Alice: Wonderful Mirror World,Misc,t,2013-07-25,14
6512,Mary-Kate And Ashley: Sweet 16 - Licenced To Drive,Misc,t,2002-11-20,14
7558,Nba 2k14,Sports,t,2013-10-11,14
10660,Strange Brigade,Shooter,t,2018-08-28,14
8524,Plants Vs Zombies: Garden Warfare,Shooter,t,2014-02-25,14
8524,Plants Vs Zombies: Garden Warfare,Shooter,t,2014-08-19,14
2278,Darkest Of Days,Shooter,t,2009-09-08,14
11201,Terminator Salvation,Shooter,t,2009-05-19,14
9896,Shin Megami Tensei: Devil Survivor 2,Role-Playing,t,2012-02-28,14
7269,Mx Vs. Atv Unleashed: On The Edge,Racing,t,2006-02-27,14
2112,Culdcept Ds,Strategy,t,2008-10-16,14
7440,Narisokonai Eiyuutan: Taiyou To Tsuki No Monogatari,Role-Playing,t,2009-07-23,14
7268,Mx Vs. Atv Unleashed,Racing,t,2005-03-24,14
10413,Spider-Man 2,Action,t,2004-06-29,14
8712,Princess Is Money Hungry,Role-Playing,t,2016-11-24,14
10393,Spectral Force 3,Role-Playing,t,2008-07-29,14
4631,Harukanaru Toki No Naka De 6,Adventure,t,2015-03-12,14
317,All-Star Fruit Racing,Racing,t,2018-08-21,14
10287,Sonic Advance 3,Platform,t,2004-06-07,14
135,A.C.E.: Another Century'S Episode 2,Simulation,t,2006-03-30,14
5931,Kurikin: Nano Island Story,Role-Playing,t,2007-05-24,14
9236,Risen 2: Dark Waters,Role-Playing,t,2012-07-31,14
2467,Derby Stallion P,Sports,t,2006-07-27,14
7687,Need For Speed Underground,Racing,t,2003-12-18,14
5320,Jeremy Mcgrath Supercross World,Racing,t,2002-02-27,14
8623,Portal Knights,Role-Playing,t,2017-05-23,14
11006,System 3 Presents Ferrari Challenge Trofeo Pirelli,Racing,t,2008-08-26,14
399,Angelique Retour,Action,t,2015-12-17,14
8816,Psi-Ops: The Mindgate Conspiracy,Shooter,t,2004-06-14,14
6788,Metro Redux,Shooter,t,2014-08-26,14
4100,Gardening Mama,Puzzle,t,2009-03-31,14
7697,Need For Speed: Payback,Racing,t,2017-11-10,14
1218,Borderlands: The Handsome Collection,Shooter,t,2015-03-24,14
11294,The Chronicles Of Riddick: Assault On Dark Athena,Shooter,t,2009-04-07,14
2009,Crash Team Racing,Racing,t,1999-09-30,14
9880,Shin Hayarigami 2,Adventure,t,2016-07-07,14
519,Armen Noir Portable,Misc,t,2012-04-12,14
6555,Maximum Racing: Gp Classic Racing,Racing,t,2011-03-15,14
9113,Refrain No Chika Meikyuu To Majo No Ryodan,Role-Playing,t,2016-06-23,14
1798,Classic Nes Series: Ice Climber,Platform,t,2004-06-02,14
10674,Street Fighter Alpha 2,Fighting,t,1996-09-30,14
11413,The House Of The Dead: Overkill,Shooter,t,2009-02-10,14
2907,Dragon Ball Z: Tenkaichi Tag Team,Fighting,t,2010-10-19,14
6298,Macross Triangle Frontier,Action,t,2011-02-03,14
3873,Fortune Street: Dragon Quest & Final Fantasy 30th Anniversary,Misc,t,2017-10-19,14
1125,Blood Of Bahamut,Role-Playing,t,2009-08-06,14
11943,Tom And Jerry: Infurnal Escape,Action,t,2003-03-14,14
3947,From Tv Animation One Piece: Grand Battle! 3,Fighting,t,2003-12-11,14
10134,Singularity,Shooter,t,2010-06-29,14
1022,Bit Generations: Boundish,Action,t,2006-07-13,14
2125,Custom Robo V2,Fighting,t,2000-11-10,14
9877,Shin Chan: Las Nuevas Aventuras Para Wii!,Action,t,2008-04-22,14
968,Beyond Good & Evil,Adventure,t,2003-12-11,13
2500,Destruction Derby Raw,Racing,t,2000-09-26,13
8615,Populous Ds,Strategy,t,2008-11-10,13
9832,Shaman King: Soul Fight,Platform,t,2003-03-28,13
81,4 In 1 Action Pack,Misc,t,2012-05-08,13
2212,Dance Dance Revolution: Mario Mix,Simulation,t,2005-10-24,13
4032,Gakuen Hetalia,Visual Novel,t,2012-03-08,13
7136,Mother Goose No Himitsu No Yakata,Adventure,t,2011-06-23,13
9196,Ribbit King,Sports,t,2004-06-15,13
3495,Famicom Mini: Ganbare Goemon! Karakuri Douchuu,Platform,t,2004-05-21,13
11002,Syphon Filter: Dark Mirror,Shooter,t,2006-03-14,13
4698,Headhunter,Action,t,2002-05-09,13
10483,Spy Hunter,Racing,t,2002-03-11,13
2213,Dance Dance Revolution: Mario Mix (Jp Sales),Simulation,t,2005-10-24,13
8416,Phantasy Star Online 2,Misc,t,2013-02-28,13
818,Baten Kaitos: Eternal Wings And The Lost Ocean,Role-Playing,t,2004-11-16,13
8432,Phantom Kingdom Portable,Role-Playing,t,2011-10-06,13
5689,Kenka Bancho Otome: Kanzenmuketsu No My Honey,Adventure,t,2017-07-27,13
10926,Supercar Challenge,Racing,t,2009-08-28,13
6524,Mass Effect Trilogy,Action,t,2012-12-04,13
2265,Dark Rose Valkyrie,Role-Playing,t,2017-06-06,13
10451,Spongebob Squarepants: Game Boy Advance Video Volume 2,Misc,t,2004-05-14,13
9984,Shonen Jump'S Shaman King: Master Of Spirits,Role-Playing,t,2004-11-09,13
8477,Pimp My Ride,Racing,t,2006-12-06,13
4973,Hyperdimension Neptunia Re;Birth1 Plus,Role-Playing,t,2018-05-31,13
821,Batman Beyond: Return Of The Joker,Action,t,2000-11-20,13
12441,Utsusemi No Mawari,Adventure,t,2017-07-27,13
11751,The Witch And The Hundred Knight 2,Role-Playing,t,2018-03-27,13
4419,Guilty Gear X2 #Reload,Fighting,t,2004-09-14,13
3077,Dungeon Maker: Hunting Ground,Role-Playing,t,2007-06-19,13
2145,D.S.: Dal Segno,Visual Novel,t,2018-03-22,13
6361,Magicians Academy,Role-Playing,t,2007-06-07,13
12164,Trauma Center: Second Opinion,Simulation,t,2006-11-14,13
3622,Festa!! Hyper Girls Party,Adventure,t,2006-06-29,13
4388,Growlanser Vi: Precarious World,Role-Playing,t,2007-06-21,13
5340,Jewel Master: Cradle Of Rome 2,Puzzle,t,2011-10-21,13
8872,Puzzle Kingdoms,Puzzle,t,2009-05-04,13
7614,Nba Live 97,Sports,t,1996-10-31,13
7755,New Interpretation Stranger Of Sword City,Role-Playing,t,2016-07-21,13
8794,Professor Layton Vs Ace Attorney,Adventure,t,2014-08-29,13
3113,Dynasty Warriors 2,Action,t,2000-10-25,13
1212,Border Break,Action-Adventure,t,2018-08-02,13
7908,Nikoli'S Pencil Puzzle,Puzzle,t,2011-10-25,13
7865,Nickelodeon Party Blast,Misc,t,2002-12-06,13
3473,Fallen Legion: Rise To Glory,Role-Playing,t,2018-05-29,13
10312,Sonic X: Game Boy Advance Video Volume 1,Misc,t,2004-05-14,13
12581,Wagamama High Spec,Adventure,t,2017-07-27,13
3747,Finding Nemo: Escape To The Big Blue,Action,t,2006-02-09,13
9184,Rewrite,Adventure,t,2014-08-28,13
652,Atelier Sophie: The Alchemist Of The Mysterious Book,Role-Playing,t,2015-11-19,13
2946,Dragon Quest X: All In One Package,Role-Playing,t,2017-08-17,13
9053,Ready 2 Rumble Boxing: Round 2,Fighting,t,2000-11-13,13
9573,Samurai Warriors: Spirit Of Sanada,Action,t,2017-05-23,13
12452,Valhalla Knights,Role-Playing,t,2007-04-17,13
4315,Grand Ages: Rome,Strategy,f,2009-03-17,13
10639,Stella Glow,Role-Playing,t,2015-11-17,13
5323,Jet Grind Radio,Action,t,2003-06-26,13
12716,"What Did I Do To Deserve This, My Lord!? 2",Role-Playing,t,2010-05-04,13
6937,Mlb 2005,Sports,t,2004-03-16,13
2898,Dragon Ball Z: Harukanaru Densetsu (Jp Sales),Role-Playing,t,2007-06-05,13
8100,Onna No Ko To Misshitsu Ni Itara **Shichau Kamoshirenai,Simulation,t,2012-03-15,13
5847,Knights In The Nightmare,Role-Playing,t,2010-11-09,13
3847,Ford Bold Moves Street Racing,Racing,t,2006-09-25,13
5830,Kiss Bell,Adventure,t,2014-08-28,13
8905,Quiz Party,Misc,t,2012-07-27,13
3134,Dynasty Warriors Gundam Reborn,Action,t,2013-12-19,13
3876,Forza Horizon 4,Racing,t,2018-10-02,13
7170,Motor Trend Presents Lotus Challenge,Racing,t,2003-04-30,13
13064,Xg Blast!,Shooter,t,2010-06-10,13
11003,Syphon Filter: Logan'S Shadow,Shooter,t,2007-10-02,13
2528,Diablo Iii: Eternal Collection,Action,t,2018-11-02,13
353,Amagoushi No Yakata,Adventure,t,2007-03-08,13
2514,Devil'S Third,Action,t,2015-12-11,13
682,Atv: Quad Power Racing,Racing,t,2002-08-20,13
3630,Fifa 14,Sports,t,2013-11-15,13
9253,Riviera: The Promised Land,Role-Playing,t,2007-07-11,13
7869,Nicktoons Collection: Game Boy Advance Video Volume 2,Misc,t,2004-09-20,13
7591,Nba Jam Extreme,Sports,t,1996-10-31,13
167,Adidas Micoach,Misc,t,2012-07-24,13
13142,Yourself Fitness,Sports,t,2005-02-02,13
4201,Girls Rpg: Cinderellife,Simulation,t,2012-03-08,13
2050,Criminal Girls,Role-Playing,t,2010-11-18,13
3103,Dying Light,Action,t,2015-01-27,13
10667,Strawberry Shortcake: Game Boy Advance Video Volume 1,Misc,t,2004-05-14,13
1306,Brothers In Arms: Road To Hill 30,Shooter,t,2005-03-01,13
4752,Hero Must Die,Role-Playing,t,2016-02-25,13
11003,Syphon Filter: Logan'S Shadow,Shooter,t,2010-06-01,13
4676,Hatsune Miku And Future Stars: Project Mirai,Misc,t,2012-03-08,13
4,.Hack//G.U. Vol.2//Reminisce (Jp Sales),Role-Playing,t,2007-05-08,13
454,Apex,Racing,t,2003-02-17,13
5751,Killzone 3,Shooter,t,2011-02-22,13
10347,Soullink Extension,Adventure,t,2006-06-29,13
6482,Mario Tennis Ultra Smash,Sports,t,2015-11-20,13
2354,Dead To Rights,Shooter,t,2002-08-19,13
6211,Lost In Blue 2,Adventure,t,2007-03-20,13
2198,Dance Dance Revolution Ultramix,Simulation,t,2003-11-20,13
9365,Rondo Of Swords (Us Sales),Role-Playing,t,2008-04-15,13
13170,Yu-Gi-Oh! Gx: Spirit Caller (American Sales),Misc,t,2007-01-02,13
380,Amf Xtreme Bowling,Sports,t,2006-06-13,13
3884,Fossil Fighters,Role-Playing,t,2009-08-10,13
5860,Kobitodzukan: Kobito Kansatsu Set,Misc,t,2012-07-26,13
7973,Nobunaga No Yabou Online: Houou No Shou,Misc,t,2012-03-07,13
11383,The Great Ace Attorney 1 & 2 Special Edition,Adventure,t,2017-08-03,13
11973,Tom Clancy'S Splinter Cell,Action,t,2003-04-08,13
4895,Hoshigami: Ruining Blue Earth Remix,Role-Playing,t,2007-06-25,13
10932,Superman: Countdown To Apokolips,Platform,t,2003-03-26,13
3894,Foxkids.Com Micro Maniacs Racing,Racing,t,2000-10-05,13
3885,Fossil Fighters (Jp Sales),Role-Playing,t,2009-08-10,13
9437,Rune Factory 3: A Fantasy Harvest Moon,Role-Playing,t,2010-11-09,13
7066,Monster Jam: Maximum Destruction,Racing,t,2002-12-29,13
1982,Counter Force,Shooter,t,2007-10-03,13
11511,The Legend Of Heroes: Trails In The Sky Second Chapter,Role-Playing,t,2007-06-19,13
7030,Monopoly Party,Misc,t,2002-11-20,13
11590,The Persistence,Action-Adventure,t,2018-07-24,13
12875,World Championship Pool 2004,Sports,t,2004-04-27,13
6461,Marines: Modern Urban Combat,Shooter,t,2010-01-26,13
11280,The Book Of Unwritten Tales 2,Adventure,t,2016-02-12,13
8637,Power Pro Kun Pocket,Sports,t,1999-04-01,13
5357,Jewel Time Deluxe,Puzzle,t,2011-10-18,13
7227,Muppet Racemania,Racing,t,2000-10-03,13
1693,Chicago Enforcer,Shooter,t,2005-02-23,13
6872,Minecraft,Misc,t,2014-05-16,13
6243,Lucky Dog 1,Visual Novel,t,2018-03-08,13
2897,Dragon Ball Z: Harukanaru Densetsu,Role-Playing,t,2007-06-05,13
5160,Interplay Sports Baseball 2000,Sports,t,1999-03-31,13
1848,Code: Realize - Bouquet Of Rainbows,Visual Novel,t,2018-03-30,13
6330,Madden Nfl 25,Sports,t,2013-11-15,13
11163,Ten Pin Alley 2,Sports,t,2004-04-26,13
12890,World In Conflict: Complete Edition,Strategy,f,2009-03-17,13
9611,Sbk Superbike World Championship,Racing,t,2009-03-10,13
10980,Sword Art Online: Game Director'S Edition,Role-Playing,t,2015-11-19,13
5114,Indycar Series,Racing,t,2003-05-21,13
11004,Syphon Filter: The Omega Strain,Shooter,t,2004-05-04,13
3163,Earth Defense Force 2: Invaders From Planet Space,Action,t,2015-12-08,13
2581,Dinotopia: The Sunstone Odyssey,Action,t,2003-08-05,13
1481,Call Of Duty: The War Collection,Shooter,t,2010-06-08,13
10690,Street Jam Basketball,Sports,t,2004-04-25,13
11726,The Treasures Of Montezuma,Puzzle,t,2010-09-28,13
7143,Moto Racer 4,Racing,t,2018-11-20,13
9543,Samurai Jack: The Amulet Of Time,Platform,t,2003-03-30,13
9128,Renai 0 Kilometer,Adventure,t,2014-08-28,13
4483,Gunparade Orchestra: Midori No Shou,Adventure,t,2006-03-30,13
11973,Tom Clancy'S Splinter Cell,Action,t,2003-04-10,13
10405,Speed Zone,Racing,t,2009-08-18,13
7840,Nhl Faceoff '97,Sports,t,1996-10-31,13
5564,Kaite Shabette Hajimeyou! Monster Farm Ds,Role-Playing,t,2007-07-12,13
5556,Kadenz Fermata//Akkord:Fortissimo,Adventure,t,2015-01-01,13
8147,Osu! Tatakae! Ouendan,Misc,t,2005-07-28,13
4653,Harvest Moon: Friends Of Mineral Town,Simulation,t,2003-11-17,13
8975,Rally Championship,Racing,t,2003-07-30,13
7088,Monster Trucks / Quad Desert Fury Double Value!,Racing,t,2005-04-25,13
3431,F1 2011,Racing,t,2011-12-06,13
645,Atelier Iris 3: Grand Phantasm (Us Sales),Role-Playing,t,2007-05-29,13
4151,Gens? Suikoden: The Woven Web Of A Century,Role-Playing,t,2012-02-09,13
12376,Underground Pool,Sports,t,2007-01-26,13
1852,Coded Arms: Contagion,Shooter,t,2007-09-18,13
11965,Tom Clancy'S Rainbow Six: Critical Hour,Shooter,t,2006-03-14,13
12575,Vr Soccer '96,Sports,t,1996-10-31,13
4813,Hiiro No Kakera: Omoi Iro No Kioku,Adventure,t,2017-07-27,13
2825,Doraemon: Shin Nobita No Daimakyou Peko To 5-Nin No Tankenta,Action-Adventure,t,2014-03-06,13
7045,Monster High 13 Wishes,Misc,t,2013-10-17,13
7476,Naruto: Gekitou Ninja Taisen! 3,Fighting,t,2004-11-20,13
5806,Kiniro No Corda 2,Role-Playing,t,2007-03-15,13
13224,Zanki Zero: Last Beginning,Role-Playing,t,2018-07-05,13
3586,Fatal Frame,Action,t,2002-03-04,13
68,2xtreme,Sports,t,1996-10-31,13
6467,Mario & Sonic At The Olympic Games,Sports,t,2008-01-22,13
1903,Command & Conquer: Red Alert 3,Strategy,t,2008-11-11,13
13173,Yu-Gi-Oh! Gx: Tag Force 2,Strategy,t,2007-09-18,13
9153,Resident Evil: Deadly Silence,Action,t,2006-02-07,13
10483,Spy Hunter,Racing,t,2002-03-10,13
2373,Dear Girl: Stories Hibiki - Hibiki Tokkun Daisakusen!,Adventure,t,2009-12-17,13
6623,Medievil: Resurrection,Adventure,t,2005-09-13,13
12186,Triggerheart Excelica Enhanced,Shooter,t,2009-03-26,13
11233,Tetsudou Seminar: Oote Shitetsuhen,Simulation,t,2009-01-22,13
6123,Lise No Atelier: Ordre No Renkinjutsushi,Role-Playing,t,2007-04-19,13
716,Backyard Baseball,Sports,t,2004-03-23,13
3100,Durarara!! Relay,Action,t,2015-01-29,13
13171,Yu-Gi-Oh! Gx: Spirit Caller (Japan Sales),Misc,t,2007-01-02,13
7581,Nba In The Zone 2000,Sports,t,2000-02-02,13
644,Atelier Iris 3: Grand Phantasm (Jp Sales),Role-Playing,t,2007-05-29,13
2027,Crazy Chicken: Atlantis Quest,Platform,t,2009-06-02,13
1225,Boulder Dash: Rocks!,Puzzle,t,2007-11-23,13
6850,Military History: Commander - Europe At War,Strategy,f,2009-03-20,13
8501,Pirates Of The Caribbean: The Legend Of Jack Sparrow,Adventure,t,2006-06-28,13
3877,Forza Motorsport,Racing,t,2005-05-03,13
11384,The Great Ace Attorney 2 - The Resolve Of Ryuunosuke Naruhodou,Adventure,t,2017-08-03,13
5027,Ikemen Sengoku: Toki O Kakeru Koi - Aratanaru Deai,Visual Novel,t,2018-03-22,13
8828,Puella Magi Madoka Magica: The Battle Pentagram,Action,t,2013-12-19,13
11096,Tamagotchi No Puchi Puchi Omisechi: Ninki No Omise Atsume Maseta,Misc,t,2017-11-16,13
11193,Tennis No Oji-Sama: Driving Smash! Side King,Sports,t,2008-01-24,13
5732,Kidz Sports: Ice Hockey,Sports,t,2008-01-14,13
3559,Farm Frenzy 3,Puzzle,t,2011-11-10,13
11256,The Alliance Alive,Role-Playing,t,2018-03-27,13
3426,F1 2001,Racing,t,2001-10-01,13
12232,Tsuki Ni Yori Sou Otome No Sahou: Hidamari No Hibi,Adventure,t,2015-11-26,13
5832,Kisuato,Adventure,t,2015-11-26,13
9501,"Saiyuuki: Kinkaku, Ginkaku No Inbou",Role-Playing,t,2007-07-12,13
8494,Pirate Blast,Shooter,t,2011-02-15,13
3328,Etrian Odyssey,Role-Playing,t,2007-05-15,13
5302,Jane'S Hotel,Simulation,t,2010-05-04,13
7951,No Man'S Sky,Action-Adventure,t,2018-07-24,13
7503,Nascar 2005: Chase For The Cup,Racing,t,2004-09-04,13
6439,Mana Khemia: Student Alliance,Role-Playing,t,2009-03-10,13
5607,Kanojo Step,Visual Novel,t,2018-03-21,13
964,Beyblade: Metal Fusion,Role-Playing,t,2010-11-09,13
11353,The Fairly Odd Parents: Game Boy Advance Video Volume 2,Misc,t,2004-05-14,13
3919,Freestyle Street Soccer,Sports,t,2004-03-25,13
6032,Lego Bionicle,Platform,t,2001-10-03,13
4019,Gacharoku,Misc,t,2002-12-05,13
10479,Sprung - A Game Where Everyone Scores,Adventure,t,2004-12-08,13
12265,Tv Anime Idolm@Ster: Cinderella Girls G4u! Pack Vol.6,Adventure,t,2015-11-26,13
12580,Wade Hixton'S Counter Punch,Sports,t,2004-03-15,13
3499,Famicom Mini: Mario Bros.,Platform,t,2004-05-21,13
11907,Tokimeki Memorial: Girls Side 1st Love,Adventure,t,2007-03-15,13
11804,Tiger Woods Pga Tour,Sports,t,2004-12-14,13
5478,Judge Dredd: Dredd Vs Death,Shooter,t,2005-02-27,13
7149,Motocross Mania 3,Racing,t,2005-04-27,13
4678,Hatsune Miku: Project Diva Future Tone Dx,Misc,t,2017-11-22,13
4121,Gears Of War Triple Pack,Shooter,t,2011-02-15,13
9364,Rondo Of Swords (Jp Sales),Role-Playing,t,2008-04-15,13
2672,Disney Channel Collection Vol. 1,Misc,t,2004-12-24,13
7270,Mx Vs. Atv Untamed,Racing,t,2008-02-18,13
7165,Motogp 2,Racing,t,2003-05-21,13
7832,Nhl 97,Sports,t,1996-10-31,13
685,Avalon Code,Role-Playing,t,2009-03-10,13
1053,Blades Of Thunder Ii,Simulation,t,2006-04-18,13
12680,Wayne Gretzky'S 3d Hockey,Sports,t,1996-11-11,13
4166,Getsuei Gakuen: Kou,Misc,t,2013-10-10,13
4967,Hyper Light Drifter,Role-Playing,t,2016-07-26,13
9071,Reality Fighters,Fighting,t,2012-03-13,13
11376,The Godfather: Blackhand Edition,Adventure,t,2007-03-20,13
4862,Hollywood Files: Deadly Intrigues,Adventure,t,2011-06-14,13
11973,Tom Clancy'S Splinter Cell,Action,t,2003-04-27,13
3279,Enthusia Professional Racing,Racing,t,2005-05-03,13
7406,Namco Soccer Prime Goal,Sports,t,1996-11-01,13
11002,Syphon Filter: Dark Mirror,Shooter,t,2007-09-18,13
6890,Minna No Ds Seminar: Kanpeki Kanji Ryoku,Misc,t,2006-07-20,13
11044,Taiko No Tatsujin: Tatakon De Dodon Ga Don,Misc,t,2002-10-24,13
6703,Meitantei Evangelion,Adventure,t,2007-01-18,13
12598,Wand Of Fortune R2 Fd: Kimi Ni Sasageru Epilogue,Adventure,t,2018-10-04,13
6868,Minecraft,Misc,t,2014-11-18,13
1867,Colin Mcrae Rally 2.0,Racing,t,2000-12-05,13
10448,Spongebob Squarepants: Creature From The Krusty Krab,Platform,t,2006-11-13,13
2863,Dragon'S Dogma Online: Season 3,Role-Playing,t,2017-08-17,13
12141,Transformers,Shooter,t,2004-05-11,13
1172,Boku No Natsuyasumi Portable: Mushi Mushi Hakase To Teppen-Yama No Himitsu!!,Adventure,t,2006-06-29,13
1571,Casper: Spirit Dimensions,Platform,t,2001-09-30,13
10847,Super Monkey Ball Adventure,Platform,t,2006-08-29,13
9738,Seiken Densetsu Collection,Role-Playing,t,2017-06-01,13
10429,Spintires: Mudrunner - American Wilds,Racing,t,2018-10-23,13
5789,King Of Fighters: Maximum Impact,Fighting,t,2004-10-12,13
3273,Enkan No Memoria: Kakera Tomoshi,Visual Novel,t,2018-03-29,13
6889,Minna No Ds Seminar: Kanpeki Eitango Ryoku,Misc,t,2006-07-20,13
2787,Doom (2016),Shooter,t,2017-11-10,13
3497,Famicom Mini: Makaimura,Platform,t,2004-05-21,13
1578,Castlevania Chronicles,Platform,t,2001-10-08,13
12871,World Championship Poker Featuring Howard Lederer: All In,Misc,t,2007-01-01,13
9081,Rec Room Games,Sports,t,2011-02-11,13
7700,Need For Speed: Prostreet,Racing,t,2008-02-18,13
5730,Kidz Sports: Basketball,Sports,t,2008-01-14,13
8427,Phantom Brave: We Meet Again,Role-Playing,t,2009-08-11,13
4115,Gauntlet: Dark Legacy,Action,t,2002-03-06,13
7616,Nba Live 99,Sports,t,1998-11-04,13
6725,Men Of War,Strategy,f,2009-03-16,13
2718,Divinity Ii: The Dragon Knight Saga,Role-Playing,t,2011-04-12,13
2849,Dr. Muto,Platform,t,2002-12-17,13
8079,One Piece: Pirate Warriors 2,Action,t,2013-03-20,13
2859,Dragon'S Crown Pro,Role-Playing,t,2018-04-24,13
9131,Renegade Racers,Racing,t,2000-03-09,13
3466,Fairy Fencer F: Advent Dark Force,Role-Playing,t,2016-07-26,13
3817,Flowers: Le Volume Sur Hiver,Visual Novel,t,2018-03-16,13
2267,Dark Souls,Role-Playing,t,2011-10-04,13
8966,Rain Drops,Puzzle,t,2008-09-09,13
1774,City Racer,Racing,t,2003-04-29,13
9618,Scarface: The World Is Yours,Adventure,t,2007-06-12,13
12165,Trauma Center: Under The Knife,Simulation,t,2005-10-04,13
3601,Fate/Extella Link,Action,t,2018-06-07,13
1146,Blue Reflection: Maboroshi Ni Mau - Shoujo No Ken,Role-Playing,t,2017-03-30,13
13012,Wwe Survivor Series,Fighting,t,2004-10-12,13
7707,Negima!? Chou Mahora Taisen Chuu: Checkiin Zenin Shuugou! Yappari Onsen Kichaimashitaa,Adventure,t,2007-03-22,13
12196,Triple Play 2000,Sports,t,1999-03-22,13
4992,I Spy Castle,Puzzle,t,2011-10-25,13
8508,Pitball,Sports,t,1996-10-31,13
7602,Nba Live 14,Sports,t,2013-11-15,13
10475,Sports Party,Sports,t,2018-10-30,13
10261,Socom: U.S. Navy Seals Fireteam Bravo 3,Shooter,t,2010-02-16,13
11032,Taiko Drum Master: Tokumori!,Misc,t,2014-11-20,13
3,.Hack//G.U. Vol.2//Reminisce,Role-Playing,t,2007-05-08,13
707,Babar To The Rescue,Action,t,2006-06-28,13
2612,Disgaea 4: A Promise Unforgotten,Role-Playing,t,2011-09-06,13
13284,Zone Of The Enders: The 2nd Runner Mars,Simulation,t,2018-09-04,13
7516,Nascar Thunder 2002,Racing,t,2001-10-02,13
6351,Magic: The Gathering - Battlegrounds,Strategy,t,2003-11-18,13
8064,Omega Labyrinth,Role-Playing,t,2015-11-19,13
2613,Disgaea D2,Misc,t,2013-10-08,13
9920,Shining Ark,Misc,t,2013-02-28,13
310,All-Star Baseball 2000,Sports,t,1999-03-31,13
2221,Dance With Devils: My Carol,Visual Novel,t,2018-03-22,13
7252,Muv-Luv Photonmelodies,Adventure,t,2014-08-28,13
9715,Sega Ages 2500 Series Vol. 33: Fantasy Zone Complete Collection,Shooter,t,2008-09-11,13
1507,Capcom Fighting Evolution,Fighting,t,2004-11-16,13
12577,Wacky Races: Crash & Dash,Racing,t,2008-06-17,13
11190,Tennis No Oji-Sama: Dokidoki Survival - Umibe No Secret,Sports,t,2007-01-25,13
9893,Shin Megami Tensei Iv: Apocalypse,Role-Playing,t,2016-09-20,13
12573,Vr Golf '97,Sports,t,1996-10-31,13
8045,Offshore Tycoon,Strategy,t,2009-03-31,13
3966,Full Auto 2: Battlelines,Racing,t,2006-12-07,13
10314,Sony Computer Science Kenkyuujo Mogi Kenichirou Hakase Kanshuu: Nou Ni Kaikan Aha Taiken!,Misc,t,2006-06-22,13
7736,Net High,Adventure,t,2015-11-26,13
6342,Mag: Massive Action Game,Shooter,t,2010-01-26,13
2712,Dissidia: Final Fantasy Universal Tuning,Fighting,t,2009-11-01,13
12329,Ultimate Board Game Collection,Misc,t,2006-07-11,13
4876,Honeycomb Beat,Puzzle,t,2007-04-02,13
1555,Cartoon Network Collection: Game Boy Advance Video Platinum Edition,Misc,t,2005-04-15,13
12578,Wacky Races: Crash & Dash,Racing,t,2008-06-17,13
5856,Know How 2,Puzzle,t,2010-10-28,13
9709,Section 8,Shooter,t,2009-09-01,13
6954,Mobil 1 Rally Championship,Racing,t,2000-03-08,13
4380,Grisaia No Kajitsu: Side Episode,Adventure,t,2017-07-27,13
7660,Ncaa Football 2004,Sports,t,2003-07-16,13
4068,Game & Watch Gallery 4,Misc,t,2002-10-28,13
4768,Hi Hi Puffy Amiyumi: The Genie & The Amp,Action,t,2006-06-27,13
10378,Space Jam,Sports,t,1996-10-31,13
10010,Shrek Swamp Kart Speedway,Racing,t,2002-03-19,13
1493,Candace Kane'S Candy Factory,Action,t,2008-12-22,13
7590,Nba Jam 99,Sports,t,1998-12-04,13
5928,Kuon,Adventure,t,2004-12-07,13
2805,Dora The Explorer: Game Boy Advance Video Volume 1,Misc,t,2004-05-14,13
1760,Circus Maximus: Chariot Wars,Racing,t,2002-02-24,13
8278,Parfait: Chocolat Second Style,Adventure,t,2006-06-29,13
11352,The Fairly Odd Parents: Game Boy Advance Video Volume 1,Misc,t,2004-05-14,13
10450,Spongebob Squarepants: Game Boy Advance Video Volume 1,Misc,t,2004-05-14,13
1220,Bottom Of The 9th,Sports,t,1999-04-14,13
4990,I Love Horses: Rider'S Paradise,Simulation,t,2010-11-30,13
12332,Ultimate Card Games Ds,Strategy,t,2008-10-17,13
7558,Nba 2k14,Sports,t,2013-11-15,13
2710,Dissidia 012: Duodecim Final Fantasy,Fighting,t,2011-03-22,13
7578,Nba In The Zone,Sports,t,1995-12-14,12
1419,Cabela'S Big Game Hunter: Pro Hunts,Shooter,t,2014-03-26,12
7307,My Hero One'S Justice,Fighting,t,2018-10-26,12
12659,Warship Gunner 2,Simulation,t,2006-03-21,12
6512,Mary-Kate And Ashley: Sweet 16 - Licenced To Drive,Misc,t,2002-10-28,12
5432,Jinsei Game Ds,Misc,t,2006-07-27,12
9938,Shinken De Watashi Ni Koi Shinasai! R,Visual Novel,t,2012-03-22,12
12150,Transformers: Prime,Fighting,t,2012-10-30,12
4399,Gt64 Championship Edition,Racing,t,1998-09-09,12
3936,Frogger Advance: The Great Quest,Action,t,2002-05-26,12
980,Big Buck Hunter Arcade,Shooter,t,2016-10-25,12
5363,Jig-A-Pix: Wild World,Puzzle,t,2010-03-04,12
4260,Godzilla: Save The Earth,Fighting,t,2004-11-16,12
1783,Clannad,Adventure,t,2006-02-23,12
12825,Wireway,Platform,t,2009-11-03,12
10928,Supercross 2000,Racing,t,1999-11-24,12
5052,Imagine: Cheerleader,Simulation,t,2009-01-27,12
5587,Kamen Rider: Climax Heroes Ooo,Fighting,t,2010-12-02,12
7514,Nascar Rumble,Racing,t,2000-01-31,12
2701,Disney Sports Snowboarding,Sports,t,2003-02-05,12
2352,Dead Space 3,Shooter,t,2013-02-05,12
9792,Serious Sam Hd: The First And Second Encounters,Shooter,t,2011-03-25,12
3244,Emergency Heroes,Racing,t,2008-05-27,12
11609,The Raven Remastered,Adventure,t,2018-03-13,12
4493,Gyakuten Saiban 2,Adventure,t,2002-10-18,12
13233,Zenkoku Dekotora Matsuri,Racing,t,2008-02-28,12
12042,Top Shot Arcade,Shooter,t,2011-03-07,12
2670,Disney'S Winnie The Pooh'S Rumbly Tumbly Adventure,Platform,t,2005-02-08,12
7868,Nicktoons Collection: Game Boy Advance Video Volume 1,Misc,t,2004-06-22,12
10755,Suite Precure: Melody Collection,Misc,t,2011-08-25,12
13118,Yonder: The Cloud Catcher Chronicles,Action,t,2018-06-12,12
10439,Split/Second,Racing,t,2010-05-18,12
101,7 Wonders Of The Ancient World,Puzzle,t,2007-09-17,12
959,Beyblade Burst: God,Role-Playing,t,2017-11-23,12
1460,Call Of Duty 2,Shooter,f,2005-10-25,12
9363,Romeo Vs. Juliet,Misc,t,2013-08-22,12
13239,Zero Escape: Virtue'S Last Reward,Visual Novel,t,2012-10-23,12
11722,The Tower Sp,Simulation,t,2006-03-21,12
11904,Tokimeki Memorial: Forever With You,Simulation,t,2006-03-09,12
595,Assassin'S Creed Iii,Action-Adventure,t,2012-10-30,12
9766,Sengoku Hime: Senkou No Taika - Akatsuki No Haryuu,Misc,t,2012-07-19,12
8144,Osomatsu-San: The Game - Hang-Up Finding Employment Advice - Dead Or Work,Adventure,t,2017-06-29,12
12728,White Knight Chronicles Ii,Role-Playing,t,2011-09-13,12
1388,Butt-Ugly Martians: Zoom Or Doom!,Racing,t,2003-07-31,12
12819,Wipeout Omega Collection,Racing,t,2017-06-06,12
9790,Serious Sam Advance,Shooter,t,2004-04-12,12
13002,Wwe Raw 2,Fighting,t,2003-09-16,12
8634,Power Pocket Koushien,Sports,t,2005-08-04,12
263,Akai Katana,Shooter,t,2012-05-15,12
9446,Rurouni Kenshin: Meiji Kenkaku Romantan Saisen,Fighting,t,2011-03-10,12
5407,Jikkyou Powerful Pro Yakyuu 7,Sports,t,2000-07-06,12
10649,Storm Lover 2nd V,Adventure,t,2016-01-28,12
8425,Phantom Brave,Role-Playing,t,2004-08-31,12
6784,Metal Slug Xx,Shooter,t,2010-02-23,12
7305,My Healthy Cooking Coach,Simulation,t,2009-06-23,12
3504,Famicom Mini: Twinbee,Shooter,t,2004-05-21,12
7050,Monster Hunter 2,Role-Playing,t,2006-02-16,12
5961,La Corda D'Oro 3,Visual Novel,t,2018-09-20,12
7689,Need For Speed Underground Rivals,Racing,t,2005-03-14,12
8918,R.B.I. Baseball 18,Sports,t,2018-03-20,12
749,Bakugan: Rise Of The Resistance,Strategy,t,2011-11-08,12
597,Assassin'S Creed Iv: Black Flag,Action-Adventure,t,2013-11-15,12
1851,Coded Arms,Shooter,t,2005-07-06,12
11446,The Inpatient,Action,t,2018-01-23,12
11514,The Legend Of Heroes: Trails In The Sky Third Chapter,Role-Playing,t,2016-07-14,12
485,Arcana Famiglia: Vascello Phantasma No Majutsushi,Visual Novel,t,2012-06-21,12
8838,Puppy Palace,Simulation,t,2008-02-05,12
7909,Nil Admirari No Tenbin: Irodori Nadeshiko,Visual Novel,t,2018-09-20,12
9039,Raze'S Hell,Shooter,t,2005-04-21,12
9200,Ride 2,Racing,t,2017-02-14,12
10404,Speed Racer: The Videogame,Racing,t,2008-05-06,12
8886,Qix++,Puzzle,t,2010-02-25,12
9273,Robin Hood: Defender Of The Crown,Strategy,t,2003-11-11,12
3517,Family Guy: Back To The Multiverse,Action-Adventure,t,2012-11-20,12
11074,Tales Of Hearts,Role-Playing,t,2008-12-18,12
1087,Bleach: Blade Battlers 2nd,Fighting,t,2007-09-27,12
11010,T.A.C. Heroes : Big Red One,Strategy,t,2010-03-16,12
6587,Medabots Girls Mission: Metabee Ver. / Rokusho Ver.,Role-Playing,t,2016-03-10,12
11803,Tiger Woods 99 Pga Tour Golf,Sports,t,1998-10-31,12
1537,Carnival Games,Party,t,2018-11-06,12
1607,Catz,Simulation,t,2006-03-22,12
10369,Space Hulk Tactics,Strategy,t,2018-10-09,12
3893,Fox Sports Golf '99,Sports,t,1998-06-30,12
5376,Jikkyou Powerful Pro Yakyuu '98 Kaimakuban,Sports,t,1998-07-23,12
6318,Madden Nfl 13,Sports,t,2012-11-18,12
9104,Red Stone Ds: Akaki Ishi Ni Michibikareshi Monotachi,Role-Playing,t,2011-05-26,12
5536,Just Sing,Music,t,2016-09-06,12
2798,Dora & Kai-Lan'S Pet Shelter,Strategy,t,2011-11-01,12
8074,One Piece: Burning Blood,Fighting,t,2016-05-31,12
11052,Taishou Moebius Line Vitable,Adventure,t,2016-01-28,12
5463,Jojo'S Fashion Show: Design In A Dash!,Simulation,t,2009-01-27,12
10057,Silpheed: The Lost Planet,Shooter,t,2001-04-23,12
2195,Dance Dance Revolution Extreme 2,Simulation,t,2005-09-27,12
3713,Final Fantasy Iv: The Complete Collection,Role-Playing,t,2011-04-19,12
7175,Motorstorm: Apocalypse,Racing,t,2011-05-03,12
4865,"Holy Invasion Of Privacy, Badman! What Did I Do To Deserve This?",Role-Playing,t,2009-07-16,12
1237,Brain Boost: Gamma Wave,Puzzle,t,2006-11-17,12
10421,Spider-Man: The Movie,Action,t,2002-04-16,12
10231,Sniper: Ghost Warrior 3,Shooter,t,2017-04-25,12
4979,Hyrule Warriors: Definitive Edition,Action,t,2018-05-18,12
8521,Planet Puzzle League,Puzzle,t,2007-06-04,12
3237,Elvandia Story,Role-Playing,t,2007-04-26,12
3484,Fallout: Brotherhood Of Steel,Role-Playing,t,2004-01-14,12
10449,Spongebob Squarepants: Double Pack,Platform,t,2005-03-08,12
9053,Ready 2 Rumble Boxing: Round 2,Fighting,t,2000-11-09,12
8595,Pop'N Music 12 Iroha,Simulation,t,2006-03-02,12
4312,Gran Turismo / Motor Toon Grand Prix 2,Racing,t,2003-01-01,12
9014,Raven Squad: Operation Hidden Dagger,Shooter,t,2009-08-25,12
8572,Pokémon: For Ho-Oh The Bells Toll!: Game Boy Advance Video,Misc,t,2004-06-21,12
9156,Resident Evil: Revelations,Action,t,2013-05-21,12
5337,Jewel Master: Cradle Of Athena,Puzzle,t,2010-10-26,12
5630,Karnaaj Rally,Racing,t,2003-01-02,12
2510,Deus Ex: Human Revolution,Shooter,t,2011-08-23,12
10436,Splashdown: Rides Gone Wild,Racing,t,2003-08-05,12
6750,Metal Gear Solid 2: Substance,Action,t,2003-03-03,12
10780,Summon Night 3,Role-Playing,t,2012-10-04,12
11162,Tempest 4000,Shooter,t,2018-07-27,12
7054,Monster Hunter Frontier Online: Forward 1,Role-Playing,t,2011-04-20,12
3277,Entaku No Seito: The Eternal Legend,Role-Playing,t,2012-10-04,12
689,Aven Colony,Strategy,t,2017-08-01,12
5894,"Koori No Bohyou: Ichiryuuwa, 3-Dome No Junan",Strategy,t,2010-02-25,12
6972,Mobile Suit Gundam: Encounters In Space,Simulation,t,2003-12-05,12
2471,Derby Tsuku: Derby Uma O Tsukurou!,Sports,t,2000-07-27,12
5898,Koshotengai No Hashihime Noma,Visual Novel,t,2018-09-27,12
9634,Scooby-Doo! Classic Creep Capers,Action,t,2000-12-04,12
3366,Everything'S Rosie,Misc,t,2013-01-25,12
3260,Enclave: Shadows Of Twilight,Role-Playing,t,2011-04-27,12
11498,The Legend Of Heroes Ii: Prophecy Of The Moonlight Witch (Jp Sales),Role-Playing,t,2006-06-20,12
860,Battle Of Giants: Mutant Insects,Strategy,t,2010-03-02,12
3019,Driver 2,Action,t,2000-11-13,12
10634,Steins;Gate Elite,Visual Novel,t,2018-09-20,12
12592,Walt Disney World Quest: Magical Racing Tour,Racing,t,2000-03-23,12
2080,Crush,Puzzle,t,2007-05-29,12
12410,Urakata Hakuouki: Akatsuki No Shirabe,Adventure,t,2014-08-07,12
5665,Kawashima Ryuuta Kyouju Kanshuu Nouryoku Trainer Portable 2,Misc,t,2006-05-25,12
3414,F-14 Tomcat,Action,t,2001-09-02,12
10944,Supreme Commander 2,Strategy,t,2010-03-16,12
5633,Karumaruka Circle,Adventure,t,2017-06-29,12
10404,Speed Racer: The Videogame,Racing,t,2008-09-16,12
5153,International Superstar Soccer 2000 (Jp Weekly Sales),Sports,t,2000-08-03,12
6874,Minecraft: Story Mode - Season Two,Adventure,t,2018-11-06,12
1136,Bloody Roar 4,Fighting,t,2003-11-11,12
1557,Cartoon Network Collection: Game Boy Advance Video Volume 1,Misc,t,2004-06-24,12
7224,Mugen Souls,Role-Playing,t,2012-09-30,12
12926,World Soccer Winning Eleven 8 International,Sports,t,2005-02-02,12
58,2 Games In 1: Spongebob Squarepants: Supersponge & Rugrats Go Wild,Platform,t,2005-03-04,12
9201,Ride 3,Racing,t,2018-11-30,12
3743,Final Fantasy: The 4 Heroes Of Light,Role-Playing,t,2010-10-05,12
6442,Manhunt,Action,t,2004-04-20,12
8951,Ragnarok: Hikari To Yami No Koujo,Role-Playing,t,2012-11-06,12
4745,Hercules: The Legendary Journeys,Action,t,2000-11-16,12
11944,Tom Clancy'S  Ghost Recon Advanced Warfighter (Weekly Jp Sales),Shooter,t,2006-03-09,12
7602,Nba Live 14,Sports,t,2013-11-22,12
3630,Fifa 14,Sports,t,2013-11-22,12
6330,Madden Nfl 25,Sports,t,2013-11-22,12
12582,Waialae Country Club: True Golf Classics,Sports,t,1998-07-29,12
5591,Kamen Rider: Super Climax Heroes,Fighting,t,2012-11-29,12
12996,Wwe 2k19,Fighting,t,2018-10-09,12
187,Aedis Eclipse: Generation Of Chaos,Role-Playing,t,2007-04-24,12
1805,Classic Road,Sports,t,1995-12-15,12
8862,Puyo Puyo! 15th Anniversary,Puzzle,t,2007-03-21,12
12914,World Snooker Challenge 2007,Sports,t,2007-01-12,12
6057,Lego Racers 2,Racing,t,2001-09-27,12
12793,Winning Post 8 2018,Sports,t,2018-03-15,12
11950,Tom Clancy'S Ghost Recon Advanced Warfighter,Shooter,t,2006-03-09,12
670,Atv Drift & Tricks,Racing,t,2018-11-22,12
2582,Dinotopia: The Timestone Pirates,Action,t,2002-04-30,12
9793,Serious Sam Ii,Shooter,f,2005-10-19,12
5170,Invizimals: Shadow Zone,Strategy,t,2011-10-25,12
1486,Call Of Juarez: Bound In Blood,Shooter,t,2009-06-30,12
1666,Charlie'S Angels,Action,t,2003-07-09,12
13158,Yu-Gi-Oh! 5d'S World Championship 2010 Reverse Of Arcadia,Strategy,t,2010-02-23,12
462,Aquaman: Battle For Atlantis,Action,t,2003-07-30,12
12134,Train Sim World,Simulation,t,2018-07-24,12
11576,The New York Times Crosswords,Puzzle,t,2007-05-29,12
6105,Life Is Strange,Adventure,t,2016-01-19,12
889,Battleforge,Strategy,f,2009-03-24,12
3189,Echoshift,Puzzle,t,2010-02-24,12
105,7th Dragon Iii Code: Vfd,Role-Playing,t,2016-07-12,12
5356,Jewel Quest: Expeditions,Puzzle,t,2007-09-18,12
9967,Shirahana No Ori: Hiiro No Kakera 4 - Shiki No Uta,Misc,t,2013-09-05,12
10595,Starhawk,Shooter,t,2012-05-08,12
2552,Digimon Battle Spirit 2,Fighting,t,2003-09-24,12
6669,Mega Man X6,Platform,t,2001-12-04,12
3967,Full House Kiss 2,Adventure,t,2006-02-23,12
5151,International Superstar Soccer 2000,Sports,t,2000-08-03,12
9393,Rr64: Ridge Racer 64,Racing,t,2000-02-14,12
6286,Mace Griffin: Bounty Hunter,Shooter,t,2003-06-20,12
4363,Greg Hastings' Tournament Paintball Max'D,Shooter,t,2006-01-31,12
4486,Gunpey Ds,Puzzle,t,2006-11-17,12
1599,Casual Mania!,Puzzle,t,2010-02-23,12
5296,Jampack Winter 2002,Misc,t,2002-10-17,12
1803,Classic Nes Series: Xevious,Shooter,t,2004-06-02,12
3544,Far Cry 3,Shooter,t,2012-12-04,12
1836,Cocoto Kart Racer,Racing,t,2008-06-24,12
7835,Nhl Blades Of Steel '99,Sports,t,1999-04-05,12
7669,Ncaa Gamebreaker 99,Sports,t,1998-10-31,12
10547,Star Wars Episode Ii: Attack Of The Clones,Action,t,2002-05-30,12
3931,Frogger'S Adventures: Temple Of The Frog,Adventure,t,2001-10-24,12
12237,"Tsumigui: Sen No Noroi, Sen No Inori For V",Adventure,t,2017-06-29,12
12872,World Championship Poker: Deluxe Series,Misc,t,2005-04-17,12
9241,Risk: Global Domination,Strategy,t,2003-11-05,12
5636,Katamari Forever,Puzzle,t,2009-09-22,12
3854,Ford Racing Off Road,Racing,t,2008-09-01,12
3296,Espgaluda Ii Black Label,Shooter,t,2010-02-25,12
13087,Yamaha Supercross,Racing,t,2009-04-07,12
7236,Mushihimesama,Shooter,t,2012-05-24,12
5837,Klonoa 2: Dream Champ Tournament,Platform,t,2005-02-23,12
7040,Monster Energy Supercross - The Official Videogame,Racing,t,2018-02-13,12
5152,International Superstar Soccer 2000 (All Region Sales),Sports,t,2000-08-03,12
12933,World Stadium 3,Sports,t,1999-04-08,12
1367,Burstrick: Wake Boarding!!,Sports,t,2001-02-28,12
8487,Pioneer No Banshou,Visual Novel,t,2018-08-30,12
9053,Ready 2 Rumble Boxing: Round 2,Fighting,t,2000-10-23,12
5664,Kawasaki Snowmobiles,Racing,t,2008-05-28,12
3456,Fabulous Finds,Puzzle,t,2009-09-21,12
407,Angry Birds: Star Wars,Puzzle,t,2013-10-29,12
3320,Espn: Sports Connection,Sports,t,2012-11-18,12
13005,Wwe Smackdown Vs. Raw 2007,Fighting,t,2006-11-14,12
879,Battlefield 2: Modern Combat,Shooter,t,2006-04-11,12
3468,Fairy Tail: Portable Guild 2,Fighting,t,2011-03-10,12
9270,Roadsters 99,Racing,t,1999-11-30,12
9497,Saints Row Iv: Re-Elected,Action,t,2015-01-27,12
294,Alien Breed Trilogy,Shooter,t,2011-03-25,12
7557,Nba 2k13,Sports,t,2012-11-18,12
12341,Ultimate Marvel Vs. Capcom 3,Fighting,t,2012-02-15,12
12894,World Of Dragon Warrior - Torneko: The Last Hope,Role-Playing,t,2000-11-15,12
6142,Little Witch Academia: Chamber Of Time,Role-Playing,t,2017-11-30,12
9079,Rebel Raiders: Operation Nighthawk,Simulation,t,2006-03-21,12
2650,Disney'S Magical Quest Starring Mickey And Minnie,Action,t,2002-08-13,12
7132,Moshi Monsters: Moshlings Theme Park,Simulation,t,2012-10-30,12
169,Adidas Power Soccer 98,Sports,t,1998-06-30,12
11887,Toca Race Driver 2: Ultimate Racing Simulator & Colin Mcrae Rally 04,Racing,t,2004-10-05,12
8448,Phoenix Wright: Ace Attorney - Justice For All,Adventure,t,2007-01-16,12
9583,San Goku Shi Ds 3,Strategy,t,2010-02-18,12
13213,Yuusha No Kuse Ni Namaikida Or 3d,Strategy,t,2010-03-11,12
1865,Colin Mcrae Rally,Racing,t,2000-01-31,12
3016,Driven,Racing,t,2002-03-30,12
391,Anarchy Reigns,Action,t,2013-01-08,12
4485,Gunpey,Puzzle,t,2006-11-17,12
8184,Over The Hedge: Hammy Goes Nuts!,Platform,t,2006-10-24,12
4927,Hotel Dusk: Room 215,Adventure,t,2007-01-22,12
4431,Guitar Freaks V2 & Drummania V2,Simulation,t,2006-11-22,12
8563,Pokémon Dash,Racing,t,2005-03-14,12
5722,Kidou Senshi Gundam: Senjou No Kizuna Portable,Strategy,t,2009-03-26,12
8223,Pachi-Slot Aruze Oukoku 2,Misc,t,1999-11-25,12
8176,Outlaw Golf: Nine Holes Of Christmas,Sports,t,2003-01-01,12
10794,Sunrise Eiyuutan R,Role-Playing,t,2000-11-22,12
597,Assassin'S Creed Iv: Black Flag,Action-Adventure,t,2013-11-22,12
11305,The Crew,Racing,t,2014-12-02,12
10950,Surf Riders,Sports,t,2000-08-01,12
642,Atelier Firis: The Alchemist And The Mysterious Journey,Role-Playing,t,2017-03-07,12
1277,Breeding Stud 2,Sports,t,1998-07-30,12
7258,Mvp Baseball 2004,Sports,t,2004-03-09,12
1667,Charlie And The Chocolate Factory,Adventure,t,2005-07-11,12
5882,Konductra,Puzzle,t,2006-10-31,12
4570,Hanaoni: Yume No Tsudzuki,Visual Novel,t,2012-03-22,12
7456,Naruto Shippuden: Ultimate Ninja Impact,Fighting,t,2011-10-18,12
4178,Ghost Trick: Phantom Detective,Adventure,t,2011-01-11,12
9195,Rhythm Thief & The Emperor'S Treasure,Misc,t,2012-07-10,12
10007,Shrek Smash N' Crash Racing,Racing,t,2006-12-12,12
11930,Tokyo Xanadu,Role-Playing,t,2017-06-30,12
10100,Singstar,Misc,t,2004-05-21,12
8893,Quantum Conundrum,Misc,t,2012-07-10,12
12963,Worms: Open Warfare 2,Strategy,t,2007-09-04,12
8609,Popolocrois,Role-Playing,t,2005-11-29,12
8140,Original Story From Fairy Tail: Gekitotsu! Kardia Daiseidou,Role-Playing,t,2011-04-21,12
244,Air Conflicts: Secret Wars,Simulation,t,2011-09-28,12
7716,Neo Angelique: Tenshi No Namida,Misc,t,2017-12-07,12
8573,Pokémon: Johto Photo Finish: Game Boy Advance Video,Misc,t,2004-06-21,12
6422,Makai Senki Disgaea 4: Fuuka & Desco-Hen Hajime Mashita,Strategy,t,2011-10-27,12
9483,Saigo No Yakusoku No Monogatari,Role-Playing,t,2011-04-28,12
6536,Matchstick,Puzzle,t,2008-12-22,12
10899,Super Robot Taisen: Scramble Commander,Strategy,t,2003-11-06,12
11601,The Princess And The Frog,Platform,t,2009-11-17,12
12772,Wing Island,Simulation,t,2007-03-20,12
3860,Formula 1 06,Racing,t,2006-07-28,12
2929,Dragon Quest & Final Fantasy In Itadaki Street Portable,Misc,t,2006-05-25,12
12213,Tropico 3,Strategy,t,2010-02-16,12
3726,Final Fantasy Xi: Chains Of Promathia,Role-Playing,t,2004-09-21,12
5297,Jampack Winter 2003 (Rp-M),Misc,t,2003-10-15,12
3629,Fifa 13,Sports,t,2012-11-18,12
1222,Bottom Of The 9th '99,Sports,t,1998-07-01,12
3115,Dynasty Warriors 3: Xtreme Legends,Action,t,2003-01-11,12
6276,Luxor: The Wrath Of Set,Puzzle,t,2006-11-17,12
10654,Stormrise,Strategy,f,2009-03-24,12
8163,Ouka Sengoku Portable,Misc,t,2012-07-05,12
5601,Kane & Lynch 2: Dog Days,Shooter,t,2010-08-17,12
11174,Tenchu: Wrath Of Heaven,Action,t,2003-03-03,12
643,Atelier Iris 2: The Azoth Of Destiny,Role-Playing,t,2006-04-25,12
7927,Ninjatown,Strategy,t,2008-10-28,12
670,Atv Drift & Tricks,Racing,t,2018-11-20,12
6505,Marvel Vs. Capcom 3: Fate Of Two Worlds,Fighting,t,2011-02-15,12
3024,Driver: San Francisco,Racing,t,2011-09-06,12
4546,Halo 2 Multiplayer Map Pack,Shooter,t,2005-07-05,12
12477,Vancouver 2010 - The Official Video Game Of The Olympic Winter Games,Sports,t,2010-01-12,12
315,All-Star Baseball 2005,Sports,t,2004-03-23,12
5934,Kuroko'S Basketball: Ties To Future,Sports,t,2015-03-26,12
8309,Paws & Claws: Pet Resort,Simulation,t,2008-02-05,12
10264,Sol Trigger,Role-Playing,t,2012-10-04,12
5254,Jak And Daxter: The Precursor Legacy,Platform,t,2001-12-04,12
757,Baldur'S Gate: Dark Alliance,Role-Playing,t,2002-11-18,12
9121,Remember Me,Action,t,2013-06-04,12
12018,Tony Hawk'S Pro Skater 5,Sports,t,2015-12-15,12
6776,Metal Saga,Role-Playing,t,2006-04-25,12
6527,Master Of Illusion,Puzzle,t,2007-11-26,12
6411,Major League Baseball 2k6,Sports,t,2006-06-12,12
12845,Wolfenstein: The New Order,Shooter,t,2014-05-20,12
12926,World Soccer Winning Eleven 8 International,Sports,t,2005-02-01,12
10354,South Park Rally,Racing,t,1999-11-30,12
12505,Vietcong 2,Shooter,f,2005-10-24,12
12437,Utawarerumono: Mask Of Deception,Adventure,t,2015-09-24,12
2744,Dogz,Simulation,t,2006-11-22,12
5298,Jampack Winter 2003 (Rp-T),Misc,t,2003-10-15,12
11347,The Eye Of Judgment: Legends,Strategy,t,2010-03-10,12
7980,Nobunaga No Yabou: Tendou,Strategy,t,2010-03-04,12
7038,Monster Bomber,Puzzle,t,2006-11-28,12
11976,Tom Clancy'S Splinter Cell: Blacklist,Action-Adventure,t,2013-08-20,12
1328,Buffy The Vampire Slayer: Wrath Of The Darkhul King,Action,t,2003-06-24,12
8687,Prey (2017),Shooter,t,2017-05-05,12
8610,Popolocrois (Jp Sales),Role-Playing,t,2005-11-29,12
7558,Nba 2k14,Sports,t,2013-11-22,12
8944,Radirgy Noa Wii,Shooter,t,2010-02-25,12
7103,Moonlighter,Role-Playing,t,2018-11-09,12
498,Arctic Thunder,Racing,t,2001-09-17,12
7057,Monster Hunter Frontier Online: Season 9.0,Role-Playing,t,2010-09-29,12
1905,Command & Conquer: Red Alert 3 Ultimate Edition,Strategy,t,2009-03-23,12
3418,F.E.A.R.,Shooter,f,2005-10-17,12
12891,World In Conflict: Soviet Assault,Strategy,f,2009-03-10,12
5721,Kidou Senshi Gundam: Giren No Yabou - Axis No Kyoui V,Strategy,t,2009-02-12,12
13289,Zoo Quest: Puzzle Fun!,Puzzle,t,2008-12-22,12
8095,Onimusha Tactics,Strategy,t,2003-11-11,12
9232,Rise Of The Guardians: The Video Game,Action-Adventure,t,2012-11-20,12
9611,Sbk Superbike World Championship,Racing,t,2009-03-17,12
7994,"Nora, Princess, And Stray Cat",Visual Novel,t,2018-10-25,12
11046,Taiko No Tatsujin: Waku Waku Anime Matsuri,Misc,t,2003-12-18,12
5478,Judge Dredd: Dredd Vs Death,Shooter,t,2005-02-24,12
6106,Life Is Strange: Before The Storm,Adventure,t,2018-03-06,12
11203,Terraria,Action-Adventure,t,2014-12-02,12
2109,Cubix Robots For Everyone: Showdown,Action,t,2003-06-02,12
3318,Espn X-Games Pro Boarder,Sports,t,1998-10-31,12
3144,E.T. The Extra-Terrestrial,Action,t,2001-12-14,12
6730,Mercenaries: Playground Of Destruction,Action,t,2005-01-10,12
11886,Toca Race Driver 2: Ultimate Racing Simulator,Racing,t,2004-10-05,12
1517,Captain Morgane And The Golden Turtle,Adventure,t,2012-02-03,12
6477,Mario Party Advance,Misc,t,2005-03-28,12
2834,Double Value!: Atv Thunder Ridge Riders / Monster Trucks Mayhem,Racing,t,2007-08-15,12
8512,Pitfall: The Lost Expedition,Platform,t,2004-02-18,12
13208,Yuugen Gaisha Brave Company,Strategy,t,2011-10-27,12
4193,Gintama No Sugoroku,Misc,t,2013-01-24,12
10763,Sumikko Gurashi: Sumikko Park E Youkoso,Misc,t,2017-12-07,12
8935,Race Pro,Racing,t,2009-02-17,12
10488,Spy Kids Challenger,Platform,t,2002-08-21,12
3212,Eiyuu Densetsu: Zero No Kiseki,Role-Playing,t,2010-09-30,12
8137,Orfleurs: Koufuku No Hanataba,Adventure,t,2017-01-16,12
7580,Nba In The Zone '99,Sports,t,1999-04-07,12
13140,Your Shape Fitness Evolved 2013,Sports,t,2012-11-18,12
11791,Thrillville,Strategy,t,2006-11-21,12
8543,Pocket Dogs,Misc,t,2005-12-22,12
11295,The Chronicles Of Riddick: Escape From Butcher Bay,Shooter,t,2004-06-01,12
2453,Déraciné,Adventure,t,2018-11-06,12
2761,Dokuro,Misc,t,2012-07-05,12
11652,The Sims 2: Pets,Simulation,t,2006-10-17,12
3304,Espn Mlb Baseball,Sports,t,2004-05-04,12
5583,Kamen Rider: Battride War Ii,Misc,t,2014-06-26,12
197,After Burner: Black Falcon,Simulation,t,2007-03-20,12
1784,Clannad,Adventure,t,2014-08-14,12
12412,Urban Chaos: Riot Response,Shooter,t,2006-06-13,12
13185,Yu-Gi-Oh! The Falsebound Kingdom,Strategy,t,2003-11-04,12
11603,The Professor'S Brain Trainer: Logic,Puzzle,t,2006-11-17,12
8050,Ojyousama Express,Strategy,t,1998-07-30,12
5196,Isshoni Gohan. Portable,Misc,t,2013-01-24,12
3578,Fashion Week Jr. Designer,Simulation,t,2009-06-23,12
11515,The Legend Of Heroes: Trails Of Cold Steel,Role-Playing,t,2015-12-22,12
2687,Disney Princess,Platform,t,2003-04-04,12
1494,Candle: The Power Of The Flame,Platform,t,2018-10-16,12
1858,Codename: Panzers Cold War,Strategy,f,2009-03-10,12
11075,Tales Of Hearts R,Role-Playing,t,2014-11-11,12
9592,Sanzen Sekai Yuugi: Re Multi Universe Myself,Visual Novel,t,2018-09-27,12
12188,Trillion: God Of Destruction,Role-Playing,t,2016-03-29,12
9269,Roadsters,Racing,t,2000-03-21,12
1304,Brothers In Arms: Furious 4,Shooter,t,2012-09-30,12
12627,"Warhammer 40,000: Squad Command",Strategy,t,2007-11-12,12
10894,Super Robot Taisen Z,Strategy,t,2008-09-25,12
12356,Ultraman Fighting Evolution 3,Fighting,t,2004-12-02,12
1953,Cooking Mama: Cook Off,Simulation,t,2007-03-20,12
4962,Hyakumanton No Bara Bara,Strategy,t,2010-02-18,12
10733,Subnautica,Adventure,t,2018-12-04,12
9820,Shadow Tactics: Blades Of The Shogun,Strategy,t,2017-08-01,12
11792,Thrillville: Off The Rails,Strategy,f,2007-10-09,12
12916,World Snooker Championship 2007,Sports,t,2007-01-12,12
12118,Tousouchuu: Shijou Saikyou No Hunter-Tachi Kara Nigekire!,Misc,t,2012-07-05,12
7424,Nano Assault,Shooter,t,2011-12-01,12
6217,Lost Magic,Role-Playing,t,2006-04-25,12
7801,Nfl Xtreme,Sports,t,1998-06-30,12
8673,Powerup Heroes,Fighting,t,2011-10-18,12
1032,Black Bass With Blue Marlin,Sports,t,1999-12-08,12
12252,Turbo: Super Stunt Squad,Racing,t,2013-07-16,12
7049,Monster Hunter,Role-Playing,t,2004-09-21,12
4647,Harvest Moon: A Wonderful Life Special Edition,Simulation,t,2005-10-28,12
1079,Blazing Angels: Squadrons Of Wwii,Simulation,t,2007-03-20,12
9861,Sherlock Holmes And The Mystery Of Osborne House,Adventure,t,2011-01-04,12
6373,Mahjong Cub3d,Puzzle,t,2011-10-11,12
8830,Pulse Racer,Racing,t,2003-01-02,12
6793,Metroid Prime: Trilogy,Shooter,t,2009-08-24,12
10961,Suzumiya Haruhi-Chan No Mahjong,Misc,t,2011-07-07,12
12029,Top Gear Hyper-Bike,Racing,t,2000-03-21,12
13081,Yakuza 3,Action-Adventure,t,2018-08-09,12
12862,Wordjong Party,Puzzle,t,2008-12-18,12
10997,Sydney 2000,Sports,t,2000-07-31,12
1091,Bleach: Hanatareshi Yabou,Role-Playing,t,2006-02-16,12
7656,Ncaa Football 2001,Sports,t,2000-07-25,12
12885,World Election,Adventure,t,2017-07-20,12
11152,Tekken 3d: Prime Edition,Fighting,t,2012-02-14,12
6114,Line Rider 2: Unbound,Puzzle,t,2008-09-16,12
12844,Wolfenstein The Two Pack,Shooter,t,2017-08-22,12
1236,Brain Boost: Beta Wave,Puzzle,t,2006-11-17,12
11497,The Legend Of Heroes Ii: Prophecy Of The Moonlight Witch,Role-Playing,t,2006-06-20,12
13240,Zero Escape: Zero Time Dilemma,Adventure,t,2016-06-28,12
12821,Wipeout Pure,Racing,t,2005-03-16,12
11185,Tennis No Oji-Sama Gyutto! Dokidoki Survival - Umi To Yama No Love Passion,Sports,t,2011-06-23,11
4719,Hellblade: Senua'S Sacrifice,Action-Adventure,t,2018-12-04,11
4244,God Eater Off Shot: Tachibana Sakuya-Hen Twin Pack & Animation Vol.7,Action,t,2016-04-21,11
7065,Monster Jam: Crush It,Racing,t,2017-10-31,11
13312,Zumba Fitness: World Party,Misc,t,2013-11-22,11
4043,Galaga: Destination Earth,Shooter,t,2000-10-22,11
6431,Mame Goma 2: Uchi No Ko Ga Ichiban!,Simulation,t,2008-07-31,11
11817,Tiger Woods Pga Tour 2001,Sports,t,2001-02-26,11
2429,Demikids: Dark Version,Role-Playing,t,2003-10-07,11
11506,The Legend Of Heroes: Trails In The Sky Fc,Role-Playing,t,2012-12-13,11
3755,Fire Emblem: The Blazing Blade,Strategy,t,2003-11-03,11
3324,Eternal Ring,Role-Playing,t,2000-10-24,11
9471,Sacred Blaze,Strategy,t,2009-02-19,11
572,Arthur And The Invisibles,Adventure,t,2007-01-09,11
12674,Way Of The Samurai,Action,t,2002-05-31,11
10084,Simple Ds Series Vol. 41: The Bakudan Shori-Han,Action,t,2008-07-10,11
87,428: Shibuya Scramble,Visual Novel,t,2018-09-04,11
3609,Fate/Tiger Colosseum,Fighting,t,2007-09-13,11
9367,Roogoo Attack!,Puzzle,t,2009-06-30,11
3164,Earth Defense Force 2017,Shooter,t,2007-03-20,11
3380,Excitebots: Trick Racing,Racing,t,2009-04-20,11
5103,Inazuma Eleven Strikers,Sports,t,2011-07-16,11
9021,Raycrisis: Series Termination,Shooter,t,2000-10-25,11
1359,Burnout 2: Point Of Impact,Racing,t,2003-05-01,11
1570,Casper: Friends Around The World,Action,t,2000-11-06,11
11144,Teenage Mutant Ninja Turtles: Out Of The Shadows,Misc,t,2013-08-28,11
2762,Dokusui: Dokidoki Suikoden,Role-Playing,t,2011-05-12,11
5613,Kao Challengers,Platform,t,2006-03-29,11
3786,Fit & Fun,Sports,t,2011-06-17,11
7188,Moujuutsukai To Oujisama: Snow Bride Portable,Visual Novel,t,2012-02-23,11
9799,Sesame Street: Elmo'S Number Journey,Misc,t,1999-11-30,11
2430,Demikids: Light Version,Role-Playing,t,2003-10-06,11
9721,Sega Classics Collection,Misc,t,2005-03-22,11
2177,Daito Giken Premium Pachi-Slot Collection: Yoshimune,Misc,t,2006-07-06,11
4328,Grand Theft Auto Online,Misc,t,2013-10-01,11
10214,Smashing Drive,Racing,t,2002-02-18,11
3358,Evergrace,Role-Playing,t,2000-10-24,11
6641,Mega Man Battle Network 5: Double Team Ds (Us Sales),Role-Playing,t,2005-11-01,11
2818,Doraemon: Nobita And The Island Of Miracles,Adventure,t,2012-03-01,11
3213,Eiyuu Densetsu: Zero No Kiseki: Evolution,Role-Playing,t,2012-10-18,11
6847,Mike Piazza'S Strike Zone,Sports,t,1998-06-16,11
6782,Metal Slug Anthology,Shooter,t,2006-12-14,11
12865,World'S Scariest Police Chases,Racing,t,2001-05-21,11
6901,Miracle Tunes! Game De Tune Up! Tabun!,Misc,t,2017-11-09,11
6331,Madden Nfl 25,Sports,t,2013-08-27,11
1952,Cooking Mama 5,Simulation,t,2013-11-21,11
3928,Fritz Chess: The Ultimate Chess Game,Strategy,f,2007-10-15,11
5381,Jikkyou Powerful Pro Yakyuu 10 Chou Ketteiban: 2003 Memorial,Sports,t,2003-12-18,11
12556,Vitamin X,Adventure,t,2007-03-29,11
5214,J-League Jikkyou Winning Eleven 3,Sports,t,1997-12-11,11
5361,Jig-A-Pix: Love Is...,Puzzle,t,2010-02-05,11
2533,Diabolik Lovers: Lunatic Parade,Adventure,t,2016-02-25,11
7752,New Gundam Breaker,Action,t,2018-06-22,11
10292,Sonic Boom: Shattered Crystal,Platform,t,2014-11-11,11
7726,Neopets Puzzle Adventure,Puzzle,t,2008-12-18,11
10514,Star Fighter,Shooter,t,1996-01-01,11
3052,Ducati Moto,Racing,t,2008-07-01,11
11494,The Last Story,Role-Playing,t,2012-08-14,11
1917,Company Of Heroes: Tales Of Valor,Strategy,f,2009-04-07,11
7216,Mtv Music Generator,Misc,t,1999-11-30,11
7698,Need For Speed: Porsche Unleashed,Racing,t,2004-03-15,11
7639,Ncaa Final Four 2001,Sports,t,2000-12-18,11
8165,Oumagatoki: Kaidan Romance,Visual Novel,t,2012-03-29,11
102,7 Wonders: Treasures Of Seven,Puzzle,t,2011-12-03,11
9901,Shin Megami Tensei: Persona 2: Innocent Sin,Role-Playing,t,2011-09-20,11
10042,Silent Hill: Book Of Memories,Action,t,2012-10-16,11
11924,Tokyo Mono Harashi: Karasu No Mori Gakuen Kitan,Role-Playing,t,2010-04-22,11
9947,Shinobido: Tales Of The Ninja,Action,t,2007-02-09,11
2977,Drawn To Life,Adventure,t,2007-09-10,11
5101,Inazuma Eleven Go: Chrono Stone - Wildfire / Thunderflash,Role-Playing,t,2012-12-13,11
12056,Toriko: Gourmet Monsters!,Role-Playing,t,2012-12-13,11
11468,The King Of Fighters 2002: Unlimited Match,Fighting,t,2009-02-26,11
4279,Golden Nugget Casino / Texas Hold 'Em Double Pack,Misc,t,2005-04-01,11
5269,James Bond 007: Agent Under Fire,Shooter,t,2001-11-13,11
6575,Mechanic Master 2,Puzzle,t,2010-10-20,11
13189,Yu-Gi-Oh! Ultimate Masters: World Championship Tournament 2006,Misc,t,2006-03-14,11
8539,Playstation Move Heroes,Platform,t,2011-03-22,11
153,Aces Of War,Simulation,t,2007-03-23,11
6771,Metal Max 3,Role-Playing,t,2010-07-29,11
9456,S.C.A.R.S,Racing,t,1998-08-31,11
460,Aqua Panic!,Puzzle,t,2009-05-08,11
9762,Sengoku Hime 3: Tenka O Kirisaku Hikari To Kage,Visual Novel,t,2012-03-29,11
2571,Digimon World: Next Order,Role-Playing,t,2016-03-17,11
10051,Silent Scope,Shooter,t,2000-10-23,11
8808,Project X Zone 2,Role-Playing,t,2016-02-16,11
10913,Super Sonic Racer,Racing,t,2011-05-17,11
7932,Nintendo Labo: Toy-Con 02 Robot Kit,Action,t,2018-04-20,11
9444,Running Wild,Racing,t,1998-09-30,11
6894,Minna No Oekaki Yasan,Puzzle,t,2009-07-02,11
3046,Dt Carnage,Racing,t,2009-04-21,11
10181,Slime Morimori Dragon Quest 3: Taikaizoku To Shippo Dan,Role-Playing,t,2011-11-02,11
10909,Super Run For Money Tousouchuu & Sentouchuu,Action,t,2018-11-29,11
9384,Rozen Maiden: Duellwalzer,Adventure,t,2006-04-27,11
2249,Darius Ii,Shooter,t,1996-01-01,11
3978,Funky Barn,Simulation,t,2012-04-03,11
6560,May'S Mystery: Forbidden Memories,Puzzle,t,2011-09-28,11
1516,Captain Earth: Mind Labyrinth,Adventure,t,2015-02-26,11
3551,Far Cry Vengeance,Shooter,t,2006-12-12,11
1625,Challenge Me: Brain Puzzles 2,Puzzle,t,2010-10-26,11
8991,Rapala Fishing Pro Series,Simulation,t,2018-10-16,11
1806,Classic Word Games,Puzzle,t,2009-06-23,11
6384,Mahou Sensei Negima! Kagai Jugyou ~Otome No Dokidoki Beachside~,Adventure,t,2006-03-23,11
3165,Earth Defense Force 2017 (Old Jp Sales),Shooter,t,2007-03-20,11
11175,Tengai Makyo: Dai Yon No Mokushiroku,Role-Playing,t,2006-07-13,11
12467,Vampire Night,Shooter,t,2001-11-14,11
8065,Omega Labyrinth Z,Role-Playing,t,2017-07-06,11
9950,Shinseiki Evangelion 2: Tsukurareshi Sekai - Another Cases,Adventure,t,2006-04-27,11
12427,Uta No Prince-Sama: Debut,Visual Novel,t,2012-05-24,11
5897,Kororinpa: Marble Mania,Puzzle,t,2007-03-20,11
5286,Jampack Volume 10,Misc,t,2004-04-27,11
10371,Space Hulk: Vengeance Of The Blood Angels,Shooter,t,1996-01-01,11
312,All-Star Baseball 2002,Sports,t,2001-03-12,11
11531,The Legendary Starfy,Platform,t,2009-06-08,11
6037,Lego Friends,Simulation,t,2013-11-12,11
420,Animaniacs Ten Pin Alley,Sports,t,1998-12-01,11
11729,The Ultimate Battle Of The Sexes,Misc,t,2011-12-27,11
9142,Resident Evil 3: Nemesis,Action,t,2003-01-15,11
1605,Cats Together,Simulation,t,2018-11-01,11
7506,Nascar 99,Racing,t,1998-09-11,11
9171,Retro Atari Classics,Misc,t,2005-03-16,11
7198,Move Fitness,Sports,t,2013-03-26,11
1480,Call Of Duty: Roads To Victory,Shooter,t,2007-03-13,11
9302,Rock Blast,Puzzle,t,2010-02-09,11
4517,Hakuoki: Shinkai - Fuukaden,Visual Novel,t,2018-09-06,11
7553,Nba 2k Playgrounds 2,Sports,t,2018-11-09,11
7171,Motorhead,Racing,t,1998-09-30,11
7066,Monster Jam: Maximum Destruction,Racing,t,2002-03-27,11
3073,Dungeon Explorer: Warriors Of Ancient Arts,Role-Playing,t,2008-02-19,11
9924,Shining Force Feather,Strategy,t,2009-02-19,11
10008,Shrek Super Party,Misc,t,2002-11-29,11
4123,Gegege No Kitarou: Youkai Daigekisen,Action,t,2008-07-10,11
1627,Challenge Me: Word Puzzles,Puzzle,t,2011-09-27,11
8277,Parfait,Adventure,t,2015-02-26,11
5685,Kengo: Legend Of The 9,Fighting,t,2007-09-11,11
3401,Eyepet,Simulation,t,2010-09-17,11
1656,Chaos Rings Iii,Role-Playing,t,2014-10-16,11
1607,Catz,Simulation,t,2006-11-30,11
8950,Ragnarok Odyssey Ace,Role-Playing,t,2014-04-01,11
510,Ark: Survival Evolved,Action-Adventure,t,2018-11-30,11
11280,The Book Of Unwritten Tales 2,Adventure,t,2015-09-18,11
4983,I Am Setsuna,Role-Playing,t,2016-02-18,11
1192,Bomberman Land Touch!,Puzzle,t,2006-11-07,11
12037,Top Gun: Combat Zones,Simulation,t,2004-12-01,11
2275,Darkened Skye,Adventure,t,2002-11-16,11
1079,Blazing Angels: Squadrons Of Wwii,Simulation,t,2006-12-12,11
5206,Izumo 2,Adventure,t,2006-04-27,11
2200,Dance Dance Revolution Ultramix 3,Simulation,t,2005-11-15,11
8888,Quake 4,Shooter,f,2005-10-11,11
5881,Konami Krazy Racers,Racing,t,2001-06-10,11
9904,Shin Megami Tensei: Persona 3 Fes,Role-Playing,t,2008-04-22,11
1061,"Blast Works: Build, Trade, Destroy",Shooter,t,2008-06-11,11
12616,"Warhammer 40,000: Dawn Of War - Dark Crusade",Strategy,f,2006-10-09,11
10336,Soul Reaver 2,Adventure,t,2001-10-31,11
10536,Star Trek: Voyager Elite Force,Shooter,t,2001-12-06,11
4430,Guitar Freaks V & Drummania V,Simulation,t,2006-03-16,11
7544,Nazo Waku Yakata: Oto No Ma Ni Ma Ni,Misc,t,2011-08-04,11
53,2 Games In 1: Disney'S Brother Bear / The Lion King 1 1/2,Action,t,2005-01-18,11
12235,Tsukigime Ranko'S Longest Day,Misc,t,2014-01-16,11
8178,Outlaw Volleyball,Sports,t,2003-07-09,11
6870,Minecraft,Misc,t,2017-11-10,11
9547,Samurai Shodown Anthology,Fighting,t,2009-04-14,11
6783,Metal Slug X,Shooter,t,2001-04-14,11
11303,The Conveni Portable,Simulation,t,2010-07-08,11
7096,"Monsters, Inc.",Adventure,t,2001-10-25,11
5475,Jsrf: Jet Set Radio Future,Action,t,2002-02-28,11
4853,Hitotsu Tobashi Renai V,Adventure,t,2015-01-29,11
2092,Csi: Crime Scene Investigation,Adventure,t,2004-12-14,11
4926,Hotbrain,Puzzle,t,2007-06-18,11
11774,Thief: Deadly Shadows,Action,t,2004-05-25,11
8525,Plants Vs. Zombies,Strategy,t,2011-11-15,11
3406,Eyeshield 21: Max Devil Power,Role-Playing,t,2006-02-02,11
3570,Farming Simulator 2012,Simulation,t,2012-03-30,11
4957,Hyakka Hyakurou: Sengoku Ninpoujou,Adventure,t,2016-02-25,11
9743,Sekai Wa Atashi De Mawatteru: Hikari To Yami No Princess,Role-Playing,t,2009-07-09,11
1889,Combat Wings: The Great Battles Of Wwii,Simulation,t,2012-03-27,11
1024,Bit Generations: Dotstream,Racing,t,2006-07-13,11
2915,Dragon Ball: Evolution,Fighting,t,2009-04-08,11
7360,Mystery Case Files: The Malgrave Incident,Adventure,t,2011-06-27,11
4700,Heart Catch Precure! Oshare Collection,Action,t,2010-08-05,11
9976,Shitsuji Ga Aruji O Erabu Toki,Adventure,t,2016-02-25,11
2524,Dexter'S Lab Chess Challenge,Misc,t,2002-10-15,11
7268,Mx Vs. Atv Unleashed,Racing,t,2005-03-16,11
8261,Panzer Dragoon Ii Zwei,Shooter,t,1996-01-01,11
2201,Dance Dance Revolution Universe,Simulation,t,2007-02-27,11
4423,Guilty Gear Xx Accent Core,Fighting,t,2007-09-11,11
6174,Lode Runner,Puzzle,t,2006-10-26,11
11424,The Idolm@Ster: Gravure For You! Vol. 6,Simulation,t,2012-03-29,11
5393,Jikkyou Powerful Pro Yakyuu 2000 Ketteiban,Sports,t,2000-12-21,11
40,18 Wheeler: American Pro Trucker,Racing,t,2002-02-18,11
2978,Drawn To Life (Jp Sales),Adventure,t,2007-09-10,11
6146,Littlebigplanet Karting,Racing,t,2012-11-06,11
8787,Pro Yakyuu Team O Tsukurou!,Sports,t,1999-08-05,11
11161,Tempest 3x,Shooter,t,1996-01-01,11
5707,Ketsui Deathtiny: Kizuna Jigoku Tachi,Action,t,2018-11-29,11
6348,Magic Carpet,Shooter,t,1996-01-01,11
4428,Guitar Freaks & Drummania: Masterpiece Gold,Simulation,t,2007-03-08,11
1435,Cabela'S The Hunt: Championship Edition Bundle,Simulation,t,2018-11-09,11
9702,Secret Mysteries In London,Puzzle,t,2011-11-25,11
8574,Pokepark 2: Wonders Beyond,Adventure,t,2012-02-27,11
3238,Elven Legacy,Strategy,f,2009-04-07,11
7084,Monster Tale,Platform,t,2011-03-22,11
6778,Metal Slug 3,Shooter,t,2004-05-26,11
3784,Fist Of The North Star: Ken'S Rage 2,Action,t,2013-02-07,11
11207,Test Drive 5,Racing,t,1998-09-30,11
12879,World Cup '98 France: Road To Win,Sports,t,1998-06-11,11
7443,Naruto Rpg 3: Rejiuu Vs Konoha Shoutai,Role-Playing,t,2006-07-13,11
11579,The Nightmare Of Druaga: Fushigino Dungeon,Role-Playing,t,2004-10-26,11
8558,Pokémon Box: Ruby And Sapphire,Misc,t,2004-09-12,11
10246,Snowboarding,Sports,t,2000-12-20,11
7260,Mx 2002 Featuring Ricky Carmichael,Racing,t,2001-09-15,11
6916,Mitsu X Mitsu Drops: Love X Love Honey Life,Adventure,t,2006-04-06,11
10252,Soccer Tsuku Tokudai Gou: J-League Pro Soccer Club O Tsukurou,Sports,t,2000-12-21,11
2997,Dream Trigger 3d,Shooter,t,2011-05-10,11
1864,Cold Winter,Shooter,t,2005-05-11,11
13296,Zoo Tycoon 2: Extinct Animals,Strategy,f,2007-10-16,11
13211,Yuuna And The Haunted Hot Springs: Steam Dungeon,Role-Playing,t,2018-11-15,11
11085,Talkman,Misc,t,2006-06-16,11
9244,River City Ransom Ex,Action,t,2004-05-25,11
5698,Kenshuui Tendo Dokuta,Simulation,t,2004-12-02,11
1524,Car Battler Joe,Role-Playing,t,2002-10-21,11
6782,Metal Slug Anthology,Shooter,t,2007-03-28,11
8420,Phantasy Star Online Episode I & Ii Plus,Role-Playing,t,2004-09-15,11
5976,Langrisser: Re:Incarnation Tensei,Role-Playing,t,2016-04-19,11
1758,Circuit Breakers,Racing,t,1998-09-02,11
11330,The Elder Scrolls Iv: Oblivion,Role-Playing,t,2009-07-07,11
10737,Sudoku Ball Detective,Puzzle,t,2009-09-22,11
7077,Monster Rancher 4,Simulation,t,2003-11-13,11
5105,Incredible Crisis,Action,t,2000-11-06,11
10152,Skies Of Arcadia,Role-Playing,t,2000-11-13,11
172,Advance Guardian Heroes,Role-Playing,t,2004-09-14,11
2744,Dogz,Simulation,t,2005-11-17,11
9182,Revolution X,Shooter,t,1996-01-01,11
7938,Nippon Daihyou Team No Kantoku Ni Narou! Sekaihatsu Soccer Rpg,Sports,t,1998-06-25,11
9876,Shin Chan: ¡Aventuras De Cine!,Platform,t,2008-11-28,11
5421,Jikkyou World Soccer 2000 Final Edition,Sports,t,2000-12-21,11
4986,I Don'T Have Many Friends Portable,Visual Novel,t,2012-02-23,11
1145,Blue Dragon: Awakened Shadow,Role-Playing,t,2010-05-18,11
1181,Bomberman 2,Puzzle,t,2009-02-13,11
10255,Socom 4: U.S. Navy Seals,Shooter,t,2011-04-19,11
1923,Conduit 2,Shooter,t,2011-04-19,11
234,Aikatsu! 2-Nin No My Princess,Simulation,t,2013-11-21,11
7502,Nascar 2001,Racing,t,2000-09-19,11
9794,Serious Sam: Next Encounter,Shooter,t,2004-04-12,11
5811,Kiniro No Corda 3,Adventure,t,2015-02-26,11
13278,Zombie Vikings,Action,t,2016-04-20,11
6517,Mary Skelter: Nightmares 2,Role-Playing,t,2018-07-12,11
1398,Buzz! The Big Quiz,Misc,t,2006-03-17,11
11429,The Idolm@Ster: Shiny Festa - Honey Sound / Funky Note / Groovy Tune,Music,t,2012-10-25,11
1380,Bust-A-Move Bash!,Puzzle,t,2007-04-17,11
5627,Karaoke Revolution Volume 2,Misc,t,2004-07-13,11
9276,Robocalypse,Strategy,t,2008-11-17,11
10215,Smile Precure! Let'S Go! Marchen World,Misc,t,2012-08-02,11
5549,K-1 World Grand Prix,Sports,t,2003-07-09,11
7438,Nari Kids Park: Kaitou Sentai Lupinranger Vs. Keisatsu Sentai Patoranger,Action,t,2018-11-21,11
3292,Escape The Museum,Adventure,t,2010-01-12,11
12707,Wedding Planner: Dream Weddings Guaranteed,Simulation,t,2010-12-03,11
9141,Resident Evil 2,Action,t,2003-01-16,11
9958,Shinseiki Gpx Cyber Formula Vs,Racing,t,2008-07-10,11
5875,Konami Arcade Classics,Misc,t,1999-11-30,11
2971,Drakengard 3,Misc,t,2014-05-20,11
12899,World Of Outlaws: Sprint Cars 2002,Racing,t,2002-03-26,11
5545,Jyuzaengi: Engetsu Sangokuden,Visual Novel,t,2012-05-24,11
12730,White Knight Chronicles: Origins,Role-Playing,t,2011-06-10,11
6843,Might & Magic: Clash Of Heroes,Role-Playing,t,2009-12-01,11
7933,Nintendo Labo: Toy-Con 03 Vehicle Kit,Racing,t,2018-09-14,11
7688,Need For Speed Underground 2,Racing,t,2005-05-10,11
8141,Orphen: Scion Of Sorcery,Role-Playing,t,2000-10-23,11
5107,Indiana Jones And The Emperor'S Tomb,Action,t,2003-02-24,11
8879,Puzzler Mind Gym 3d,Puzzle,t,2011-09-13,11
9368,Roogoo Twisted Towers,Puzzle,t,2009-06-30,11
10328,Soukoku No Kusabi: Hiiro No Kakera 3 Ashita He No Tobira,Visual Novel,t,2012-05-31,11
1279,Brian Lara Cricket,Sports,t,1998-12-01,11
3874,Forza Horizon,Racing,t,2012-10-23,11
977,Big Bass Fishing,Action,t,2002-05-02,11
67,2nd Super Robot Wars Original Generation,Role-Playing,t,2012-11-29,11
2631,Disney'S Chicken Little: Ace In Action,Shooter,t,2006-12-11,11
2759,Doko Demo Issho: Let'S Gakkou!,Misc,t,2006-06-15,11
5656,Kawa No Nushi Tsuri,Sports,t,1998-08-20,11
4652,Harvest Moon: Frantic Farming,Puzzle,t,2009-08-25,11
12484,Vantage Master Portable,Role-Playing,t,2008-04-24,11
10777,Summon Night,Role-Playing,t,2008-04-24,11
7666,Ncaa Gamebreaker 2001,Sports,t,2000-12-18,11
8479,Pinball Hall Of Fame: The Gottlieb Collection,Misc,t,2005-03-20,11
7150,Motocross Maniacs Advance,Racing,t,2002-03-21,11
11632,The Simpsons: Road Rage,Racing,t,2001-12-17,11
11845,Timesplitters,Shooter,t,2000-10-23,11
4893,Horsez,Simulation,t,2006-11-28,11
3712,Final Fantasy Iv Advance,Role-Playing,t,2005-12-12,11
6292,Machi: Unmei No Kousaten,Adventure,t,2006-04-27,11
6759,Metal Gear Solid: Digital Graphic Novel,Misc,t,2006-06-13,11
13032,X-Men Legends Ii: Rise Of Apocalypse,Role-Playing,t,2005-10-18,11
509,Ark Park,Adventure,t,2018-10-30,11
11223,Tetris Evolution,Puzzle,t,2007-03-19,11
3720,Final Fantasy Vi Advance,Role-Playing,t,2007-02-05,11
3006,Dreamer Series: Zoo Keeper,Simulation,t,2010-01-04,11
9750,Sengoku Basara 4,Misc,t,2014-01-23,11
2488,Destiny Links,Role-Playing,t,2009-02-05,11
11697,The Snack World: Trejarers,Role-Playing,t,2017-08-10,11
11386,The Great Escape,Action,t,2008-07-23,11
7142,Moto Racer 2,Racing,t,1998-08-31,11
9628,School Wars: Graduation Front,Misc,t,2013-06-27,11
5124,Initial D: Extreme Stage,Racing,t,2008-07-03,11
5713,Kidou Gekidan Haro Ichiza Gundam Mahjong Ds: Oyaji Nimo Agarareta Koto Nai Noni!,Misc,t,2005-12-29,11
2075,Cruis'N World,Racing,t,1998-08-31,11
812,Bass Pro Shops: The Strike - Championship Edition,Simulation,t,2018-11-09,11
8018,Nursery Mania,Simulation,t,2010-07-06,11
3983,Fushigi No Dungeon - Furai No Shiren 4 Plus: Kami No Hitomi To Akuma No Heso,Role-Playing,t,2012-10-18,11
6640,Mega Man Battle Network 5: Double Team Ds (Jp Sales),Role-Playing,t,2005-11-01,11
2356,Dead To Rights: Reckoning,Shooter,t,2005-06-28,11
4307,Gradius Galaxies,Shooter,t,2001-11-12,11
3236,Elminage Original: Majo To Megami To Kamigami No Yubiwa,Role-Playing,t,2011-05-19,11
10789,Summoner,Role-Playing,t,2000-10-25,11
9829,Shakugan No Shana,Adventure,t,2006-03-23,11
1156,Bob The Builder: Can We Fix It?,Action,t,2001-08-31,11
10809,Super Bowling,Sports,t,2001-01-15,11
4782,High Heat Baseball 2002,Sports,t,2001-03-14,11
3128,Dynasty Warriors 8: Empires,Misc,t,2017-11-09,11
9506,Saki Achiga-Hen Episode Of Side-A Portable,Misc,t,2013-08-29,11
6453,March Of The Penguins,Adventure,t,2006-11-27,11
9974,Shirogane X Spirits!,Adventure,t,2016-03-24,11
1816,Clive Barker'S Jericho,Shooter,f,2007-10-23,11
7935,Nintendo Presents: Crossword Collection,Puzzle,t,2009-12-18,11
10063,Simcity 2000,Simulation,t,2003-11-13,11
5443,Jissen Pachi-Slot Hisshouhou! Moujuu-Oh S,Misc,t,2002-12-19,11
11110,Tatsunoko Vs. Capcom: Cross Generation Of Heroes,Fighting,t,2008-12-11,11
10483,Spy Hunter,Racing,t,2001-09-24,11
3452,Fable: The Journey,Role-Playing,t,2012-10-09,11
2428,Demigod,Strategy,f,2009-04-14,11
10650,Storm Lover Kai!!,Visual Novel,t,2012-06-07,11
7439,Nari Kids Park: Ultraman R/B,Action,t,2018-11-21,11
3863,Formula One 2001,Racing,t,2001-09-24,11
35,12-Sai. Honto No Kimochi,Adventure,t,2014-12-18,11
2143,D.Gray-Man: Kami No Shitotachi,Adventure,t,2007-03-29,11
6510,Mary-Kate And Ashley: Crush Course,Action,t,2001-08-31,11
12434,Utawarerumono Zan,Action,t,2018-09-27,11
2041,Crazy Taxi: Fare Wars,Racing,t,2007-08-07,11
2451,Densha De Go! Shinkansen Ex: Sanyou Shinkansen-Hen,Simulation,t,2007-03-01,11
3062,Duke Nukem Advance,Shooter,t,2002-08-12,11
11606,The Quest Trio,Puzzle,t,2008-08-26,11
8202,Ozmafia!! -Vivace-,Adventure,t,2015-02-26,11
6654,Mega Man Powered Up,Platform,t,2006-03-14,11
1855,Codename: Kids Next Door: Game Boy Advance Video Volume 1,Misc,t,2004-06-29,11
4176,Ghost Rider,Action,t,2007-02-13,11
12666,Watashi No Relaxuma,Simulation,t,2007-04-12,11
1444,Cake Mania,Puzzle,t,2007-04-09,11
12091,Touch Shot! Love Application,Visual Novel,t,2012-02-23,11
7437,Nari Kids Park: Hugtto! Precure,Action,t,2018-11-21,11
11743,The Warriors,Action,t,2007-02-12,11
4185,Giana Sisters: Twisted Dreams,Platform,t,2018-09-25,11
5932,Kurogane Kaikitan,Adventure,t,2015-01-29,11
2067,Cross Treasures,Role-Playing,t,2009-12-03,11
2960,Dragon Valor,Role-Playing,t,2000-10-16,11
8218,Pac-Man World 2,Action,t,2002-02-24,11
8131,Ore Wa Shoujo Mangaka,Visual Novel,t,2012-02-23,11
9372,Root Double: Before Crime * After Days,Visual Novel,t,2012-06-14,11
11500,The Legend Of Heroes Vi: Sora No Kiseki The 3rd,Misc,t,2013-06-27,11
6416,Major League Baseball Featuring Ken Griffey Jr,Sports,t,1998-05-31,11
6988,Model * Oshare Audition: Dream Girl,Simulation,t,2013-11-14,11
5351,Jewel Quest Mysteries 2: Trail Of The Midnight Heart,Puzzle,t,2011-11-25,11
13143,Yowamushi Pedal Asu E No High Cadence,Adventure,t,2015-01-29,11
7030,Monopoly Party,Misc,t,2002-10-29,11
2248,Darius Gaiden,Shooter,t,1996-01-01,11
2916,Dragon Ball: Evolution (Jp Sales),Fighting,t,2009-04-08,11
4630,Harukanaru Toki No Naka De 5: Kazahanaki,Visual Novel,t,2012-02-23,11
5866,Koibana Days,Misc,t,2013-06-20,11
9110,Reel Fishing Paradise 3d,Sports,t,2011-06-28,11
6718,Memories Off: Sorekara Again,Adventure,t,2006-03-23,11
1258,Brave Story: Boku No Kioku To Negai,Role-Playing,t,2006-07-06,11
4464,Gundam Breaker,Misc,t,2013-06-27,11
7337,"My World, My Way",Role-Playing,t,2009-02-03,11
7616,Nba Live 99,Sports,t,1998-10-31,11
10615,State Of Emergency 2,Shooter,t,2006-02-14,11
7173,Motorstorm Complete,Racing,t,2008-05-22,11
354,Amatsumi Sora Ni! Kumo No Hatate Ni,Adventure,t,2015-09-17,11
12390,Unou No Tatsujin: Soukai! Machigai Museum 2,Misc,t,2007-03-01,11
6330,Madden Nfl 25,Sports,t,2013-08-27,11
6605,Medal Of Honor: Underground,Shooter,t,2000-10-23,11
1464,Call Of Duty Black Ops: Declassified,Shooter,t,2012-11-13,11
3604,Fate/Extra,Role-Playing,t,2011-11-01,11
12975,Wrc: World Rally Championship,Racing,t,2002-03-21,11
653,Atelier Totori: The Adventurer Of Arland,Role-Playing,t,2012-11-29,11
920,Beatmania Iidx 13: Distorted,Simulation,t,2007-08-30,11
7338,"My World, My Way (Us Sales)",Role-Playing,t,2009-02-03,11
11362,The Flintstones: Big Trouble In Bedrock,Platform,t,2001-12-09,11
7419,Nancy Drew: The Model Mysteries,Puzzle,t,2010-02-10,11
9028,Rayman 3d,Platform,t,2011-03-22,11
6248,Lumines Ll,Puzzle,t,2006-11-06,11
6977,Mobile Suit Gundam: Gundam Vs. Zeta Gundam,Shooter,t,2005-06-28,11
9329,Rogue Trip: Vacation 2012,Racing,t,1998-09-30,11
10745,Suggoi! Arcana Heart 2,Fighting,t,2009-04-09,11
13272,Zoids: Legacy,Role-Playing,t,2004-09-15,11
10577,Star Wars: Obi-Wan,Action,t,2001-12-19,11
8677,Pq2: Practical Intelligence Quotient,Puzzle,t,2007-06-18,11
11691,The Sky Crawlers: Innocent Aces,Simulation,t,2010-01-12,11
8194,Overlord: Minions,Puzzle,t,2009-06-23,11
5385,Jikkyou Powerful Pro Yakyuu 13,Sports,t,2006-07-13,11
3051,Dualpensports,Sports,t,2011-06-21,11
8845,Purr Pals,Simulation,t,2007-03-27,11
5164,Inuyasha: Secret Of The Divine Jewel,Role-Playing,t,2007-01-23,10
2529,Diablo Iii: Ultimate Evil Edition,Role-Playing,t,2014-08-19,10
4514,Hakuoki: Reimeiroku Ds,Visual Novel,t,2012-04-26,10
5819,Kirarin * Revolution: Mezase! Idol Queen,Simulation,t,2007-07-12,10
2936,Dragon Quest Monsters 1·2,Role-Playing,t,2002-05-30,10
9251,River Raid,Shooter,t,1982-01-01,10
11993,Tomb Raider: The Prophecy,Adventure,t,2002-11-12,10
5861,Kobitodzukan: Kobito No Fushigi - Jikken Set,Simulation,t,2013-12-12,10
5403,Jikkyou Powerful Pro Yakyuu 3 '97 Haru,Sports,t,1997-03-20,10
5648,Katekyoo Hitman Reborn! Ds: Flame Rumble Kaien Ring Soudatsuen!,Fighting,t,2007-09-20,10
7644,Ncaa Football 07,Sports,t,2006-07-18,10
6971,Mobile Suit Gundam: Crossfire,Simulation,t,2006-11-13,10
11968,Tom Clancy'S Rainbow Six: Rogue Spear,Shooter,t,2001-03-28,10
4239,God Eater 2: Rage Burst,Role-Playing,t,2015-02-26,10
9027,Rayman 3: Hoodlum Havoc,Platform,t,2003-03-18,10
792,Barbie In The 12 Dancing Princesses,Adventure,t,2007-01-14,10
3097,Dungeons 3,Strategy,t,2017-10-17,10
10379,Space Raiders,Shooter,t,2004-04-19,10
1614,Centipede,Shooter,t,1982-01-01,10
216,Age Of Empires Iii: The Asian Dynasties,Strategy,f,2007-10-23,10
5366,Jikkyou J-League Perfect Striker,Sports,t,1996-12-20,10
2505,Detective Conan: Prelude From The Past,Adventure,t,2012-04-19,10
12488,Vehicular Combat League Presents Motor Mayhem,Racing,t,2001-06-20,10
6090,Let'S Ride! Dreamer,Adventure,t,2006-03-10,10
4005,G-Police,Action,t,1997-09-30,10
952,Berzerk,Shooter,t,1982-01-01,10
6942,Mlb Front Office Manager,Sports,t,2009-01-26,10
1438,Caesar Iv,Strategy,f,2006-09-26,10
6323,Madden Nfl 19,Sports,t,2018-08-10,10
6218,Lost Odyssey,Role-Playing,t,2008-02-12,10
4628,Harukanaru Toki No Naka De 4: Aizouban,Role-Playing,t,2010-12-22,10
538,Armored Core: Verdict Day,Shooter,t,2013-09-24,10
1942,Contra: Legacy Of War,Shooter,t,1996-11-30,10
8890,Quake Iii: Revolution,Shooter,t,2001-03-26,10
10565,Star Wars: Dark Forces,Shooter,t,1996-11-30,10
6398,Majin Bone: The Majin Of Space And Time,Fighting,t,2014-10-09,10
3970,Full Spectrum Warrior: Ten Hammers,Strategy,t,2006-03-28,10
9798,Sesame Street: Elmo'S Letter Adventure,Misc,t,1999-11-15,10
10165,Skylanders: Superchargers,Action-Adventure,t,2015-09-20,10
8674,Poy Poy,Action,t,1997-09-30,10
7393,Namco Museum 64,Misc,t,1999-10-31,10
5683,Ken To Mahou To Gakuen Mono. 3d,Role-Playing,t,2011-07-07,10
6597,Medal Of Honor: European Assault,Shooter,t,2005-06-07,10
5404,Jikkyou Powerful Pro Yakyuu 4,Sports,t,1997-03-14,10
8414,Phantasy Star Nova,Misc,t,2014-11-27,10
2398,Deception Iv: Blood Ties,Action,t,2014-03-25,10
12458,Valkyria Chronicles Remastered,Role-Playing,t,2016-05-17,10
6989,Modnation Racers,Racing,t,2010-05-25,10
11042,Taiko No Tatsujin: Drum Session!,Music,t,2017-10-26,10
10283,Sonic & Sega All-Stars Racing With Banjo-Kazooie,Racing,t,2010-02-23,10
6687,Megamania,Shooter,t,1982-01-01,10
3792,Flatout,Racing,t,2005-07-12,10
1958,Cool Boarders 2001,Sports,t,2001-05-21,10
11928,Tokyo Twilight Ghost Hunters,Visual Novel,t,2015-03-10,10
3230,Elkrone No Atelier: Dear For Otomate,Visual Novel,t,2012-04-12,10
1059,Blast Lacrosse,Sports,t,2001-05-23,10
1807,Classified: The Sentinel Crisis,Shooter,t,2006-04-14,10
9261,Road Rash 3d,Racing,t,1998-05-31,10
2740,Dodonpachi Daifukkatsu: Black Label,Shooter,t,2011-02-03,10
12798,Winter Heat,Sports,t,1997-11-30,10
676,Atv Quad Kings,Racing,t,2010-03-02,10
1968,Corvette,Racing,t,2004-03-09,10
8419,Phantasy Star Online Episode I & Ii,Role-Playing,t,2002-10-29,10
13298,Zoo Tycoon 2: Zookeeper Collection,Strategy,f,2006-10-01,10
11946,Tom Clancy'S Endwar,Strategy,f,2009-02-24,10
215,Age Of Empires Iii: Gold Edition,Strategy,f,2007-10-23,10
5873,Kokoro No Kokoron,Misc,t,2011-07-14,10
6222,Lost Planet: Extreme Condition Colonies Edition,Shooter,t,2008-05-27,10
10222,Sniper Elite,Shooter,f,2005-10-27,10
61,2 In 1 Combo Pack: Sonic Mega Collection Plus / Super Monkey Ball Deluxe,Misc,t,2005-01-01,10
9643,Scrabble,Misc,t,1999-10-31,10
5927,Kunio-Kun: The World Classics Collection,Misc,t,2018-12-20,10
815,Bassmasters 2000,Sports,t,1999-12-16,10
6973,Mobile Suit Gundam: Extreme Vs Force,Action,t,2017-01-01,10
2628,Disney'S Atlantis: The Lost Empire,Platform,t,2001-09-19,10
5996,Le Tour De France 2017,Simulation,t,2017-06-15,10
2187,Dance Central 3,Music,t,2012-10-16,10
3084,Dungeon Travelers 2-2: The Maiden Who Fell Into Darkness And The Book Of Beginnings,Role-Playing,t,2017-04-20,10
13102,Yattaman Wii: Bikkuridokkiri Machine De Mou Race Da Koron,Racing,t,2008-12-11,10
5377,Jikkyou Powerful Pro Yakyuu '98 Ketteiban,Sports,t,1998-12-23,10
2252,Dark Cavern,Shooter,t,1982-01-01,10
6301,Mad Dog Mccree: Gunslinger Pack,Shooter,t,2009-06-16,10
10162,Skylanders Imaginators,Platform,t,2016-10-16,10
13204,Yuu Yuu Hakusho,Fighting,t,1993-12-22,10
2556,Digimon Rumble Arena 2,Fighting,t,2004-09-06,10
4904,Hot Potato!,Action,t,2001-07-01,10
9898,Shin Megami Tensei: Devil Survivor Overclocked,Role-Playing,t,2011-08-23,10
10847,Super Monkey Ball Adventure,Platform,t,2006-08-01,10
11499,The Legend Of Heroes Iii: Song Of The Ocean,Role-Playing,t,2007-01-23,10
6598,Medal Of Honor: European Assault (All Region Sales),Shooter,t,2005-06-07,10
8596,Pop'N Music 13 Carnival,Simulation,t,2006-09-28,10
12149,Transformers: Fall Of Cybertron,Action,t,2012-08-21,10
13067,Xi Coliseum,Puzzle,t,2006-03-09,10
13049,Xblaze Code: Embryo,Visual Novel,t,2014-06-24,10
7615,Nba Live 98,Sports,t,1997-11-30,10
10636,Steins;Gate: Darling Of Loving Vows,Visual Novel,t,2012-05-24,10
1108,Bliss Island,Puzzle,t,2006-12-08,10
8684,Pretty Rhythm Rainbow Live: Kira Kira My * Design,Simulation,t,2013-11-28,10
11486,The Kore Gang,Platform,t,2011-11-08,10
4461,Gundam Battle Online,Action,t,2001-06-28,10
6592,Medal Of Honor European Assault,Shooter,t,2005-06-07,10
5133,Inside / Limbo Double Pack,Platform,t,2017-09-12,10
9370,Roommate Asami: Okusama Wa Joshikousei,Adventure,t,2002-06-20,10
10166,Skylanders: Superchargers Racing,Action-Adventure,t,2015-09-20,10
6698,Meiq No Chika Ni Shisu: A Maze To Eradicate Them All,Role-Playing,t,2016-09-13,10
13270,Zoids Dash,Role-Playing,t,2006-06-15,10
7893,Nightmare Creatures,Action,t,1997-10-01,10
9237,Risen 3: Titan Lords,Role-Playing,t,2014-08-12,10
8569,Pokémon Rumble U,Action,t,2013-08-29,10
7992,Nora To Koku No Koubou: Kiri No Mori No Majo,Role-Playing,t,2011-07-21,10
2184,Danball Senki,Role-Playing,t,2011-06-16,10
636,Atari Flashback Classics: Volume 1,Misc,t,2016-10-12,10
4383,Grisaia Phantom Trigger 03 & 04,Visual Novel,t,2018-08-02,10
1722,Chou-Kuukan Night Pro Yakyuu King (Weekly Jp Sales),Sports,t,1996-12-20,10
11512,The Legend Of Heroes: Trails In The Sky The 3rd,Role-Playing,t,2008-07-24,10
5319,Jeremy Mcgrath Supercross 98,Racing,t,1998-05-31,10
12487,Veggy World,Shooter,t,2011-09-07,10
2046,Crime Killer,Racing,t,1998-06-30,10
2932,Dragon Quest Heroes I & Ii For Nintendo Switch,Role-Playing,t,2017-03-03,10
3904,Freaky Flyers,Racing,t,2003-08-08,10
1034,Black Clover: Quartet Knights,Shooter,t,2018-09-14,10
11320,The Darkness Ii,Shooter,t,2012-02-07,10
4763,Hexyz Force,Role-Playing,t,2010-05-25,10
13232,Zendoku,Puzzle,t,2007-06-26,10
66,25 To Life,Shooter,t,2006-01-17,10
637,Atari Flashback Classics: Volume 2,Misc,t,2016-10-12,10
11582,The Orange Box,Shooter,f,2007-10-10,10
12629,Warhammer: Battle March,Strategy,t,2008-09-02,10
8549,Pogo Island,Adventure,t,2007-03-26,10
146,Accel World: Ginyoku No Kakusei,Adventure,t,2012-09-13,10
11931,Tokyo Xanadu Ex+,Role-Playing,t,2017-12-08,10
10783,Summon Night Craft Sword Monogatari: Hajimari No Ishi,Role-Playing,t,2005-12-08,10
10619,Steambot Chronicles,Role-Playing,t,2006-05-23,10
2492,Destroy All Humans!,Adventure,t,2005-06-21,10
3170,Earth Seeker,Role-Playing,t,2011-06-23,10
11393,The Gunstringer,Shooter,t,2011-09-13,10
9221,Rimo-Cocoron,Action,t,2001-06-28,10
7725,Neopets Petpet Adventures: The Wand Of Wishing,Adventure,t,2006-03-14,10
8413,Phantasy Star Collection,Role-Playing,t,2002-11-24,10
2433,Demon Attack,Shooter,t,1982-01-01,10
943,Ben 10 Triple Pack,Misc,t,2011-07-12,10
2543,Dies Irae: Amantes Amentes,Visual Novel,t,2012-06-28,10
384,Amnesia: Crowd,Visual Novel,t,2013-04-18,10
2196,Dance Dance Revolution Supernova,Simulation,t,2006-09-26,10
3535,Fantastic Four,Action,t,1997-09-30,10
7061,Monster Hunter Portable 3rd Hd Ver.,Role-Playing,t,2011-08-25,10
7834,Nhl 99,Sports,t,1998-10-01,10
1348,Bulletstorm: Full Clip Edition,Shooter,t,2017-04-07,10
7368,Mystery Tales 2: The Spirit Mask,Puzzle,t,2011-08-21,10
11327,The Elder Scrolls Iii: Morrowind,Role-Playing,t,2002-06-06,10
5268,Jambo! Safari Animal Rescue,Simulation,t,2010-01-19,10
1608,Cave Story 3d,Platform,t,2011-11-08,10
1151,Blur,Racing,t,2010-05-25,10
7714,Neo Angelique,Adventure,t,2006-03-04,10
12014,Tony Hawk'S Pro Skater 2,Sports,t,2001-05-30,10
6192,Looney Tunes: Sheep Raider,Platform,t,2001-09-27,10
2644,Disney'S Lilo & Stitch,Action,t,2002-06-07,10
3014,Driv3r,Racing,t,2004-06-21,10
5554,Kabushiki Baibai Trainer: Kabutore!,Simulation,t,2006-12-14,10
3610,Fate/Tiger Colosseum Upper,Fighting,t,2008-08-28,10
4695,Haze,Shooter,t,2008-05-20,10
194,Aerofighters Assault,Action,t,1997-10-30,10
13175,Yu-Gi-Oh! Gx: The Beginning Of Destiny (Jp Sales),Strategy,t,2008-01-08,10
1919,Conan Exiles,Action-Adventure,t,2018-05-08,10
6599,Medal Of Honor: European Assault (Weekly Jp Sales),Shooter,t,2005-06-07,10
1076,Blaze Union: Story To Reach The Future,Role-Playing,t,2010-05-27,10
11652,The Sims 2: Pets,Simulation,t,2006-12-14,10
11401,The Hip Hop Dance Experience,Music,t,2012-11-13,10
8043,Off Road Challenge,Racing,t,1998-06-01,10
10679,Street Fighter Anniversary Collection,Fighting,t,2004-08-31,10
3397,Extreme-G: Xg2,Racing,t,1998-10-07,10
3672,Fifa: Road To  World Cup 98,Sports,t,1997-11-30,10
1891,Combination Pro Soccer: J-League No Kantoku Ni Natte Sekai Wo Mezase!!,Sports,t,1998-06-18,10
2942,Dragon Quest Monsters: Joker 3 - Professional,Role-Playing,t,2017-02-09,10
6293,Machine Head,Shooter,t,1996-11-30,10
3682,Fight Night Round 4,Fighting,t,2009-06-23,10
846,Battle Arena Toshinden Ura,Fighting,t,1996-11-30,10
1691,Chibi Maruko-Chan Ds: Maru-Chan No Machi,Puzzle,t,2009-02-05,10
5744,Killer Instinct (2013),Fighting,t,2014-09-23,10
7506,Nascar 99,Racing,t,1998-09-30,10
11461,The King Of Fighters '98 Ultimate Match,Fighting,t,2009-03-03,10
4874,Homie Rollerz,Racing,t,2008-03-05,10
2426,Dementium Ii,Shooter,t,2010-05-04,10
12766,Winback: Covert Operations,Shooter,t,2001-03-27,10
487,Arcana Heart 3,Fighting,t,2014-09-23,10
6388,Mahou Shoujo Nanoha A'S Portable: The Gears Of Destiny,Fighting,t,2011-12-22,10
1727,Chou Jigen Game Neptune Mk-Ii,Role-Playing,t,2011-08-18,10
2909,Dragon Ball Z: The Legacy Of Goku I & Ii,Role-Playing,t,2005-12-08,10
6402,Majo'Ou,Adventure,t,2014-07-31,10
2389,Deathsmiles Ii X,Shooter,t,2010-05-27,10
551,Army Men: Major Malfunction,Shooter,t,2006-04-14,10
11445,The Inner World: The Last Wind Monk,Puzzle,t,2017-10-24,10
5935,Kuroko No Basuke: Game Of Miracles,Sports,t,2012-08-09,10
1723,Chou-Kuukan Night Pro Yakyuu King(Higher Jp Sales),Sports,t,1996-12-20,10
6009,Legaia 2: Duel Saga,Role-Playing,t,2002-10-01,10
6777,Metal Saga: Hagane No Kisetsu,Role-Playing,t,2006-06-15,10
1267,Break 'Em All,Puzzle,t,2006-06-20,10
1928,Conflict: Desert Storm Ii - Back To Bagdhad,Shooter,t,2003-10-08,10
10532,Star Trek: Legacy,Simulation,t,2006-12-14,10
8237,Pachipara 3d: Ooumi Monogatari 2 - Pachi Pro Fuuunroku Hana - Kibou To Uragiri No Gakuen Seikatsu,Misc,t,2012-05-17,10
3295,Eschatos,Shooter,t,2011-04-07,10
4823,Hired Guns: The Jagged Edge,Strategy,f,2007-10-19,10
8813,Prototype 2,Action,t,2012-04-24,10
1098,Bleach: Shattered Blade,Fighting,t,2007-10-09,10
4308,Gradius Iii And Iv,Shooter,t,2000-11-13,10
8219,Pac-Man World 3,Platform,t,2005-12-06,10
1973,Cosmic Ark,Shooter,t,1982-01-01,10
6201,Lord Of The Rings: The Third Age,Role-Playing,t,2004-11-02,10
3200,Egg Mania: Eggstreme Madness,Puzzle,t,2002-09-11,10
5900,Kotoba No Puzzle: Mojipittan Ds,Puzzle,t,2007-03-15,10
11142,Teenage Mutant Ninja Turtles: Game Boy Advance Video Volume 1,Misc,t,2004-07-05,10
9833,Shaman King: Spirit Of Shamans,Action,t,2002-06-06,10
9027,Rayman 3: Hoodlum Havoc,Platform,t,2003-03-17,10
10924,Superbeat: Xonic,Music,t,2017-11-21,10
4633,Harukanaru Toki No Naka De Ultimate,Visual Novel,t,2018-02-22,10
3192,Ecw Hardcore Revolution,Fighting,t,2000-01-31,10
11565,The Monkey King: The Legend Begins,Shooter,t,2008-05-27,10
5360,Jgtc: All-Japan Grand Touring Car Championship,Racing,t,1998-06-18,10
10242,Snow Moto Racing Freedom,Racing,t,2018-03-27,10
11534,The Liar Princess And The Blind Prince,Platform,t,2018-05-31,10
11285,The Caligula Effect,Role-Playing,t,2017-05-02,10
1,'98 Koshien,Sports,t,1998-06-18,10
8258,Pang: Magical Michael,Puzzle,t,2010-09-24,10
3054,Ducktales: Remastered,Platform,t,2013-08-13,10
10674,Street Fighter Alpha 2,Fighting,t,1996-12-19,10
10245,Snowboard Kids 2,Sports,t,1999-03-02,10
5734,Kikou Heidan J-Phoenix,Action,t,2001-06-28,10
395,Andrew Lloyd Webber Musicals: Sing And Dance,Music,t,2012-11-09,10
11750,The Witch And The Hundred Knight,Role-Playing,t,2014-03-25,10
8181,Outrun 2006: Coast 2 Coast,Racing,t,2006-04-25,10
1052,Blades Of Blood: Samurai Shodown Iii,Fighting,t,1996-11-30,10
6608,Medalot 7,Role-Playing,t,2012-09-13,10
4237,Gochuumon Wa Usagi Desu Ka?? Wonderful Party!,Adventure,t,2016-03-03,10
7960,No.1 Muscle Ranking - Kinniku Banzuke Vol. 1: Oregasaikyouno Otokoda!,Sports,t,1999-12-16,10
3489,Famicom Mini: Balloon Fight,Action,t,2004-05-21,10
3488,Famicom Mini: Adventure Island,Action,t,2004-05-21,10
11322,The Document Of Metal Gear Solid 2,Misc,t,2002-09-24,10
4664,Harvest Moon: The Tale Of Two Towns,Simulation,t,2011-09-20,10
8276,Paraworld,Strategy,f,2006-09-27,10
12242,Tsuyo Kiss 3 Portable,Misc,t,2012-05-31,10
9326,Rogue Galaxy,Role-Playing,t,2007-01-30,10
11338,The Elder Scrolls V: Skyrim,Role-Playing,t,2017-11-17,10
440,Ao No Exorcist: Genkoku No Labyrinth,Visual Novel,t,2012-04-26,10
3022,Driver: Parallel Lines,Racing,t,2007-06-26,10
10708,Strikers 1945,Shooter,t,2001-03-27,10
5865,Koi Sentai Love & Peace The P.S.P: Power Zenkai! Special Youso Tenkomori De Portable Ka Daisakusen De Aru!,Misc,t,2012-08-30,10
10176,Sled Storm,Racing,t,1999-08-10,10
8006,Nova Usagi No Game De Ryuugaku!? Ds,Misc,t,2007-02-27,10
10578,Star Wars: Rebel Assault Ii - The Hidden Empire,Shooter,t,1996-11-30,10
6364,Magna Carta Portable,Role-Playing,t,2006-05-25,10
9030,Rayman Ds,Platform,t,2005-03-24,10
7478,Naruto: Ninja Council,Platform,t,2006-03-07,10
623,Astro Bot Rescue Mission,Platform,t,2018-10-02,10
6304,Madagascar,Platform,t,2005-05-24,10
7071,Monster Madness: Battle For Suburbia,Shooter,t,2007-06-12,10
2364,Deadly Duck,Shooter,t,1982-01-01,10
2246,Daredevil,Action,t,2003-02-02,10
11433,The Idolmaster: Gravure For You! Vol. 3,Action,t,2011-12-29,10
9390,Rpg Maker: Fes,Role-Playing,t,2017-06-27,10
6595,Medal Of Honor: Airborne,Shooter,t,2007-09-04,10
65,24: The Game,Adventure,t,2006-02-28,10
4554,Halo: The Master Chief Collection,Shooter,t,2014-11-11,10
4025,Gaist Crusher God,Action,t,2014-09-04,10
1352,Bunmei Kaika: Aoiza Ibunroku Saien,Misc,t,2012-05-17,10
3448,F24: Stealth Fighter,Simulation,t,2007-02-20,10
2599,Discovery Kids: Parrot Pals,Simulation,t,2009-06-16,10
12708,Weiss Schwarz Portable,Strategy,t,2011-11-23,10
10555,Star Wars Racer Revenge,Racing,t,2002-02-11,10
3353,Even In A Game Listen To Me Girls. I Am Your Father!,Visual Novel,t,2012-04-26,10
5165,Inuyasha: The Secret Of The Cursed Mask,Role-Playing,t,2004-11-02,10
3274,Enkeltbillet,Adventure,t,2014-07-31,10
658,Atlantis,Shooter,t,1982-01-01,10
9419,Rugrats In Paris: The Movie,Action,t,2000-11-12,10
12286,Twisted Metal: Black,Racing,t,2001-06-18,10
3427,F1 2002,Racing,t,2003-01-07,10
2510,Deus Ex: Human Revolution,Shooter,t,2013-10-22,10
8129,Ore No Shikabane O Koete Yuke,Role-Playing,t,2011-11-10,10
12609,War Leaders: Clash Of Nations,Strategy,f,2009-02-27,10
9979,Shonen Jump'S One Piece: Grand Adventure,Fighting,t,2006-08-29,10
6389,Mahouka Koukou No Rettousei: Out Of Order,Adventure,t,2014-12-25,10
1936,Constructor Hd,Strategy,t,2017-07-11,10
1254,Bratz: Rock Angelz,Misc,t,2005-01-01,10
7916,Ninja Five-0,Platform,t,2003-04-22,10
5359,Jewels Of The Tropical Lost Island,Puzzle,t,2010-10-05,10
13107,Yoake Yori Ruriiro Na: Brighter Than Dawning Blue,Adventure,t,2006-12-07,10
13176,Yu-Gi-Oh! Gx: The Beginning Of Destiny (Us Sales),Strategy,t,2008-01-08,10
11283,The Bureau: Xcom Declassified,Shooter,t,2013-08-20,10
948,Beniiro Tenjou Ayakashi Kitan Futaai,Adventure,t,2018-11-29,10
12093,Touchmaster,Puzzle,t,2007-06-25,10
10459,Spongebob Squigglepants 3d,Misc,t,2011-05-17,10
12958,Worms Forts: Under Siege,Strategy,t,2005-03-15,10
8219,Pac-Man World 3,Platform,t,2005-12-07,10
1051,Blade Strangers,Fighting,t,2018-08-28,10
6523,Mass Effect 3,Role-Playing,t,2012-11-18,10
3316,Espn Winter X-Games: Snowboarding 2002,Sports,t,2001-01-01,10
12520,Virtua Cop 2,Shooter,t,1996-11-30,10
1346,Bullet Witch,Shooter,t,2007-02-27,10
3929,Frogger,Action,t,1997-09-30,10
6371,Mahjong 300,Puzzle,t,2011-09-16,10
3930,Frogger'S Adventures 2: The Lost Wand,Adventure,t,2002-11-05,10
2866,Dragon'S Lair 3d: Return To The Lair,Platform,t,2002-12-22,10
950,Bermuda Triangle: Saving The Coral,Puzzle,t,2010-02-02,10
11911,Tokimeki Restaurant: Project Tristars,Visual Novel,t,2018-02-22,10
9287,Robotron X,Shooter,t,1996-11-30,10
4997,I.Q. Mania,Puzzle,t,2006-03-09,10
556,Army Men: Sarge'S Heroes 2,Shooter,t,2000-09-26,10
6176,Logic Machines,Puzzle,t,2010-10-13,10
12366,Unchainblades Rexx,Role-Playing,t,2012-12-31,10
12230,Tsugunai: Atonement,Role-Playing,t,2001-11-29,10
5681,Ken To Mahou To Gakuen Mono. 2g,Role-Playing,t,2010-07-22,10
8082,One Piece: Romance Dawn,Role-Playing,t,2012-12-20,10
141,Abunai: Koi No Sousa Shitsu,Misc,t,2012-05-31,10
5502,Junior Island Adventure,Puzzle,t,2011-09-06,10
3694,Fighting Vipers,Fighting,t,1996-11-30,10
10663,Stranglehold,Shooter,t,2007-09-05,10
1929,Conflict: Global Terror,Shooter,f,2005-10-04,10
1705,Chili Con Carnage,Shooter,t,2007-02-27,10
7620,Nba Shootout 2001,Sports,t,2001-02-19,10
3993,Futurama,Platform,t,2003-08-14,10
2176,Daito Giken Koushiki Pachi-Slot Simulator: Yoshimune Portable,Misc,t,2006-06-08,10
11719,The Times Crossword Challenge,Puzzle,t,2009-02-06,10
11208,Test Drive 6,Racing,t,1999-11-10,10
5757,Kimi No Hitomi Ni Hit Me,Visual Novel,t,2018-02-22,10
2199,Dance Dance Revolution Ultramix 2,Simulation,t,2004-11-18,10
4343,Grandia Xtreme,Role-Playing,t,2002-09-30,10
12560,Vitamin X: Destination,Visual Novel,t,2018-02-22,10
2331,Dead Island: Riptide,Misc,t,2013-04-23,10
4211,Gloria Union,Role-Playing,t,2011-06-23,10
10772,Summer Heat Beach Volleyball,Sports,t,2003-07-01,10
1554,Cartoon Network Block Party / Cartoon Network Speedway Double Pack,Misc,t,2005-04-25,10
3094,Dungeons & Dragons: Eye Of The Beholder,Role-Playing,t,2002-10-30,10
4420,Guilty Gear Xrd -Revelator-,Fighting,t,2016-06-07,10
2746,Dogz Fashion,Simulation,t,2006-09-19,10
4838,Hisshou Pachinko*Pachi-Slot Kouryaku Series Vol. 5: Cr Shinseiki Evangelion * Pachi-Slot Shinseiki Evangelion,Misc,t,2006-06-08,10
12683,Wcw Mayhem,Fighting,t,1999-09-22,10
4564,Hamtaro: Ham-Hams Unite!,Role-Playing,t,2002-10-28,10
11513,The Legend Of Heroes: Trails In The Sky Third Chapter,Role-Playing,t,2008-07-24,10
6366,Magnetica,Puzzle,t,2006-06-05,10
5642,Katekyoo Hitman Reborn! Ds Flame Rumble X - Mirai Chou-Bakuhatsu!!,Fighting,t,2009-07-23,10
230,Agony,Action-Adventure,t,2018-05-29,10
5094,Inazuma Eleven,Role-Playing,t,2011-08-26,10
9253,Riviera: The Promised Land,Role-Playing,t,2005-06-28,10
4539,Half-Life,Shooter,t,2001-11-11,10
9088,Record Of Grancrest War,Action-Adventure,t,2018-06-14,10
2057,Crimson Skies: High Road To Revenge,Simulation,t,2003-10-21,10
8982,Rampage World Tour,Action,t,1997-09-30,10
8313,Payday 2,Shooter,t,2013-08-13,10
452,Ape Escape: On The Loose,Platform,t,2005-03-22,10
8862,Puyo Puyo! 15th Anniversary,Puzzle,t,2006-12-14,10
8184,Over The Hedge: Hammy Goes Nuts!,Platform,t,2006-11-21,10
2377,Death Jr.,Platform,t,2005-08-16,10
7509,Nascar Heat 2002,Racing,t,2001-06-18,10
59,2 In 1 Combo Pack: Sonic Heroes / Super Monkey Ball Deluxe,Misc,t,2005-01-01,10
7250,Muv-Luv Alternative: Total Eclipse,Visual Novel,t,2013-05-16,10
9857,Shenmue Ii,Adventure,t,2002-10-28,10
12513,Vigilante 8: 2nd Offense,Racing,t,2000-02-02,10
3308,Espn Nba 2night,Sports,t,2001-02-13,10
1273,Breath Of Fire Iii,Role-Playing,t,2016-02-09,10
8958,Railfan,Simulation,t,2006-12-21,10
10910,Super Scribblenauts,Puzzle,t,2010-10-12,10
2103,Cube,Puzzle,t,2007-04-30,10
3886,Fossil Fighters: Champions,Role-Playing,t,2011-11-14,10
853,Battle Fantasia,Fighting,t,2009-03-06,10
2938,Dragon Quest Monsters Joker 3,Role-Playing,t,2016-03-24,10
11734,The Urbz: Sims In The City (Us Weekly Sales),Simulation,t,2004-11-17,10
4951,Hunter: The Reckoning,Action,t,2002-05-21,10
2332,Dead Man'S Hand,Shooter,t,2004-03-03,10
459,Aqua Moto Racing Utopia,Racing,t,2018-03-27,10
6613,Medarot Ds: Kabuto / Kuwagata Ver.,Role-Playing,t,2010-05-27,10
3085,Dungeon Travelers 2: The Royal Library & The Monster Seal,Role-Playing,t,2013-03-28,10
2784,Doom,Shooter,t,2001-10-28,10
7083,Monster Rancher Hop-A-Bout,Action,t,2000-12-10,10
2412,Def Jam Vendetta,Fighting,t,2003-03-31,10
7577,Nba Hoopz,Sports,t,2001-02-26,10
1928,Conflict: Desert Storm Ii - Back To Bagdhad,Shooter,t,2003-10-04,10
7756,New Legends,Action,t,2002-02-17,10
12919,World Soccer Jikkyou Winning Eleven 3: World Cup France '98,Sports,t,1998-05-28,10
6569,Mdk2 Armageddon,Shooter,t,2001-03-26,10
12489,Velocity 2x,Action,t,2014-09-02,10
4406,Guild 01,Misc,t,2012-05-31,10
11932,Tokyo Xanadu: Sakura Festival Package,Role-Playing,t,2016-03-24,10
4942,Hsx Hypersonic.Xtreme,Racing,t,2003-01-26,10
264,Akai Suna Ochiru Tsuki,Adventure,t,2016-03-10,10
9315,Rockman Dash / Rockman Dash2 Value Pack,Role-Playing,t,2009-01-29,10
3605,Fate/Extra Ccc,Role-Playing,t,2013-03-28,10
5260,Jake Hunter: Round Of Revenge,Visual Novel,t,2012-06-28,10
9637,Scooby-Doo! Night Of 100 Frights,Platform,t,2003-08-27,10
3888,Fossil League: Dino Tournament Championship,Role-Playing,t,2007-01-22,10
2323,Dead Alliance,Shooter,t,2017-08-29,10
4995,I Spy: Spooky Mansion,Puzzle,t,2010-10-19,10
8587,Pony Friends,Simulation,t,2007-05-30,10
12748,Wild Arms 3,Role-Playing,t,2002-10-15,10
10996,Syberia Iii,Role-Playing,t,2017-04-25,10
5999,Learn Math,Puzzle,t,2009-12-22,10
6643,Mega Man Battle Network 6: Cybeast Falzar / Gregar,Role-Playing,t,2006-06-13,10
3354,Ever Oasis,Role-Playing,t,2017-06-23,10
11905,Tokimeki Memorial: Girl'S Side,Adventure,t,2002-06-20,10
1532,Carmageddon: Max Damage,Action,t,2017-01-01,10
12249,Turbo Prop Racing,Racing,t,1998-06-30,10
9539,Samurai & Dragons,Action,t,2012-05-24,10
7359,Mystery Case Files: Ravenhearst,Puzzle,t,2007-06-26,10
771,Banjo-Kazooie: Grunty'S Revenge,Platform,t,2003-09-10,10
6915,Mister Slime,Action,t,2008-07-15,10
3424,F/A-18f Super Hornet,Simulation,t,2004-11-16,10
1344,Bullet Soul,Shooter,t,2016-09-16,10
7264,Mx Vs Atv Supercross Encore 2017 Track Edition,Racing,t,2017-01-04,10
8337,Penny Racers,Racing,t,1996-10-01,10
10269,Soldier Of Fortune: Gold Edition,Shooter,t,2001-11-11,10
3410,Eyetoy: Groove,Misc,t,2004-04-20,10
12999,Wwe Day Of Reckoning,Fighting,t,2004-08-30,10
9900,Shin Megami Tensei: Digital Devil Saga 2,Role-Playing,t,2005-10-03,10
2107,Cubivore: Survival Of The Fittest,Adventure,t,2002-11-05,10
9604,Saturday Night Speedway,Racing,t,2004-03-11,10
3582,Fast Food Panic,Simulation,t,2010-01-05,10
4875,Honda Atv Fever,Racing,t,2010-10-07,10
1843,Code Lyoko: Quest For Infinity,Action,t,2008-07-21,10
7732,Nervous Brickdown,Puzzle,t,2007-06-26,10
2306,Dave Mirra Freestyle Bmx: Maximum Remix,Sports,t,2001-05-21,10
9908,Shin Nippon Pro Wrestling: Toukon Retsuden 2,Fighting,t,1996-12-20,10
8437,Phi Brain: Kizuna No Puzzle,Misc,t,2012-05-31,10
2460,Derby Stallion 98,Sports,t,1998-08-25,10
6387,Mahou Shoujo Lyrical Nanoha A'S Portable: The Battle Of Aces,Shooter,t,2010-01-21,10
1020,Bishoujo Senshi Sailormoon R,Fighting,t,1993-12-29,10
4126,Gekiatsu!! Pachi Game Damashi Max: Evangelion 7 X Seimei No Kodou,Misc,t,2012-09-06,10
8571,Pokémon Trozei!,Puzzle,t,2006-03-06,10
489,Arcana Heart 3: Love Max!!!!!,Fighting,t,2014-09-23,10
2709,Disorder 6,Visual Novel,t,2013-08-22,10
6866,Mindjack,Shooter,t,2011-01-18,10
9225,Rinne No Lagrange: Kamogawa Days Game & Ova Hybrid Disc,Misc,t,2012-08-23,10
11340,The Elder Scrolls V: Skyrim Vr,Role-Playing,t,2017-11-17,10
11843,Timeshift,Shooter,f,2007-10-30,10
11221,Tetris Axis,Puzzle,t,2011-10-02,10
2261,Dark Messiah Of Might And Magic Elements,Role-Playing,t,2008-02-12,10
8445,Phoenix,Shooter,t,1982-01-01,10
6891,Minna No Ennichi,Action,t,2012-05-24,10
2683,Disney Infinity 2.0: Marvel Super Heroes,Action-Adventure,t,2014-09-23,10
4847,Hitman 2: Silent Assassin,Action,t,2003-06-19,10
3321,Eternal Eyes,Role-Playing,t,2000-10-31,10
3568,Farming Simulator 18,Simulation,t,2017-06-06,10
11733,The Urbz: Sims In The City (All Regions Sales),Simulation,t,2004-11-17,10
1103,Bleach: The Blade Of Fate,Fighting,t,2007-10-09,10
439,Anubis Ii,Platform,t,2007-09-18,10
4669,Hasbro Family Fun Pack Conquest Edition,Misc,t,2016-11-15,10
8444,Phineas And Ferb: Quest For Cool Stuff,Action-Adventure,t,2013-08-13,10
2729,Dmc Devil May Cry,Action,t,2013-01-15,10
2130,Cyber Troopers Virtual-On,Fighting,t,1996-11-30,10
12549,Virtual Pool 64,Sports,t,1998-12-17,10
10139,Sitting Ducks,Platform,t,2004-06-29,10
10415,Spider-Man 3,Platform,t,2007-05-04,10
4547,Halo 4,Shooter,t,2012-11-06,10
6503,Marvel Trading Card Game,Misc,t,2007-02-27,10
6836,Midway Arcade Treasures,Misc,t,2003-12-18,10
5614,Kao The Kangaroo,Platform,t,2001-12-11,10
10139,Sitting Ducks,Platform,t,2004-07-01,10
757,Baldur'S Gate: Dark Alliance,Role-Playing,t,2002-10-22,10
10038,Silent Hill 2: Restless Dreams,Action,t,2001-12-20,10
550,Army Men: Green Rogue,Shooter,t,2001-04-13,10
2011,Crash Time Iii,Racing,t,2010-02-26,10
5157,International Superstar Soccer Pro '98,Sports,t,1998-08-11,10
9325,Rodea The Sky Soldier,Action-Adventure,t,2015-11-10,10
10235,Snk Heroines Tag Team Frenzy,Fighting,t,2018-09-07,10
9794,Serious Sam: Next Encounter,Shooter,t,2004-04-22,10
936,Bella Sara 2 - The Magic Of Drasilmare,Simulation,t,2013-11-22,10
13134,Youda Farmer,Puzzle,t,2010-10-12,10
1536,Carnival,Shooter,t,1982-01-01,10
646,Atelier Iris: Eternal Mana,Role-Playing,t,2005-06-28,10
5278,James Pond: Codename Robocod,Platform,t,2005-08-16,10
822,Batman Beyond: Return Of The Joker,Action,t,2000-12-13,10
9883,Shin Kamaitachi No Yoru: 11 Hitome No Suspect,Adventure,t,2011-12-17,10
505,Area 51,Shooter,t,1996-11-26,10
6544,Max Payne,Shooter,t,2001-12-06,10
8428,Phantom Breaker,Misc,t,2013-09-19,10
7873,Nicktoons Racing,Racing,t,2001-09-07,10
5256,Jake Hunter Detective Story: Ghost Of The Dusk,Adventure,t,2018-09-28,10
1298,Brothers Conflict: Passion Pink,Visual Novel,t,2012-05-17,10
11064,Take A Break'S: Puzzle Bonanza,Puzzle,t,2010-11-19,10
11586,The Peanuts Movie: Snoopy'S Grand Adventure,Platform,t,2015-11-03,10
7618,Nba Shootout '97,Sports,t,1997-03-14,10
1781,Cladun Returns: This Is Sengoku!,Action,t,2017-05-26,10
7450,Naruto Shippuden: Legends: Akatsuki Rising,Fighting,t,2009-10-06,10
4983,I Am Setsuna,Role-Playing,t,2017-03-03,10
4325,Grand Theft Auto 2,Action,t,1999-10-25,9
5341,Jewel Match,Puzzle,t,2011-06-28,9
1850,Code: Realize - Shukufuku No Mirai,Adventure,t,2018-03-30,9
11583,The Order: 1886,Shooter,t,2015-02-20,9
654,Atelier Totori: The Adventurer Of Arland,Role-Playing,t,2011-09-27,9
7664,Ncaa Gamebreaker,Sports,t,1996-08-31,9
7442,Naruto Rpg 2: Chidori Vs Rasengan,Role-Playing,t,2005-07-14,9
10168,Slam 'N Jam '96 Featuring Magic & Kareem,Sports,t,1996-01-01,9
4029,Gaku * Ou: The Royal Seven Stars + Meteor,Visual Novel,t,2013-03-28,9
10366,Space Colony,Strategy,f,2003-10-14,9
255,Airline Tycoon Deluxe,Strategy,f,2003-10-01,9
3541,Fantasy Wars,Strategy,f,2007-11-08,9
10871,Super Robot Taisen A Portable,Strategy,t,2008-06-19,9
366,America Oudan Ultra-Quiz,Misc,t,1995-10-27,9
1485,Call Of Juarez,Shooter,t,2007-06-07,9
5378,Jikkyou Powerful Pro Yakyuu '99 Kaimakuban,Sports,t,1999-07-22,9
4194,Gintama Ranbu,Action,t,2018-01-18,9
10539,Star Wars Battlefront Ii,Shooter,f,2005-11-01,9
3934,Frogger 2: Swampy'S Revenge,Action,t,2000-10-10,9
11969,Tom Clancy'S Rainbow Six: Rogue Spear,Shooter,t,2002-03-18,9
7415,Nancy Drew: Message In A Haunted Mansion,Adventure,t,2001-11-15,9
13198,Yume Neko Ds,Simulation,t,2008-04-24,9
7617,Nba Shootout,Sports,t,1996-01-01,9
6130,Little Busters! Converted Edition,Adventure,t,2012-03-22,9
2931,Dragon Quest Builders: Revive Alefgard,Role-Playing,t,2016-01-28,9
3565,Farming Simulator 17,Simulation,t,2017-11-07,9
6334,Madden Nfl 99,Sports,t,1998-09-01,9
7794,Nfl Quarterback Club 97,Sports,t,1996-08-31,9
7803,Ng,Adventure,t,2018-09-13,9
761,Ballblazer Champions,Sports,t,1997-03-31,9
2832,Double Pack: Finding Nemo / The Incredibles,Action,t,2006-01-30,9
12104,Touhou Genso Wanderer Tod: Reloaded,Role-Playing,t,2016-12-22,9
5745,Killer Instinct Gold,Fighting,t,1996-11-25,9
11502,The Legend Of Heroes: Ao No Kiseki,Role-Playing,t,2011-09-29,9
10082,Simple Ds Series Vol. 15: The Kanshikikan 2 - Aratanaru 8-Tsu No Jiken Wo Touch Seyo,Adventure,t,2007-05-31,9
2101,Ct Special Forces,Action,t,2004-01-04,9
11300,The Con,Fighting,t,2005-10-18,9
4737,Hello Neighbor: Hide & Seek,Adventure,t,2018-12-07,9
7018,Monhun Nikki: Poka Poka Ailu Mura G,Role-Playing,t,2011-08-10,9
8086,Onechanbara Z: Kagura,Action,t,2012-01-19,9
11937,Tokyo Xtreme Racer Zero,Racing,t,2001-05-28,9
10750,Suikoden Iii,Role-Playing,t,2002-10-24,9
10662,Stranger Of Sword City,Role-Playing,t,2016-04-26,9
6232,"Love, Election And Chocolate Portable",Visual Novel,t,2012-09-27,9
3007,Dreamfall: The Longest Journey,Adventure,t,2006-04-18,9
12243,Tsuyo Kiss: Mighty Heart,Adventure,t,2006-05-25,9
2824,Doraemon: Nobita To Midori No Kyojinden Ds,Platform,t,2008-03-06,9
7356,Mystereet,Adventure,t,2006-05-25,9
11328,The Elder Scrolls Iii: Morrowind Game Of The Year Edition,Role-Playing,t,2003-10-31,9
10411,Spider-Man,Action,t,2000-08-30,9
8881,Puzzler World 2,Puzzle,t,2011-08-16,9
4993,I Spy Challenger!,Puzzle,t,2002-10-09,9
7635,Ncaa Basketball Final Four 97,Sports,t,1997-03-31,9
4893,Horsez,Simulation,t,2007-07-02,9
1703,Child Of Light,Role-Playing,t,2014-04-30,9
6391,Maitetsu: Pure Station,Visual Novel,t,2018-07-26,9
321,All Japan Pro Wrestling Featuring Virtua,Fighting,t,1997-10-23,9
13295,Zoo Tycoon 2: Endangered Species,Strategy,f,2005-10-19,9
8789,Professional Farmer 2016,Simulation,t,2015-11-20,9
8450,Phoenix Wright: Ace Attorney Trilogy,Misc,t,2014-12-09,9
3887,Fossil Fighters: Frontier,Role-Playing,t,2015-03-20,9
4778,Hidden Mysteries: Titanic - Secrets Of The Fateful Voyage,Adventure,f,2009-10-27,9
9858,Shenmue Ii,Adventure,t,2001-11-23,9
2431,Demolition Company: Gold Edition,Simulation,f,2011-08-04,9
5026,Ikaruga,Shooter,t,2003-04-15,9
2547,Digger Simulator,Simulation,f,2011-08-19,9
2948,Dragon Quest Xi,Role-Playing,t,2017-07-29,9
4031,Gakuen Alice: Wakuwaku * Happy Friends,Adventure,t,2007-04-19,9
3423,F.E.A.R. Perseus Mandate,Shooter,f,2007-11-06,9
12166,Trauma Center: Under The Knife 2,Simulation,t,2008-07-02,9
10984,Sword Art Online: Lost Song,Role-Playing,t,2015-03-26,9
10949,Surf'S Up,Sports,t,2007-06-01,9
2037,Crazy Taxi 2,Racing,t,2001-05-28,9
12893,World Neverland 2in1 Portable: Olerud Kingdom & Republic Of Pluto,Simulation,t,2008-06-26,9
6215,Lost Kingdoms,Role-Playing,t,2002-05-27,9
11476,The King Of Fighters Portable '94~'98: Chapter Of Orochi,Fighting,t,2010-06-24,9
11696,The Smurfs: Dance Party,Misc,t,2011-07-19,9
3707,Final Fantasy Crystal Chronicles: The Crystal Bearers,Adventure,t,2009-12-26,9
6167,Lock'S Quest,Strategy,t,2008-09-08,9
11962,Tom Clancy'S Rainbow Six 3,Shooter,t,2004-03-24,9
9051,Reading Training,Simulation,t,2007-06-28,9
4750,Hero Bank,Role-Playing,t,2014-03-20,9
4039,Gal Metal!,Music,t,2018-10-30,9
4036,Gal Gun,Simulation,t,2012-02-23,9
7115,Mortal Kombat Ii (Jp Sales),Fighting,t,1994-01-01,9
2572,Dillon'S Dead-Heat Breakers,Action,t,2018-04-26,9
11392,The Guided Fate: Cross Thesis Awakening,Role-Playing,t,2015-03-17,9
3681,Fight Night Round 3,Fighting,t,2006-02-20,9
7238,Mushishi: Amefuru Sato,Simulation,t,2008-01-31,9
13015,Wwe Wrestlemania Xix,Fighting,t,2003-09-08,9
9587,Sands Of Destruction,Role-Playing,t,2010-01-12,9
5887,Kono Aozora Ni Yakusoku O: Melody Of The Sun And Sea,Adventure,t,2007-05-31,9
547,Army Men: Air Attack 2,Action,t,2000-09-26,9
4285,Goldeneye: Rogue Agent,Shooter,t,2005-06-13,9
12681,Wayne Gretzky'S 3d Hockey '98,Sports,t,1997-12-03,9
4948,Hummer Badlands,Racing,t,2006-04-13,9
12661,Wartech: Senko No Ronde,Fighting,t,2007-05-29,9
10214,Smashing Drive,Racing,t,2002-05-13,9
10266,Solatorobo: Red The Hunter,Role-Playing,t,2011-09-27,9
10107,Singstar Celebration,Music,t,2017-10-24,9
7454,Naruto Shippuden: Ultimate Ninja 5,Fighting,t,2009-11-27,9
5325,Jet Li: Rise To Honor,Action,t,2004-02-17,9
999,Billiards,Sports,t,2001-05-14,9
3723,Final Fantasy X / X-2 Hd Remaster,Role-Playing,t,2014-03-18,9
5394,Jikkyou Powerful Pro Yakyuu 2001,Sports,t,2001-06-07,9
6383,Mahjongg Mysteries: Ancient Egypt,Puzzle,t,2010-06-24,9
7758,New Love Plus,Simulation,t,2012-02-24,9
3761,Fire Prowrestling S: 6men Scramble,Fighting,t,1996-12-27,9
11206,Test Drive 4,Racing,t,1997-09-30,9
6419,Makai Kingdom: Chronicles Of The Sacred Tome,Role-Playing,t,2005-07-26,9
6704,Melty Blood: Act Cadenza,Fighting,t,2006-08-10,9
9585,San Goku Shi Taisen Ten,Strategy,t,2008-08-07,9
10526,Star Trek Bridge Crew,Action,t,2017-05-30,9
5645,Katekyoo Hitman Reborn! Ds: Fate Of Heat - Hono No Unmei,Role-Playing,t,2008-05-01,9
7509,Nascar Heat 2002,Racing,t,2002-05-06,9
11992,Tomb Raider: The Last Revelation,Action,t,1999-11-22,9
1296,Brooktown High: Senior Year,Simulation,t,2007-05-22,9
7122,Mortal Kombat: Armageddon,Fighting,t,2007-05-29,9
3785,Fist Of The North Star: Lost Paradise,Action,t,2018-10-02,9
8773,Pro Yakyuu Greatest Nine '97,Sports,t,1997-03-28,9
12658,Warriors: Legends Of Troy,Action,t,2011-12-30,9
10636,Steins;Gate: Darling Of Loving Vows,Visual Novel,t,2012-04-26,9
7958,No One Can Stop Mr. Domino!,Misc,t,1998-10-31,9
4974,Hyperdimension Neptunia Re;Birth2: Sisters Generation,Role-Playing,t,2014-03-20,9
2781,Donkey Konga 2,Misc,t,2005-05-09,9
1876,College Slam,Sports,t,1996-01-01,9
11366,The Getaway,Action,t,2003-01-19,9
168,Adidas Power Soccer,Sports,t,1996-08-31,9
2546,Dig Dug: Digging Strike,Puzzle,t,2005-10-18,9
8645,Power Pro Kun Pocket 3,Sports,t,2001-03-21,9
1912,Commandos 3: Destination Berlin,Strategy,f,2003-10-14,9
4649,Harvest Moon: Another Wonderful Life,Role-Playing,t,2005-07-26,9
9826,Shadowrun (2007),Shooter,t,2007-05-29,9
12529,Virtua Fighter Cg Portrait Series Vol.3: Akira Yuki,Misc,t,1995-11-17,9
11828,Time Ace,Simulation,t,2007-06-12,9
5747,Killer Loop,Racing,t,1999-10-31,9
2657,Disney'S Stitch: Experiment 626,Action,t,2002-06-19,9
10876,Super Robot Taisen F,Action,t,1997-09-25,9
11680,The Sims: Bustin' Out,Simulation,t,2003-12-02,9
1384,Bust A Groove,Misc,t,1998-10-31,9
257,Airport Simulator,Simulation,f,2011-08-19,9
10092,Simple Ds Series Vol. 8: The Kanshikikan - Kinkyuu Shutsudou!! Jiken Genba Wo Touch Seyo,Adventure,t,2006-05-25,9
11189,Tennis No Oji-Sama: Dokidoki Survival - Sanroku No Mystic,Adventure,t,2006-12-21,9
5533,Just Dance: Summer Party,Misc,t,2011-07-19,9
8374,Petz Bunnyz Bunch,Simulation,t,2011-03-08,9
11522,The Legend Of Legacy,Role-Playing,t,2015-10-13,9
12069,Total Overdose: A Gunslinger'S Tale In Mexico,Shooter,f,2005-09-27,9
9056,Real Bout Garou Densetsu,Fighting,t,1996-09-20,9
10295,Sonic Forces,Platform,t,2017-11-07,9
6657,Mega Man Star Force 3: Black Ace / Red Joker,Role-Playing,t,2009-06-30,9
9870,Shifters,Adventure,t,2002-06-17,9
10941,Supremacy Mma,Fighting,t,2012-03-27,9
7859,Ni No Kuni Ii: Revenant Kingdom,Role-Playing,t,2018-03-23,9
11122,Tears To Tiara: Kakan No Daichi,Strategy,t,2008-07-17,9
466,Ar Nosurge: Ode To An Unborn Star,Role-Playing,t,2014-09-23,9
9799,Sesame Street: Elmo'S Number Journey,Misc,t,1998-10-16,9
3861,Formula 1 Championship Edition,Racing,t,1997-09-30,9
6493,Marvel Avengers: Battle For Earth,Misc,t,2012-12-04,9
556,Army Men: Sarge'S Heroes 2,Shooter,t,2001-03-20,9
2110,Culdcept,Strategy,t,2003-12-04,9
11885,Toca 2 Touring Car Championship,Racing,t,1999-10-31,9
2141,D.C.F.S.: Da Capo Four Seasons,Adventure,t,2005-12-15,9
1341,Bullet Girls 2,Shooter,t,2016-04-21,9
10620,Steambot Chronicles: Battle Tournament,Fighting,t,2009-06-30,9
11098,Tang Tang,Action,t,2001-08-28,9
12033,Top Gear Rally 2,Racing,t,1999-12-03,9
1620,Chain Chronicle,Misc,t,2014-09-11,9
10056,Silly Bandz: Play The Craze,Puzzle,t,2010-11-23,9
10227,Sniper Elite V2,Shooter,t,2012-05-02,9
10829,Super Fire Prowrestling X,Fighting,t,1995-12-22,9
12395,Unreal Tournament,Shooter,t,2000-10-21,9
2507,Detective Pikachu,Adventure,t,2018-03-23,9
12842,Wolfenstein 3d,Shooter,t,2002-03-31,9
12110,Toukiden: The Age Of Demons,Action,t,2014-08-28,9
13269,Zoids Assault (Jp Sales),Strategy,t,2008-09-16,9
12743,Wii Fit U,Misc,t,2014-01-10,9
4491,Gunvalkyrie,Shooter,t,2002-03-18,9
4059,Gallop Racer 2: One And Only Road To Victory,Sports,t,1997-11-20,9
13126,Yoshi Touch & Go (Jp Sales),Platform,t,2005-03-14,9
10711,Stronghold 2 Deluxe,Strategy,f,2005-10-28,9
6026,Legion: The Legend Of Excalibur,Action,t,2002-06-18,9
10213,Smash Court Tennis Pro Tournament 2,Sports,t,2004-06-08,9
11128,Tecmo Super Bowl,Sports,t,1996-08-01,9
6533,Match 3 Madness,Puzzle,t,2011-07-26,9
10661,Stranger Of Sword City,Misc,t,2014-06-05,9
12057,Toriko: Gourmet Survival!,Role-Playing,t,2011-08-04,9
1782,Cladun Returns: This Is Sengoku!,Action,t,2017-06-06,9
11359,The Final Round,Sports,t,1996-08-31,9
13071,Xs Airboat Racing,Racing,t,2004-01-01,9
6056,Lego Racers,Racing,t,1999-10-31,9
858,Battle Of Giants: Dinosaurs Strike,Strategy,t,2010-11-09,9
3073,Dungeon Explorer: Warriors Of Ancient Arts,Role-Playing,t,2008-02-15,9
10075,Simple 1500 Series Vol. 1: The Mahjong,Misc,t,1998-10-22,9
9732,Sega Smash Pack,Misc,t,2002-09-23,9
5221,J-League Pro Soccer Club Wo Tsukurou! 2,Sports,t,1997-11-20,9
9037,Rayman: Hoodlum'S Revenge,Platform,t,2005-03-15,9
1866,Colin Mcrae Rally 04,Racing,t,2004-03-04,9
6979,Mobile Suit Gundam: Lost War Chronicles,Shooter,t,2002-08-01,9
3469,Fairy Tail: Zelef Kakusei,Fighting,t,2012-03-22,9
2396,Decathlete,Sports,t,1996-01-01,9
1683,Chessmaster: Grandmaster Edition,Strategy,f,2007-10-30,9
2665,Disney'S The Jungle Book,Platform,t,2003-02-11,9
2906,Dragon Ball Z: Taiketsu,Fighting,t,2003-11-24,9
5517,Just Dance 2: Extra Songs,Misc,t,2011-07-15,9
8474,Pilot Academy,Simulation,t,2006-10-26,9
12682,Wcw Backstage Assault,Fighting,t,2000-12-12,9
8657,Power Rangers: Ninja Storm,Platform,t,2003-09-05,9
11423,The Idolm@Ster: Gravure For You! Vol. 5,Simulation,t,2012-02-23,9
18,007: The World Is Not Enough,Shooter,t,2000-11-06,9
7407,Namco Tennis Smash Court,Sports,t,1996-01-01,9
7624,Nba Shootout 98,Sports,t,1998-02-28,9
11070,Tales Of Berseria,Role-Playing,t,2016-08-18,9
550,Army Men: Green Rogue,Shooter,t,2001-03-25,9
9897,Shin Megami Tensei: Devil Survivor 2 Record Breaker,Role-Playing,t,2015-05-05,9
9254,Rlh: Run Like Hell,Shooter,t,2003-04-09,9
8962,Railway Simulator,Simulation,f,2011-08-09,9
4213,Glory Of Heracles,Role-Playing,t,2010-01-18,9
9842,Shattered Union,Strategy,f,2005-10-17,9
8873,Puzzle Quest 2,Puzzle,t,2010-06-22,9
6634,Mega Man Anniversary Collection,Platform,t,2005-03-15,9
10673,Street Fighter 30th Anniversary Collection,Fighting,t,2018-05-29,9
10917,Super Street Fighter Ii Turbo,Fighting,t,1994-01-01,9
1527,Cardfight!! Vanguard: Lock On Victory!!,Misc,t,2014-06-05,9
9388,Rpg Maker Ii,Role-Playing,t,2003-10-24,9
4888,"Horrid Henry: The Good, The Bad And The Bugly",Platform,t,2011-11-25,9
12767,Windy X Windam,Fighting,t,2010-05-27,9
5208,Izuna 2: The Unemployed Ninja Returns (Jp Sales),Role-Playing,t,2008-07-22,9
4759,Heroes Phantasia,Role-Playing,t,2012-01-19,9
3367,Evil Dead: Fistfull Of Boomstick,Action,t,2003-05-20,9
8898,Queen'S Gate: Spiral Chaos,Role-Playing,t,2011-07-28,9
8201,Oyaku De Asoberu Ds Ehon: Ukkari Penelope,Simulation,t,2008-04-24,9
3708,Final Fantasy Explorers,Role-Playing,t,2016-01-26,9
1766,Cities: Skylines,Simulation,t,2017-04-21,9
1921,Conception: Please Give Birth To My Child!,Role-Playing,t,2012-04-26,9
11076,Tales Of Innocence R,Role-Playing,t,2012-01-26,9
7055,Monster Hunter Frontier Online: Forward 2,Role-Playing,t,2011-09-28,9
4163,Geten No Hana,Visual Novel,t,2013-03-28,9
10959,Suzuki Super-Bikes Ii: Riding Challenge,Racing,t,2008-07-29,9
5575,Kamaitachi No Yoru 2: Tokubetsu Hen,Adventure,t,2006-05-25,9
12512,Vigilante 8,Racing,t,1998-06-04,9
6787,Metro 2033,Shooter,t,2010-03-16,9
5020,Igt Slots: Lucky Larry'S Lobstermania,Simulation,f,2011-08-22,9
3096,Dungeons 2,Role-Playing,t,2016-04-26,9
4195,Gintama Ranbu,Action,t,2018-01-18,9
11652,The Sims 2: Pets,Simulation,t,2007-06-12,9
5908,Kousoku Card Battle: Card Hero,Strategy,t,2007-12-20,9
10003,Shrek 2,Platform,t,2004-04-28,9
10517,Star Fox: Assault,Shooter,t,2005-02-14,9
1463,Call Of Duty 4: Modern Warfare,Shooter,f,2007-11-05,9
8590,Pony Luv,Simulation,t,2008-07-07,9
8046,Ogre Battle 64: Person Of Lordly Caliber,Role-Playing,t,2000-10-07,9
5392,Jikkyou Powerful Pro Yakyuu 2000 Kaimakuban,Sports,t,2000-07-19,9
1634,Champions Of Norrath,Role-Playing,t,2004-02-10,9
3780,Fishing Master World Tour,Sports,t,2009-01-06,9
8168,Ouran Koukou Host Bu,Adventure,t,2007-04-19,9
8295,Patapon,Platform,t,2008-02-26,9
5503,Junior Mystery Quest,Puzzle,t,2011-08-30,9
1910,Commando: Steel Disaster,Shooter,t,2008-08-25,9
10982,Sword Art Online: Hollow Realization,Role-Playing,t,2018-01-01,9
1853,Coded Soul: Uke Keigareshi Idea,Role-Playing,t,2008-02-07,9
1731,Chou Soujuu Mecha Mg,Simulation,t,2006-09-02,9
9008,Ratchet & Clank: Size Matters,Platform,t,2008-03-11,9
9798,Sesame Street: Elmo'S Letter Adventure,Misc,t,1998-10-16,9
5693,Kenka Banchou 5: Otoko No Housoku,Action,t,2011-01-27,9
10707,Striker 96,Sports,t,1996-01-01,9
11941,Tom And Jerry In War Of The Whiskers,Fighting,t,2003-01-04,9
6433,Mamoru-Kun Wa Norowarete Shimatta!,Shooter,t,2009-06-25,9
6130,Little Busters! Converted Edition,Adventure,t,2009-12-24,9
11077,Tales Of Phantasia: Narikiri Dungeon X,Role-Playing,t,2010-08-05,9
4703,Heart No Kuni No Alice: Wonderful Twin World,Misc,t,2014-05-29,9
6530,Mat Hoffman'S Pro Bmx,Sports,t,2001-05-14,9
1872,Collar X Malice: Unlimited,Visual Novel,t,2018-07-26,9
1184,Bomberman B-Daman,Shooter,t,1996-12-20,9
12313,Ufc Personal Trainer: The Ultimate Fitness System,Sports,t,2011-07-12,9
4591,Hannspree Ten Kate Honda: Sbk Superbike World Championship,Racing,t,2008-03-18,9
4798,Higurashi No Naku Koro Ni Hou,Visual Novel,t,2018-07-26,9
2051,Criminal Girls: Invite Only,Role-Playing,t,2015-02-03,9
11971,Tom Clancy'S Rainbow Six: Vegas,Shooter,t,2007-06-12,9
8845,Purr Pals,Simulation,t,2008-07-10,9
9765,Sengoku Hime 7: Sen'Un Tsuranuku Guren No Ishi,Visual Novel,t,2018-10-11,9
9279,Robopon 2: Ring Version,Role-Playing,t,2002-06-11,9
10372,Space Invaders,Shooter,t,2002-03-19,9
1452,Caladrius,Shooter,t,2013-04-25,9
10501,Squinkies 2: Adventure Mall Surprize!,Platform,t,2011-10-25,9
3608,Fate/Stay Night [Réalta Nua],Adventure,t,2007-04-19,9
13169,Yu-Gi-Oh! Gx: Duel Academy,Misc,t,2006-01-10,9
8863,Puyo Puyo!! 20th Anniversary,Puzzle,t,2011-12-15,9
4396,Gt Advance Championship Racing,Racing,t,2001-06-08,9
13191,Yu-Gi-Oh! World Championship 2008,Strategy,t,2007-12-04,9
6722,Men In Black The Series: Crashdown,Shooter,t,2001-11-01,9
7235,Mushibugyo,Action,t,2013-09-19,9
2901,Dragon Ball Z: La Legende Saien,Fighting,t,1994-01-01,9
5358,Jewels Of The Ages,Puzzle,t,2011-06-28,9
12779,Winning Post 3,Sports,t,1998-02-26,9
2444,Densetsu No Stafi 2,Platform,t,2003-09-05,9
7221,Mucha Lucha! Mascaritas Of The Lost Code,Fighting,t,2003-11-18,9
8203,Ozzy & Drix,Platform,t,2003-12-16,9
565,Around The World In 80 Days,Puzzle,t,2010-03-05,9
6332,Madden Nfl 97,Sports,t,1996-08-31,9
12754,Wild Earth: African Safari,Simulation,t,2008-04-22,9
3474,Falling Skies: The Game,Role-Playing,t,2016-01-01,9
12551,Virtual Pro Wrestling,Fighting,t,1996-09-13,9
3235,Elminage Iii: Ankoku No Shito To Yaiyou No Kyuuden,Role-Playing,t,2011-08-04,9
5788,King Of Fighters 2002: Unlimited Match Tougeki Ver.,Fighting,t,2010-06-24,9
5952,Kyoukai Senjou No Horizon Portable,Visual Novel,t,2013-04-25,9
5344,Jewel Quest 5: The Sleepless Star,Puzzle,t,2013-10-03,9
5099,Inazuma Eleven Go 3: Galaxy - Big Bang / Supernova,Role-Playing,t,2013-12-05,9
3716,Final Fantasy Type-0 Hd,Role-Playing,t,2015-03-17,9
7490,Naruto: Ultimate Ninja Heroes (Jp Sales),Fighting,t,2007-08-28,9
1563,Carve,Racing,t,2004-02-24,9
1345,Bullet Soul Infinite Burst,Misc,t,2014-05-29,9
6489,Martian Gothic: Unification,Adventure,t,2001-11-04,9
3771,Fishdom,Puzzle,t,2011-06-28,9
2021,Crayon Shin-Chan: Arashi O Yobu Kasukabe Eiga Stars!,Role-Playing,t,2014-04-10,9
10518,Star Fox: Zero,Shooter,t,2016-04-22,9
11802,Tiger & Bunny: Hero'S Day,Visual Novel,t,2013-03-20,9
8953,Raiden Fighters Aces,Shooter,t,2009-05-07,9
8665,Power Stakes,Sports,t,1997-04-11,9
6770,Metal Max 2 Reloaded,Role-Playing,t,2011-12-08,9
11386,The Great Escape,Action,t,2003-07-23,9
10914,Super Speed Machines,Racing,t,2010-03-16,9
10678,Street Fighter Alpha: Warriors' Dreams,Fighting,t,1995-12-21,9
4662,Harvest Moon: The Land Of Origin,Simulation,t,2012-02-23,9
6786,Meteos: Disney Magic,Puzzle,t,2007-02-20,9
12513,Vigilante 8: 2nd Offense,Racing,t,1999-10-31,9
8965,Rain,Action-Adventure,t,2013-10-01,9
12881,World Cup Golf: Professional Edition,Sports,t,1996-01-01,9
8270,Paramedic Simulator,Simulation,f,2011-08-05,9
3467,Fairy Tail: Portable Guild,Fighting,t,2010-06-03,9
5013,Idol Time Pripara: Yume All-Star Live!,Misc,t,2017-10-26,9
2178,Daitoshokan No Hitsujikai: Library Party,Visual Novel,t,2018-07-26,9
10945,Supreme Commander: Forged Alliance,Strategy,f,2007-11-06,9
14,0-Ji No Kane To Cinderella: Halloween Wedding,Misc,t,2013-05-23,9
5979,Lara Croft Tomb Raider: The Angel Of Darkness,Action,t,2003-06-20,9
217,Age Of Empires Iii: The Warchiefs,Strategy,f,2006-10-17,9
12597,Wand Of Fortune R,Adventure,t,2016-03-17,9
978,Big Bass World Championship,Sports,t,1997-03-27,9
13268,Zoids Assault,Strategy,t,2008-09-09,9
6685,Megadimension Neptunia Vii,Role-Playing,t,2016-02-02,9
3326,Etrian Mystery Dungeon,Role-Playing,t,2015-04-07,9
8602,Pop Cutie! Street Fashion Simulation (Jp Sales),Simulation,t,2008-04-24,9
10742,Sudokuro,Puzzle,t,2007-05-16,9
18,007: The World Is Not Enough,Shooter,t,2000-10-17,9
4119,Gears Of War,Shooter,f,2007-11-06,9
8528,Platinum Sudoku,Puzzle,t,2007-07-03,9
5560,Kaidan Restaurant: Zoku! Shin Menu 100-Sen,Misc,t,2011-06-30,9
7116,Mortal Kombat Ii (Us & Others Sales),Fighting,t,1994-01-01,9
754,Bakusou Dekotora Densetsu: Otoko Ippiki Yume Kaidoi,Racing,t,1998-06-25,9
5450,Job Simulator,Simulation,t,2017-04-17,9
9419,Rugrats In Paris: The Movie,Action,t,2000-10-29,9
12512,Vigilante 8,Racing,t,1998-05-31,9
756,Baldur'S Gate: Dark Alliance,Role-Playing,t,2004-02-10,9
7427,Nanostray,Shooter,t,2005-07-19,9
4947,Hulk Hogan'S Main Event,Fighting,t,2011-10-11,9
13125,Yoshi Touch & Go,Platform,t,2005-03-14,9
7788,Nfl Gameday 99,Sports,t,1998-07-31,9
10227,Sniper Elite V2,Shooter,t,2012-05-01,9
995,Bigfoot: Collision Course,Racing,t,2008-12-05,9
11454,The King Of Fighters '94 (Cd),Fighting,t,1994-01-01,9
2035,Crazy Taxi,Racing,t,2001-05-14,9
2752,Doki-Doki Universe,Misc,t,2013-12-10,9
3396,Extreme-G,Racing,t,1997-09-30,9
8819,Psychic Force,Fighting,t,1996-10-03,9
13262,Ziggurat,Shooter,t,2015-03-20,9
9730,Sega Rally Championship 2,Racing,t,1999-10-31,9
8172,Outdoors Unleashed: Alaska 3d,Sports,t,2011-12-13,9
340,Alpha Prime,Shooter,f,2007-11-08,9
7081,Monster Rancher Ds,Role-Playing,t,2010-08-03,9
1300,Brothers In Arms Ds,Shooter,t,2007-06-21,9
12273,Tweety & The Magic Gems,Action,t,2001-07-09,9
3255,Empire Earth Iii,Strategy,f,2007-11-06,9
6444,Maple Story: Unmei No Shoujo,Role-Playing,t,2014-04-24,9
11717,The Three Kingdoms Love Story ~ The Art Of Otome!,Visual Novel,t,2012-07-26,9
190,Aerea,Role-Playing,t,2017-07-28,9
11772,Theta,Puzzle,t,2007-09-06,9
3367,Evil Dead: Fistfull Of Boomstick,Action,t,2003-06-17,9
7896,Nights Into Dreams...,Platform,t,2008-02-21,9
2778,Donkey Kong Jungle Beat,Platform,t,2005-03-14,9
5761,Kimikiss,Adventure,t,2006-05-25,9
6965,Mobile Suit Gundam Side Story Ii: Aoi O Uketsugu Mono,Shooter,t,1996-12-06,9
12171,Treasure Chase,Puzzle,t,2011-06-28,9
1310,Brunswick Circuit Pro Bowling,Sports,t,1999-12-23,9
12530,Virtua Fighter Cg Portrait Series Vol.4: Pai Chan,Misc,t,1995-11-17,9
11261,The Ant Bully,Platform,t,2006-07-24,9
10916,Super Street Fighter Ii,Fighting,t,1994-01-01,9
839,Batman: Vengeance,Adventure,t,2001-10-30,9
1226,Bound By Flame,Action,t,2014-05-07,9
5639,Katekyoo Hitman Reborn! Dream Hyper Battle!,Fighting,t,2007-08-30,9
4400,Gti Club: Supermini Festa!,Racing,t,2010-03-16,9
7577,Nba Hoopz,Sports,t,2001-02-12,9
1039,Black Panther 2: Yakuza Ashura Chapter,Adventure,t,2012-03-22,9
3883,Forza Motorsport 7,Racing,t,2017-10-03,9
220,Age Of Empires: Mythologies,Strategy,t,2008-11-24,9
7763,New Tokyo Legacy: Operation Babel,Role-Playing,t,2017-05-16,9
10520,Star Ocean 5: Integrity And Faithlessness,Role-Playing,t,2016-04-28,9
7734,Nes Remix Pack,Misc,t,2014-12-05,9
7705,Need For Speed: V-Rally,Racing,t,1997-09-30,9
9606,Savage Skies,Shooter,t,2002-03-31,9
6544,Max Payne,Shooter,t,2001-12-12,9
1688,Chibi-Robo! Plug Into Adventure!,Adventure,t,2006-02-06,9
4589,Hannah Montana: Spotlight World Tour,Action,t,2008-08-07,9
12320,Ufo: Aftermath,Strategy,f,2003-10-15,9
1552,Cart World Series,Racing,t,1997-09-16,9
1605,Cats Together,Simulation,t,2018-11-21,9
6963,Mobile Suit Gundam Seed: Rengou Vs. Z.A.F.T. Portable,Shooter,t,2007-04-05,9
12284,Twisted Metal 4,Racing,t,1999-10-31,9
867,Battle Spirits: Digital Starter,Role-Playing,t,2010-08-05,9
11621,The Settlers Ii 10th Anniversary,Strategy,f,2006-09-22,9
1719,Choro Q Marine: Q Boat,Racing,t,1998-06-25,9
4310,Graffiti Kingdom,Role-Playing,t,2005-07-28,9
5207,Izuna 2: The Unemployed Ninja Returns,Role-Playing,t,2008-07-22,9
10575,Star Wars: Lethal Alliance,Adventure,t,2006-12-07,9
7114,Mortal Kombat Ii,Fighting,t,1994-01-01,9
13058,Xenoblade Chronicles,Role-Playing,t,2015-04-10,9
1120,Blood Bowl,Sports,t,2010-01-26,9
12201,Triple Play 99,Sports,t,1998-02-28,9
6430,Mall Tycoon 3,Strategy,f,2005-10-26,9
3545,Far Cry 3: Classic Edition,Action-Adventure,t,2018-07-05,9
1264,Bravo Air Race,Racing,t,1997-09-30,9
7837,Nhl Breakaway 98,Sports,t,1998-02-26,9
8171,Outdoors Unleashed: Africa 3d,Sports,t,2011-12-13,9
3673,Fifa: Road To World Cup 98,Sports,t,1997-12-01,9
10817,Super Dodge Ball,Sports,t,1996-01-01,9
4258,Godzilla: Destroy All Monsters Melee,Fighting,t,2002-10-08,9
3048,Dual Blades,Fighting,t,2002-10-07,9
6910,Mission: Impossible,Action,t,1999-11-23,9
1906,Command & Conquer: Red Alert Retaliation,Strategy,t,1998-08-28,9
5117,Infamous: First Light,Action,t,2014-08-26,9
10597,Starry * Sky: After Summer Portable,Visual Novel,t,2013-03-28,9
1043,Black/Matrix,Strategy,t,1998-08-27,9
2912,Dragon Ball Z: Ultime Menace,Fighting,t,1994-01-01,9
4145,Genkai Tokki Monster Monpiece,Misc,t,2014-05-27,9
1881,Colosseum: Road To Freedom,Role-Playing,t,2005-07-20,9
8759,Pro Farm 1,Simulation,f,2011-08-19,9
549,Army Men: Air Combat - The Elite Missions,Shooter,t,2003-03-25,9
4209,Gladius,Strategy,t,2003-11-03,9
3444,F1 Pole Position 64,Racing,t,1997-09-30,9
1406,C.O.R.E.,Shooter,t,2009-08-11,9
9278,Robopon 2: Cross Version,Role-Playing,t,2002-06-11,9
8075,One Piece: Gear Spirit,Fighting,t,2007-08-30,9
3768,Firewall: Zero Hour,Shooter,t,2018-08-29,8
6943,Mlb Inside Pitch 2003,Sports,t,2003-05-20,8
6420,Makai Ouji: Devils And Realist - Dairiou No Hihou,Visual Novel,t,2013-09-26,8
8116,Operation Warcade,Shooter,t,2018-09-04,8
6729,Mercenaries Saga Chronicles,Strategy,t,2018-09-11,8
12129,Trackmania Turbo,Racing,t,2016-03-22,8
2012,Crash Time: Autobahn Pusuit,Racing,t,2008-08-05,8
11458,The King Of Fighters '96,Fighting,t,1996-09-27,8
13119,Yooka-Laylee,Platform,t,2017-04-11,8
13228,Zatch Bell! Mamodo Fury,Fighting,t,2006-09-19,8
2108,Cubix Robots For Everyone: Clash 'N' Bash,Action,t,2002-06-24,8
13084,Yakuza Zero: The Place Of Oath,Adventure,t,2015-03-12,8
3790,Flashback,Platform,t,2018-11-20,8
12092,Touch The Dead,Shooter,t,2007-05-16,8
11001,Syphon Filter 3,Shooter,t,2001-11-05,8
3223,Elements Of Destruction,Strategy,t,2007-12-17,8
2967,Dragonseeds,Action,t,1998-09-30,8
11883,Tobal No.1,Fighting,t,1996-09-30,8
3985,Fushigi No Dungeon: Furai No Shiren 2 - Oni Shuurai! Shiren Shiro!,Role-Playing,t,2000-09-27,8
11439,The Incredible Hulk,Platform,t,2003-05-27,8
2312,Dawn Of Heroes,Role-Playing,t,2010-08-17,8
4675,Hatsukare * Renai Debut Sengen!,Visual Novel,t,2013-04-04,8
12745,Wild 9,Action,t,1998-09-30,8
1021,Bishoujo Senshi Sailormoon S: Juugai Rantou!? Shuyaku Soudatsusen,Fighting,t,1994-12-16,8
9101,Red Faction: Guerrilla Re-Mars-Tered,Shooter,t,2018-07-03,8
10361,Space Bust-A-Move (Jp Sales),Puzzle,t,2009-07-28,8
10739,Sudoku Gridmaster,Puzzle,t,2006-06-26,8
678,Atv Quad Power Racing 2,Racing,t,2003-01-22,8
11554,The Lost World: Jurassic Park,Action,t,1997-08-31,8
4934,Hour Of Victory,Shooter,t,2007-06-25,8
6053,Lego Ninjago Nindroids,Action-Adventure,t,2014-07-29,8
12685,Wcw Vs The World,Fighting,t,1998-02-28,8
4474,Gungnir,Role-Playing,t,2012-06-12,8
7663,Ncaa Football 99,Sports,t,1998-08-01,8
5158,International Track & Field,Sports,t,1996-06-28,8
7352,Myst Iii: Exile,Adventure,t,2002-09-22,8
10338,Soul Sacrifice Delta,Role-Playing,t,2014-05-13,8
6578,Mechassault: Phantom War,Simulation,t,2006-09-12,8
9312,Rocket: Robot On Wheels,Platform,t,1999-11-17,8
11909,Tokimeki Memorial: Taisen Pazurudama,Puzzle,t,1996-09-27,8
9492,Saint Seiya: Sanctuary Battle,Action,t,2012-05-16,8
2318,Daytona Usa Championship Circuit Edition,Racing,t,1996-11-25,8
12602,Wangan Midnight,Racing,t,2007-07-26,8
9149,Resident Evil Chronicles Hd,Shooter,t,2012-06-28,8
10681,Street Fighter Ex Plus Alpha,Fighting,t,1997-09-30,8
12522,Virtua Fighter 2,Fighting,t,1996-01-01,8
11679,The Sims Medieval: Pirates And Nobles,Simulation,f,2011-08-30,8
12962,Worms: Battle Islands,Strategy,t,2010-11-23,8
3465,Fairy Fencer F,Role-Playing,t,2014-09-16,8
6648,Mega Man Legacy Collection 1+2,Platform,t,2018-05-22,8
9032,Rayman Legends,Platform,t,2013-09-03,8
11602,The Princess Guide,Role-Playing,t,2019-03-15,8
3383,Exhibition Volume 02,Misc,t,2003-03-05,8
12991,Wwe 2k14,Fighting,t,2013-10-29,8
10360,Space Bust-A-Move,Puzzle,t,2009-07-28,8
1981,Counter-Strike 1: Anthology,Shooter,f,2005-09-26,8
11415,The Humans: Meet The Ancestors!,Puzzle,t,2009-07-28,8
2499,Destruction Derby Arenas,Racing,t,2004-04-01,8
9432,Runaway: A Twist Of Fate,Adventure,f,2009-11-18,8
9807,Shadow Hearts,Role-Playing,t,2001-12-11,8
10691,Street Racer,Racing,t,1996-10-31,8
11495,The Legend Of Alon D'Ar,Role-Playing,t,2001-12-04,8
4007,G-Saviour,Action,t,2000-09-14,8
8619,Port Royale 2,Strategy,f,2004-09-13,8
669,Atv Drift & Tricks,Racing,t,2017-11-07,8
13145,Ys Seven,Role-Playing,t,2010-08-17,8
4395,Gt Advance 3: Pro Concept Racing,Racing,t,2002-04-26,8
6341,Mafia Iii,Action-Adventure,t,2016-10-07,8
11758,The Wonderful 101,Action,t,2013-09-15,8
9818,Shadow Of The Tomb Raider,Action-Adventure,t,2018-09-14,8
3398,Extreme Ghostbusters,Platform,t,2002-12-30,8
3800,Flip'S Twisted World,Platform,t,2010-10-25,8
703,B-17: Fortress In The Sky,Simulation,t,2007-06-19,8
8476,Pilotwings Resort,Simulation,t,2011-03-27,8
6880,Mini Yonkyu Ds,Racing,t,2009-12-17,8
9378,Rosco Mcqueen: Firefighter Extreme,Action,t,1998-08-31,8
6779,Metal Slug 4 & 5,Shooter,t,2005-05-25,8
8774,Pro Yakyuu Greatest Nine 98,Sports,t,1998-03-26,8
678,Atv Quad Power Racing 2,Racing,t,2003-01-27,8
2795,Doom Vfr,Shooter,t,2017-12-01,8
4156,George Of The Jungle And The Search For The Secret,Platform,t,2008-03-11,8
1370,Bushido Blade 2,Fighting,t,1998-02-28,8
11941,Tom And Jerry In War Of The Whiskers,Fighting,t,2003-12-06,8
13095,Yard Sale Hidden Treasures: Sunnyville,Puzzle,t,2010-05-25,8
7233,"Murder, She Wrote",Adventure,f,2009-11-12,8
839,Batman: Vengeance,Adventure,t,2001-10-15,8
4632,Harukanaru Toki No Naka De 6: Gentou Rondo,Adventure,t,2016-12-22,8
3611,Fate/Unlimited Codes,Fighting,t,2008-12-18,8
10027,Sid Meier'S Civilization V: Game Of The Year Edition,Strategy,f,2011-09-26,8
1808,Clayfighter 63 1/3,Fighting,t,1997-09-30,8
182,Adventure Time: The Secret Of The Nameless,Action-Adventure,t,2014-11-18,8
11436,The Idolmaster: Gravure For You! Vol.8,Misc,t,2012-05-24,8
6016,Legend Of The Dragon,Fighting,t,2007-05-29,8
11357,The Fifth Element,Action,t,1998-09-30,8
7127,Mortal Kombat: Tournament Edition,Fighting,t,2003-08-27,8
2716,Divinity Ii: Ego Draconis,Role-Playing,t,2010-01-05,8
11962,Tom Clancy'S Rainbow Six 3,Shooter,t,2004-06-17,8
7842,Nhl Faceoff 2001,Sports,t,2001-02-05,8
5379,Jikkyou Powerful Pro Yakyuu '99 Ketteiban,Sports,t,1999-12-25,8
6262,Lunar: Dragon Song,Role-Playing,t,2005-09-27,8
1323,Buck Bumble,Action,t,1998-09-30,8
7119,Mortal Kombat Trilogy,Fighting,t,1996-10-31,8
12456,Valkyria Chronicles Ii,Role-Playing,t,2010-08-31,8
7128,Mortal Kombat: Unchained,Fighting,t,2006-11-15,8
10337,Soul Sacrifice,Misc,t,2013-04-30,8
6753,Metal Gear Solid Hd Collection,Action,t,2012-06-12,8
9980,Shonen Jump'S One Piece: Grand Battle,Fighting,t,2005-09-07,8
8352,Persona 4 Arena,Fighting,t,2012-08-07,8
5678,Ken Ga Kimi: Momoyo Tsuzuri,Adventure,t,2016-12-22,8
6024,Legends Of Wrestling,Fighting,t,2002-05-27,8
10685,Street Fighter Iv,Fighting,t,2009-02-17,8
10942,Supreme Commander,Strategy,t,2008-06-23,8
39,15 Days,Adventure,f,2009-11-20,8
12574,Vr Karts,Racing,t,2017-11-28,8
1914,Company Of Heroes,Strategy,f,2006-09-13,8
12233,Tsuki No Hikari: Shizumeru Kane No Satsujin,Adventure,t,2002-05-23,8
6111,Lilie No Atelier: Salburg No Renkinjutsushi 3,Role-Playing,t,2001-06-21,8
1441,Caesars Palace Ii,Misc,t,1998-10-01,8
8914,R-Type Iii: The Third Lightning,Shooter,t,2004-03-16,8
11741,The Walking Dead: Season Two,Misc,t,2014-01-01,8
6987,Mobile Suit Z Gundam: Aeug Vs. Titans,Fighting,t,2003-12-04,8
1880,Color Cross,Puzzle,t,2010-05-18,8
10340,Soulcalibur Ii (Jp Weekly Data),Fighting,t,2003-08-27,8
2131,Cyber Troopers Virtual-On Marz,Fighting,t,2003-10-14,8
8117,Operation: Vietnam,Shooter,t,2007-08-20,8
8734,Prisoner Of War,Adventure,t,2002-08-26,8
680,Atv/Monster Truck Mayhem,Racing,t,2007-07-15,8
884,Battlefield V,Shooter,t,2018-11-20,8
546,Army Men: Air Attack,Action,t,1999-11-02,8
6441,Manga-Ka Debut Monogatari: Suteki Na Manga O Egakou,Misc,t,2017-03-16,8
1075,Blazblue: Cross Tag Battle,Fighting,t,2018-06-05,8
10519,Star Gladiator Episode: I Final Crusade,Fighting,t,1996-10-31,8
11867,Tnn Motor Sports Hardcore 4x4,Racing,t,1996-11-30,8
8077,One Piece: Grand Battle!,Fighting,t,2003-01-01,8
3375,Evolution Worlds,Role-Playing,t,2002-12-02,8
5989,Last Ranker,Role-Playing,t,2010-07-15,8
7496,Nascar '15,Sports,t,2015-05-22,8
6740,Metal Dungeon,Role-Playing,t,2002-12-15,8
12739,Wii Chess,Strategy,t,2008-01-18,8
6671,Mega Man X8,Platform,t,2004-12-07,8
5177,Iridion Ii,Shooter,t,2003-05-29,8
12120,Toy Shop,Simulation,t,2008-04-29,8
10143,Skate 2,Sports,t,2009-01-21,8
13261,Zhuzhu Puppies,Simulation,t,2011-03-29,8
2551,Digimon All-Star Rumble,Fighting,t,2014-11-11,8
9175,Return To Castle Wolfenstein: Operation Resurrection,Shooter,t,2003-05-30,8
5483,Juiced,Racing,t,2005-06-13,8
3746,Finding Nemo,Platform,t,2003-05-09,8
13076,Yahari Game Demo Ore No Seishun Love-Kome Hamachi Gatteiru,Visual Novel,t,2013-09-19,8
1128,Blood Wake,Shooter,t,2001-12-25,8
2466,Derby Stallion Iii,Sports,t,1995-01-20,8
12177,Treasures Of The Deep,Action,t,1997-08-31,8
9640,Scooby Doo And The Cyber Chase,Adventure,t,2001-10-04,8
8913,R-Type Final,Shooter,t,2004-02-03,8
11153,Tekken 4,Fighting,t,2002-09-23,8
4824,Hissatsu Pachinko Collection 3,Misc,t,1995-11-02,8
1186,Bomberman Generation,Adventure,t,2002-06-03,8
9691,Sébastien Loeb Rally Evo,Racing,t,2016-03-22,8
10095,Sin And Punishment,Shooter,t,2000-11-21,8
4975,Hyperdimension Neptunia Re;Birth2: Sisters Generation,Role-Playing,t,2015-01-27,8
678,Atv Quad Power Racing 2,Racing,t,2003-01-21,8
5269,James Bond 007: Agent Under Fire,Shooter,t,2002-03-26,8
4058,Gallop Racer (Jp),Sports,t,1996-09-27,8
11897,Tokimeki Mahjong Paradise: Koi No Tenpai Beat,Misc,t,1995-10-20,8
5326,Jet Moto,Racing,t,1996-10-31,8
2969,Drake & Josh: Talent Showdown,Adventure,t,2007-07-30,8
13112,Yokai Watch Busters 2: Hihou Densetsu Banbarayaa - Magnum / Sword,Role-Playing,t,2017-12-16,8
13154,Yu-Gi-Oh! 5d'S Tag Force 5,Strategy,t,2010-10-26,8
12883,World Destruction League: Thunder Tanks,Action,t,2000-12-20,8
12610,War Of The Monsters,Fighting,t,2003-01-14,8
839,Batman: Vengeance,Adventure,t,2001-11-17,8
394,Andretti Racing,Racing,t,1996-11-30,8
6873,Minecraft: Story Mode,Adventure,t,2016-12-13,8
11177,"Tengai Ni Mau, Iki Na Hana",Visual Novel,t,2018-04-26,8
10621,Steamworld Collection,Misc,t,2016-11-01,8
8459,Pic Pic,Puzzle,t,2008-02-08,8
3306,Espn National Hockey Night,Sports,t,2001-03-25,8
3184,Ecco The Dolphin: Defender Of The Future,Adventure,t,2002-03-03,8
11234,Tettelkaiseki Hissyou Pachislot Doujyho Yamasa & Pioneer,Misc,t,1998-11-12,8
2114,Culdcept Saga,Role-Playing,t,2008-02-05,8
7276,Mxgp 3: The Official Motocross Videogame,Racing,t,2017-11-17,8
9442,Rune: Viking Warlord,Action,t,2001-07-28,8
13187,Yu-Gi-Oh! The Sacred Cards (American And Others Sales),Role-Playing,t,2003-11-04,8
1049,Blade Dancer: Lineage Of Light,Role-Playing,t,2006-07-18,8
2172,Daito Giken Koushiki Pachi-Slot Simulator: Ossu! Banchou Portable,Misc,t,2006-03-02,8
9981,Shonen Jump'S One Piece: Grand Battle,Fighting,t,2005-09-07,8
3692,Fighting Force 2,Action,t,1999-11-30,8
11072,Tales Of Graces,Role-Playing,t,2009-12-10,8
2899,Dragon Ball Z: Idainaru Dragon Ball Densetsu,Fighting,t,1996-01-01,8
2886,Dragon Ball Z: Budokai,Fighting,t,2003-10-28,8
11467,The King Of Fighters 2000/2001,Fighting,t,2003-12-09,8
6042,Lego Indiana Jones 2: The Adventure Continues,Adventure,f,2009-11-17,8
11455,The King Of Fighters '95,Fighting,t,1996-01-01,8
11391,The Guided Fate Paradox,Role-Playing,t,2013-11-05,8
6993,Moe Moe 2-Ji Daisenryaku 3,Misc,t,2017-02-16,8
9819,Shadow Ops: Red Mercury,Shooter,t,2004-06-15,8
223,Age Of Mythology: The Titans,Strategy,f,2003-09-30,8
6356,Magical Vacation,Role-Playing,t,2001-12-07,8
10898,Super Robot Taisen: Original Generation,Role-Playing,t,2006-08-08,8
2564,Digimon World 4,Role-Playing,t,2005-06-02,8
7774,Nfl Blitz,Sports,t,1998-09-09,8
12918,World Soccer Jikkyou Winning Eleven 2000: U-23 Medal Heno Chousen,Sports,t,2001-03-23,8
5525,Just Dance 4,Music,t,2012-11-18,8
2574,Diner Dash: Sizzle & Serve,Puzzle,t,2007-05-23,8
5518,Just Dance 2014,Music,t,2013-10-08,8
19,007: Tomorrow Never Dies,Shooter,t,1999-11-16,8
8447,Phoenix Wright: Ace Attorney - Dual Destinies,Misc,t,2014-01-01,8
8959,Railroad Tycoon 3,Strategy,f,2003-10-28,8
11431,The Idolmaster 2,Simulation,t,2011-02-24,8
955,Bet On Soldier: Blood Sport,Shooter,f,2005-09-26,8
10868,Super Robot Spirits,Fighting,t,1998-07-17,8
12644,Warlords Iv: Heroes Of Etheria,Strategy,f,2003-10-21,8
1297,Brothers Conflict: Brilliant Blue,Visual Novel,t,2013-09-12,8
8863,Puyo Puyo!! 20th Anniversary,Puzzle,t,2011-07-14,8
21,1/2 Summer +,Misc,t,2013-07-18,8
5460,Joint Task Force,Strategy,f,2006-09-12,8
11894,Toki Collector'S Edition,Platform,t,2018-11-22,8
4961,Hyaku Monogatari: Kaidan Romance,Visual Novel,t,2013-09-26,8
12935,World Stadium 5,Sports,t,2001-05-10,8
2270,Dark Souls Trilogy,Action,t,2018-10-19,8
12617,"Warhammer 40,000: Dawn Of War Ii",Strategy,f,2009-02-19,8
11073,Tales Of Graces F,Role-Playing,t,2012-03-13,8
10510,Stacked With Daniel Negreanu,Misc,t,2006-05-31,8
13228,Zatch Bell! Mamodo Fury,Fighting,t,2006-12-12,8
11472,The King Of Fighters Ex2: Howling Blood,Fighting,t,2003-12-11,8
4640,Harvest Moon Ds (Jp Sales),Simulation,t,2006-09-12,8
1013,Bioshock,Shooter,t,2007-08-21,8
9930,Shining Hearts,Role-Playing,t,2010-12-16,8
4084,Game Tengoku: Cruisinmix,Shooter,t,2017-11-30,8
5708,Ketsui: Kizuna Jigoku Tachi Extra,Shooter,t,2010-04-22,8
5687,Kenka Bancho Bros: Tokyo Battle Royale,Action,t,2012-06-21,8
4894,Hoshigami: Ruining Blue Earth,Role-Playing,t,2001-12-20,8
6779,Metal Slug 4 & 5,Shooter,t,2005-08-21,8
12398,Unreal Tournament Iii,Shooter,f,2007-11-19,8
650,Atelier Rorona: Alchemist Of Arland,Role-Playing,t,2014-06-24,8
4996,I Spy: Universe,Puzzle,t,2010-06-18,8
8109,Open Season,Platform,t,2006-11-30,8
1201,Bond Of Ten Demons,Visual Novel,t,2012-07-19,8
8654,Power Rangers Super Megaforce,Action-Adventure,t,2014-10-28,8
4148,Genkai Tokki: Seven Pirates,Role-Playing,t,2016-08-04,8
4391,Growlanser: Wayfarer Of Time,Role-Playing,t,2012-07-24,8
1916,Company Of Heroes: Opposing Fronts,Strategy,f,2007-09-24,8
11956,Tom Clancy'S Ghost Recon: Jungle Storm,Shooter,t,2004-03-16,8
4371,Grid,Racing,t,2008-08-05,8
10881,Super Robot Taisen L,Strategy,t,2010-11-25,8
8874,Puzzle Quest: Challenge Of The Warlords,Puzzle,t,2007-11-30,8
2140,D.C. Iii: Da Capo Iii,Visual Novel,t,2013-02-28,8
12823,Wipeout: In The Zone,Misc,t,2011-06-14,8
1510,Capcom Vs. Snk 2 Eo,Fighting,t,2002-09-23,8
1100,Bleach: Soul Carnival 2,Fighting,t,2009-12-10,8
2951,Dragon Shadow Spell,Role-Playing,t,2007-01-18,8
2361,Deadliest Warrior: Ancient Combat,Fighting,t,2012-04-17,8
7850,Nhl Powerplay '96,Sports,t,1996-09-30,8
11469,The King Of Fighters 2006,Fighting,t,2006-09-19,8
544,"Army Men World War: Land, Sea, Air",Action,t,2000-09-20,8
6944,Mlb Pennant Race,Sports,t,1996-09-30,8
10341,Soulcalibur Ii(Jp Sales),Fighting,t,2003-08-27,8
12837,Wizardry: Tale Of The Forsaken Land,Role-Playing,t,2001-12-19,8
10158,Sky Gunner,Action,t,2002-06-24,8
9373,Root Infinity Rexx,Adventure,t,2015-01-22,8
425,Animorphs: Shattered Reality,Action,t,2000-09-06,8
1340,Bullet Girls,Shooter,t,2014-08-21,8
8408,Pga Tour 97,Sports,t,1996-09-30,8
9196,Ribbit King,Sports,t,2004-06-08,8
5602,Kane & Lynch: Dead Men,Shooter,f,2007-11-20,8
1948,Cooking Mama,Simulation,t,2006-09-12,8
6287,Mace: The Dark Age,Fighting,t,1997-10-01,8
11188,Tennis No Oji-Sama: Card Hunter,Strategy,t,2007-02-22,8
1315,Brute Force,Shooter,t,2003-05-27,8
3232,Elminage Gothic: Ulm Zakir To Yami No Gishiki,Role-Playing,t,2012-05-24,8
11668,The Sims 3: Town Life Stuff,Simulation,f,2011-07-26,8
5840,Klonoa Heroes: Densetsu No Star Medal,Role-Playing,t,2002-12-13,8
3393,Extermination,Action,t,2001-07-23,8
569,Art Of Fighting Anthology,Fighting,t,2007-05-17,8
7742,Neverdead,Shooter,t,2012-01-31,8
2883,Dragon Ball Z Hyper Dimension,Fighting,t,1996-01-01,8
10741,Sudoku Mania,Puzzle,t,2006-06-30,8
12523,Virtua Fighter 3tb,Fighting,t,1999-10-18,8
793,Barbie Super Sports,Sports,t,1999-12-30,8
1718,Choro Q 64 2: Hacha Mecha Grand Prix Race,Racing,t,1999-12-24,8
2875,Dragon Ball Gt: Game Boy Advance Video Volume 1,Misc,t,2004-09-09,8
462,Aquaman: Battle For Atlantis,Action,t,2003-07-23,8
10706,Strike Witches: Shirogane No Tsubasa,Shooter,t,2012-06-28,8
245,Air Conflicts: Secret Wars,Simulation,t,2017-04-04,8
12248,Tunnel B1,Shooter,t,1996-10-31,8
9464,Saban'S Power Rangers: Lightspeed Rescue,Action,t,2000-09-28,8
6075,Lemmings,Puzzle,t,2006-05-23,8
286,Alexi Lalas International Soccer,Sports,t,1999-04-30,8
10864,Super Real Mahjong Graffiti,Misc,t,1995-11-24,8
4385,Groovin' Blocks,Puzzle,t,2009-08-11,8
4186,Giants: Citizen Kabuto,Shooter,t,2001-12-20,8
11456,The King Of Fighters '95,Fighting,t,1996-08-31,8
4118,Gear.Club Unlimited,Racing,t,2017-11-21,8
8693,Primal Rage,Fighting,t,1995-01-01,8
13017,Wwf In Your House,Fighting,t,1996-10-31,8
84,40 Winks,Platform,t,1999-11-14,8
5891,Konohana 2: Todoke Kanai Requiem,Adventure,t,2002-05-30,8
5190,Ishin No Arashi: Shippuu Ryuumeden,Strategy,t,2010-11-18,8
4817,Hikaru No Go: Heian Gensou Ibunroku,Adventure,t,2002-05-30,8
8647,Power Pro Kun Pocket 5,Sports,t,2003-01-23,8
8249,Painkiller: Hell & Damnation,Shooter,t,2013-08-30,8
6908,Missile Command,Shooter,t,1999-11-30,8
12215,Tropico 4,Strategy,t,2011-10-18,8
7119,Mortal Kombat Trilogy,Fighting,t,1996-09-01,8
8613,Popolocrois: Hajimari No Bouken,Role-Playing,t,2002-06-20,8
10291,Sonic Boom: Rise Of Lyric,Action-Adventure,t,2014-11-11,8
6922,Mlb 07: The Show,Sports,t,2007-05-15,8
7511,Nascar Heat Evolution,Racing,t,2016-09-13,8
6853,Million God,Misc,t,2002-12-26,8
3553,Far East Of Eden Ii: Manji Maru,Role-Playing,t,2003-10-02,8
10890,Super Robot Taisen Og: Original Generations Gaiden,Strategy,t,2007-12-27,8
976,Big Bang Mini,Shooter,t,2009-01-21,8
10611,Starwinder: The Ultimate Space Race,Racing,t,1996-10-31,8
556,Army Men: Sarge'S Heroes 2,Shooter,t,2000-11-21,8
10981,Sword Art Online: Hollow Fragment,Role-Playing,t,2015-07-28,8
7053,Monster Hunter Frontier G,Role-Playing,t,2013-11-20,8
6772,Metal Max 4: Gekkou No Diva,Role-Playing,t,2013-11-07,8
12857,Woody Woodpecker Racing,Racing,t,2000-01-01,8
11859,Titanfall,Shooter,t,2014-03-11,8
7925,Ninja: Shadow Of Darkness,Action,t,1998-09-30,8
6195,Lord Of Apocalypse,Role-Playing,t,2011-12-17,8
10740,Sudoku Gridmaster (Jp Sales),Puzzle,t,2006-06-26,8
6506,Marvel Vs. Capcom: Clash Of Super Heroes,Fighting,t,1999-10-07,8
7473,Naruto: Clash Of Ninja 2,Fighting,t,2006-09-26,8
1613,Center Ring Boxing,Fighting,t,1995-01-01,8
3283,Epidemic,Shooter,t,1996-10-31,8
13026,Wwii: Battle Over The Pacific,Simulation,t,2008-05-09,8
13174,Yu-Gi-Oh! Gx: Tag Force 3,Strategy,t,2008-11-28,8
4281,Golden Sun: Dark Dawn,Role-Playing,t,2010-11-29,8
10828,Super Fire Prowrestling Special,Fighting,t,1994-12-22,8
3843,Football Manager Handheld 2013,Sports,t,2012-11-30,8
7529,Natsuiro Kokoro Log,Visual Novel,t,2018-04-26,8
5288,Jampack Volume 12,Misc,t,2005-05-03,8
8412,Phalanx,Shooter,t,2001-12-27,8
8363,Pet In Tv,Strategy,t,1998-08-01,8
5777,King'S Field: Additional I,Role-Playing,t,2006-07-20,8
9729,Sega Rally Championship,Racing,t,1995-12-05,8
8815,Pryzm Chapter One: The Dark Unicorn,Adventure,t,2002-06-10,8
649,Atelier Meruru: Alchemist Of Arland 3,Role-Playing,t,2012-05-22,8
11715,The Testament Of Sherlock Holmes,Adventure,t,2012-09-30,8
996,Biker Mice From Mars,Racing,t,2007-06-05,8
10614,State Of Emergency,Action,t,2002-02-12,8
5490,Jump Ultimate Stars,Fighting,t,2006-11-23,8
5242,Jade Cocoon 2,Role-Playing,t,2001-12-17,8
2908,Dragon Ball Z: The Legacy Of Goku,Role-Playing,t,2002-05-14,8
5200,Itoi Shigesato No Bass Tsuri No. 1 Ketteihan!,Sports,t,2000-03-31,8
3145,E.T. The Extra-Terrestrial: Interplanetary Mission,Platform,t,2002-12-30,8
12635,Warhawk,Shooter,t,2007-08-28,8
12863,Wordmaster,Strategy,t,2008-08-12,8
8197,Overstrike,Shooter,t,2013-05-28,8
1589,Castlevania: Legacy Of Darkness,Platform,t,1999-11-30,8
152,Ace Combat: Joint Assault,Simulation,t,2010-08-31,8
3973,Fullmetal Alchemist: Dual Sympathy,Role-Playing,t,2006-12-12,8
7208,Mrc: Multi-Racing Championship,Racing,t,1997-08-31,8
6991,Moe Chronicle,Role-Playing,t,2014-05-15,8
4505,Hajime No Ippo Portable: Victorious Spirits,Fighting,t,2007-12-20,8
2574,Diner Dash: Sizzle & Serve,Puzzle,t,2007-05-22,8
1895,Command & Conquer 3: Kane'S Wrath,Strategy,t,2008-06-23,8
8686,Prey,Shooter,t,2006-07-11,8
10510,Stacked With Daniel Negreanu,Misc,t,2006-05-30,8
1625,Challenge Me: Brain Puzzles 2,Puzzle,t,2010-11-23,8
3875,Forza Horizon 2,Racing,t,2014-09-30,8
6953,Mlb The Show 18,Sports,t,2018-03-27,8
9489,Saint,Shooter,t,2009-07-21,8
12347,Ultimate Puzzle Games,Puzzle,t,2005-11-14,8
123,A Collection Of Intellivision Classic Games,Misc,t,1999-10-30,8
4012,G1 Jockey 3,Sports,t,2003-05-28,8
389,An American Tail: Fievel'S Gold Rush,Platform,t,2003-05-02,8
7946,Nitroplus Blasterz: Heroines Infinite Duel,Fighting,t,2016-02-02,8
8662,Power Shovel,Action,t,2001-07-19,8
3681,Fight Night Round 3,Fighting,t,2006-12-05,8
6367,Magus,Action,t,2014-02-28,8
12295,Tyco Rc: Assault With A Battery,Racing,t,2000-01-01,8
7733,Nes Remix,Misc,t,2013-12-18,8
7201,Mr Bean,Platform,t,2008-03-14,8
4507,Hajime No Ippo: The Fighting! (2014),Sports,t,2014-12-11,8
6253,Luminous Arc 3,Role-Playing,t,2009-12-10,8
5405,Jikkyou Powerful Pro Yakyuu 5,Sports,t,1998-03-26,8
2891,Dragon Ball Z: Burst Limit,Fighting,t,2008-06-10,8
6390,Mai-Otome Hime: Otome Butou Shi,Fighting,t,2006-11-09,8
124,A Game Of Thrones: Genesis,Strategy,f,2011-09-28,8
12667,Watch Dogs,Action-Adventure,t,2014-11-18,8
7657,Ncaa Football 2002,Sports,t,2001-07-23,8
2388,Deathsmiles,Shooter,t,2010-06-29,8
620,Asteroids Hyper 64,Shooter,t,1999-12-14,8
2407,Deer Hunter,Sports,t,2003-12-22,8
6661,Mega Man X Legacy Collection 1+2,Platform,t,2018-07-24,8
5202,Ivy The Kiwi?,Puzzle,t,2010-08-24,8
11853,Tiny Toon Adventures: The Great Beanstalk,Misc,t,1998-10-27,8
3574,Farmtopia,Simulation,t,2010-08-31,8
1104,Bleach: Versus Crusade,Fighting,t,2008-12-18,8
1271,Breath Of Fire,Role-Playing,t,2001-12-13,8
843,Battle Arena Toshinden 2,Fighting,t,1996-01-01,8
2581,Dinotopia: The Sunstone Odyssey,Action,t,2003-07-23,8
9275,Robo Pit,Fighting,t,1996-01-01,8
2343,Dead Or Alive Xtreme Beach Volleyball,Sports,t,2003-01-22,8
6768,Metal Gear Solid: The Legacy Collection,Misc,t,2013-07-09,8
8081,One Piece: Pirate Warriors 3 - Deluxe Edition,Action,t,2018-05-11,8
13188,Yu-Gi-Oh! The Sacred Cards (Jp Weekly Sales),Role-Playing,t,2003-11-04,8
12348,Ultimate Puzzle Games: Sudoku Edition,Puzzle,t,2007-07-24,8
10229,Sniper: Ghost Warrior,Shooter,t,2010-06-29,8
4170,Gex 64: Enter The Gecko,Action,t,1998-08-31,8
1045,Blacksite: Area 51,Shooter,f,2007-11-12,8
5072,Imagine: Resort Owner,Strategy,t,2010-10-26,8
8312,Paws & Claws: Regal Resort,Simulation,t,2010-07-13,8
10096,Sin And Punishment: Star Successor,Shooter,t,2010-06-27,8
539,Armorines: Project S.W.A.R.M.,Shooter,t,1999-11-30,8
4215,Glover,Platform,t,1999-11-30,8
3208,Eiyuu * Senki,Visual Novel,t,2013-09-26,8
6637,Mega Man Battle Network 2,Role-Playing,t,2002-06-17,8
3461,Faces Of War,Strategy,f,2006-09-12,8
5661,Kawaii Pet To Kurasou! Wan Nyan & Mini Mini Animal,Simulation,t,2017-04-06,8
647,Atelier Lydie & Suelle: The Alchemists And The Mysterious Paintings,Role-Playing,t,2017-12-21,8
5760,Kimikare: New Semester,Visual Novel,t,2012-07-19,8
6261,Lunar Legend,Role-Playing,t,2002-12-08,8
8624,Portal Runner,Platform,t,2001-09-10,8
11172,Tenchu: Stealth Assassins,Action,t,1998-08-31,8
6585,Medabots Classics: Metabee Ver. / Rokusho Ver.,Role-Playing,t,2017-12-21,8
6694,Meiji Tokyo Renka,Visual Novel,t,2013-09-26,8
6469,Mario & Sonic At The Rio 2016 Olympic Games,Sports,t,2016-03-18,8
10818,Super Dodge Ball Advance,Sports,t,2001-06-10,8
1657,Chaos Wars,Strategy,t,2008-06-03,8
2589,Dirt Rally,Racing,t,2016-04-05,8
4751,Hero Bank 2,Role-Playing,t,2014-11-27,8
5122,Infinite Stratos 2: Ignition Hearts,Visual Novel,t,2014-02-27,8
5150,International Superstar Soccer '98,Action,t,1998-09-15,8
9812,Shadow Man: 2econd Coming,Adventure,t,2002-03-02,8
11949,Tom Clancy'S Ghost Recon 2: Summit Strike,Shooter,t,2005-08-02,8
12698,We Sing Deutsche Hits,Misc,t,2011-05-26,8
3988,Fushigi No Dungeon: Fuurai No Shiren 5 - Fortune Tower To Unmei No Dice,Role-Playing,t,2010-12-09,8
7934,Nintendo Pocket Football Club,Sports,t,2012-07-12,8
6967,Mobile Suit Gundam Side Story: Missing Link,Action,t,2014-05-29,8
11854,Tiny Toon Adventures: Toonenstein - Dare To Scare,Action,t,1999-11-02,8
11306,The Crew 2,Racing,t,2018-06-29,8
845,Battle Arena Toshinden Remix,Fighting,t,1995-01-01,8
3617,Felony 11-79,Racing,t,1997-08-31,8
5588,Kamen Rider: Climax Heroes W,Fighting,t,2009-12-03,8
11457,The King Of Fighters '95 (Cd),Fighting,t,1995-01-01,8
6541,Mawashite Tsunageru Touch Panic,Puzzle,t,2006-05-25,8
12259,Turok: Rage Wars,Shooter,t,1999-11-23,8
6044,Lego Island 2: The Brickster'S Revenge,Adventure,t,2001-10-02,8
4994,I Spy: Fun House,Puzzle,t,2007-08-29,8
9534,Samantha Swift And The Golden Touch,Adventure,f,2009-04-29,8
3088,Dungeons - The Dark Lord,Strategy,f,2011-09-27,8
4641,Harvest Moon Ds (Us Sales),Simulation,t,2006-09-12,8
7530,Natsuiro No Sunadokei,Adventure,t,2002-05-30,8
3964,Fujiko F. Fujio Characters: Great Assembly! Slightly Fantastic Slapstick Party,Action,t,2020-12-31,8
10632,Steins;Gate 0,Adventure,t,2015-12-10,8
1369,Bushido Blade,Fighting,t,1997-09-30,8
243,Air Conflicts: Secret Wars,Simulation,f,2011-08-30,8
7762,New Prince Of Tennis: Go To The Top,Adventure,t,2015-03-05,8
79,4 Elements,Puzzle,t,2013-11-07,8
3127,Dynasty Warriors 8,Misc,t,2013-07-16,8
11319,The Darkness,Shooter,t,2007-06-25,8
1572,Castle Of Shikigami Iii,Shooter,t,2008-05-13,8
2076,Cruise Ship Vacation Games,Puzzle,t,2009-09-08,8
10070,Simcity Ds,Simulation,t,2007-06-19,8
9464,Saban'S Power Rangers: Lightspeed Rescue,Action,t,2000-09-26,8
3596,Fatal Fury: Battle Archives Volume 1 (Jp Sales),Fighting,t,2007-08-14,8
9443,Runner3,Platform,t,2018-05-22,8
6056,Lego Racers,Racing,t,1999-12-17,8
2464,Derby Stallion Gold,Sports,t,2014-12-04,8
9830,Shaman King: Chou Senjiryokketsu 3,Role-Playing,t,2002-12-13,8
5292,Jampack Winter '98,Misc,t,1998-10-01,8
7111,Mortal Kombat 3,Fighting,t,1995-01-01,8
10568,Star Wars: Empire At War - Forces Of Corruption,Strategy,f,2006-10-24,8
3167,Earth Defense Force 2025,Shooter,t,2014-02-18,8
101,7 Wonders Of The Ancient World,Puzzle,t,2007-04-23,8
11895,Toki No Kizuna: Hanayui Tsuzuri,Visual Novel,t,2013-07-25,8
8461,Picross 3d,Puzzle,t,2010-05-03,8
8127,Ore No Imouto Ga Konna Ni Kawaii Wake Ga Nai. Happy End,Visual Novel,t,2013-09-26,8
7042,Monster Frenzy,Puzzle,t,2010-05-25,8
13036,X-Men: Children Of The Atom,Fighting,t,1996-01-01,8
11158,Tekken Tag Tournament 2,Fighting,t,2012-11-18,8
12627,"Warhammer 40,000: Squad Command",Strategy,t,2007-12-17,8
9921,Shining Blade,Role-Playing,t,2012-03-15,8
12681,Wayne Gretzky'S 3d Hockey '98,Sports,t,1997-12-26,8
4977,Hyperdimension Neptunia Victory,Role-Playing,t,2013-03-21,8
6960,Mobile Suit Gundam Seed Battle Destiny,Action,t,2012-06-07,8
8636,Power Pro Gb,Sports,t,1998-03-26,8
9549,Samurai Shodown Ii,Fighting,t,1994-12-02,8
10372,Space Invaders,Shooter,t,1999-11-30,8
10186,Sloane To Machale No Nazo No Monogatari 2,Puzzle,t,2009-09-03,8
2961,Dragon Warrior I&Ii,Role-Playing,t,2000-09-27,8
3128,Dynasty Warriors 8: Empires,Misc,t,2013-07-16,8
2888,Dragon Ball Z: Budokai Tenkaichi 2,Fighting,t,2006-11-15,8
3228,Elite: Dangerous,Simulation,t,2017-06-27,8
621,Astonishia Story,Role-Playing,t,2006-06-06,8
2333,Dead Or Alive,Fighting,t,1997-10-09,8
4452,Gun,Shooter,f,2005-11-09,8
7051,Monster Hunter 3 Ultimate,Role-Playing,t,2013-03-19,8
5742,Killer 3d Pool,Misc,t,2005-05-02,8
11656,The Sims 3,Simulation,t,2011-03-27,8
5572,Kaleidoeve,Adventure,t,2015-01-22,8
5581,Kamen Rider Travelers Record,Role-Playing,t,2013-11-28,8
1381,Bust-A-Move Deluxe,Puzzle,t,2006-04-04,8
4511,Hakuoki: Demon Of The Fleeting Blossom,Adventure,t,2012-02-14,8
9646,Scrabble Blast!,Misc,t,2005-05-02,8
9139,Resident Evil,Action,t,1997-08-31,8
4987,I Heart Geeks,Puzzle,t,2011-12-13,8
12283,Twisted Metal 2,Racing,t,1996-10-31,8
13149,Ys: Memories Of Celceta,Role-Playing,t,2013-11-26,8
1274,Breath Of Fire Iv,Role-Playing,t,2000-11-28,8
10575,Star Wars: Lethal Alliance,Adventure,t,2006-12-14,8
9042,Rc Revenge Pro,Racing,t,2001-01-16,8
7512,Nascar Kart Racing,Racing,t,2009-02-10,8
6584,Medabots Ax: Metabee / Rokusho Ver.,Role-Playing,t,2002-06-25,8
5009,Ide Yosuke No Mahjong Kazoku,Misc,t,1995-11-03,8
9569,Samurai Warriors Chronicles 2nd,Action,t,2012-09-13,8
3595,Fatal Fury: Battle Archives Volume 1,Fighting,t,2007-08-14,8
10298,Sonic Generations,Platform,t,2011-11-22,8
2887,Dragon Ball Z: Budokai 2,Fighting,t,2004-12-15,8
5957,L.G.S: Shinsetsu Houshinengi,Visual Novel,t,2012-08-09,8
9658,Sd Gundam G Generation,Strategy,t,1998-08-06,8
4275,Golden Axe: The Duel,Fighting,t,1995-01-01,8
8827,Puella Magi Madoka Magica Portable,Role-Playing,t,2012-03-15,8
8896,Qubed,Puzzle,t,2009-09-08,8
5225,J-League Victory Goal,Sports,t,1995-01-20,8
9580,San Francisco Rush 2049,Racing,t,2000-09-07,8
2958,Dragon Tales: Dragon Seek,Platform,t,2000-11-29,8
9387,Rpg Maker 3,Role-Playing,t,2005-09-21,8
11922,Tokyo Mew Mew,Role-Playing,t,2002-12-05,8
7765,New Zealand Story Revolution,Platform,t,2008-02-13,8
5842,Klonoa: Empire Of Dreams,Platform,t,2001-09-11,8
758,Baldur'S Gate: Dark Alliance,Role-Playing,t,2001-12-02,8
12031,Top Gear Rally,Racing,t,1997-10-01,8
648,Atelier Meruru Plus: The Apprentice Of Arland,Role-Playing,t,2013-03-20,8
5983,Last Bronx,Fighting,t,1997-09-30,8
10594,Stardust Amazoness,Role-Playing,t,2013-11-14,8
1250,Bratz Ponyz,Adventure,t,2007-07-30,8
4575,"Hanayaka Kana, Ware Ga Ichizoku: Tasogare Polarstar",Visual Novel,t,2013-07-11,8
6207,Lost Heroes 2,Role-Playing,t,2015-01-29,8
7856,Nhra Drag Racing: Countdown To The Championship,Racing,t,2007-07-24,8
6425,Maken Shao: Demon Sword,Action,t,2003-07-26,8
8019,Nyaruko-San: Nafushigatai Game No You Na Mono,Misc,t,2013-05-30,8
800,Barnyard Blast: Swine Of The Night,Platform,t,2008-02-15,8
13186,Yu-Gi-Oh! The Sacred Cards,Role-Playing,t,2003-11-04,8
9602,Satomi Hakkenden: Murasame Marunoki,Adventure,t,2015-01-22,8
3256,Empires: Dawn Of The Modern World,Strategy,f,2003-10-21,8
2324,Dead Ball Zone,Sports,t,1998-08-01,8
170,Adk Tamashii,Fighting,t,2008-12-18,8
6010,Legasista,Role-Playing,t,2012-08-21,8
992,Big Strike Bowling,Sports,t,2003-05-19,8
9953,Shinseiki Evangelion: Battle Orchestra Portable,Fighting,t,2009-07-30,8
3791,Flashback,Platform,t,2018-11-20,8
323,All Kamen Rider: Rider Generation 2,Fighting,t,2012-08-02,8
7721,Neogeo Battle Coliseum,Fighting,t,2007-12-17,8
7937,Nintendogs + Cats Golden Retriever And New Friends,Simulation,t,2011-03-27,8
9239,Rising Zan: The Samurai Gunman,Action,t,1999-09-30,7
10995,Syberia Iii,Adventure,t,2016-01-01,7
10299,Sonic Heroes,Platform,t,2004-01-27,7
12187,Triggerheart Exelica,Shooter,t,2007-02-22,7
11618,The Settlers,Strategy,t,2007-08-21,7
8328,Pebble Beach Golf Links,Sports,t,1995-01-01,7
6583,Medabots 9: Metabee Ver. / Rokusho Ver.,Role-Playing,t,2015-12-24,7
1927,Conflict: Desert Storm,Shooter,t,2003-04-22,7
10007,Shrek Smash N' Crash Racing,Racing,t,2007-03-09,7
4341,Grandia,Role-Playing,t,1999-09-30,7
1310,Brunswick Circuit Pro Bowling,Sports,t,1998-09-30,7
12954,Worms 4: Mayhem,Strategy,f,2005-10-04,7
4114,Gauntlet Legends,Action,t,1999-08-31,7
12398,Unreal Tournament Iii,Shooter,t,2008-07-07,7
6782,Metal Slug Anthology,Shooter,t,2007-02-20,7
7943,Nishijin Pachinko Monogatari 2,Misc,t,1996-06-28,7
4147,Genkai Tokki: Moero Crystal,Role-Playing,t,2015-09-25,7
3105,Dynamic Chord Feat. Apple-Polisher: V Edition,Adventure,t,2018-06-28,7
8286,Party Planet,Misc,t,2017-12-12,7
9086,Record Of Agarest War Mariage,Role-Playing,t,2012-07-19,7
467,Ar Tonelico 2: Melody Of Metafalica,Role-Playing,t,2009-01-20,7
10054,Silent Scope Complete,Shooter,t,2004-02-10,7
2036,Crazy Taxi,Racing,t,2000-01-24,7
10687,Street Fighter X Tekken,Fighting,t,2012-10-23,7
8217,Pac-Man World,Action,t,1999-09-30,7
9394,Rtx Red Rock,Shooter,t,2003-06-17,7
6933,Mlb 2000,Sports,t,1999-02-28,7
12889,World In Conflict,Strategy,f,2007-09-18,7
8221,Pac-Pix,Puzzle,t,2005-04-26,7
2658,Disney'S Story Studio: Disney'S Mulan,Misc,t,1999-12-15,7
5507,Jurassic Park Iii: Island Attack,Adventure,t,2001-11-26,7
785,Barbie Explorer,Platform,t,2001-09-04,7
10390,Spec Ops: Ranger Elite,Shooter,t,2001-04-29,7
429,Anohana: The Flower We Saw That Day,Visual Novel,t,2012-08-30,7
6571,Me & My Katamari (Jp Sales),Puzzle,t,2006-03-21,7
2779,Donkey Kong Jungle Climber,Platform,t,2007-09-10,7
5131,Innocent Life: A Futuristic Harvest Moon,Simulation,t,2007-05-15,7
8525,Plants Vs. Zombies,Strategy,t,2010-09-28,7
9708,Secrets Of The Vatican: The Holy Lance,Adventure,f,2009-11-06,7
5250,Jak & Daxter Collection,Action,t,2012-06-18,7
3493,Famicom Mini: Famicom Tantei Club - Kieta Koukeisha Zenkouhen,Adventure,t,2004-08-10,7
5293,Jampack Winter '99,Misc,t,1999-10-01,7
8897,Queen'S Blade: Spiral Chaos,Role-Playing,t,2009-12-17,7
5163,Inuyasha: Feudal Combat,Fighting,t,2005-08-24,7
7095,"Monsters, Inc.",Adventure,t,2002-03-19,7
2282,Darksiders Ii,Action-Adventure,t,2012-11-18,7
3700,Final Fantasy,Role-Playing,t,2000-12-09,7
3233,Elminage Ii Ds Remix: Sousei No Megami To Unmai No Daichi,Role-Playing,t,2010-07-01,7
2803,Dora The Explorer: Dora Saves The Mermaids,Platform,t,2008-02-11,7
934,Bejeweled Twist,Puzzle,t,2010-01-19,7
10616,Steal Princess,Platform,t,2009-05-19,7
10612,State Of Decay 2,Action-Adventure,t,2018-05-22,7
3329,Etrian Odyssey 2 Untold: Knight Of Fafnir,Role-Playing,t,2015-08-04,7
9033,Rayman Origins,Platform,t,2012-12-06,7
1224,Boulder Dash Ex,Puzzle,t,2002-09-16,7
4583,Hang On Gp,Racing,t,1996-01-01,7
3419,F.E.A.R.,Shooter,t,2007-04-24,7
4128,Gekiatsu!! Pachi Game Tamashi Vol. 2: Cr Evangelion - Shinjitsu No Tsubasa,Misc,t,2011-06-09,7
6282,M.A.C.H.: Modified Air Combat Heroes,Shooter,t,2007-02-20,7
13011,Wwe Smackdown! Vs. Raw 2006,Fighting,t,2005-11-15,7
10574,Star Wars: Knights Of The Old Republic,Role-Playing,t,2003-07-17,7
7013,Momotarou Dentetsu X: Kyuushuu-Hen Mo Arubai,Misc,t,2001-12-13,7
5238,Jackass The Game Ds,Action,t,2008-01-08,7
1123,Blood Bowl: Legendary Edition,Sports,f,2010-10-28,7
9846,Shaun White Skateboarding,Sports,f,2010-10-24,7
9238,Risen 3: Titan Lords Enhanced Edition,Role-Playing,t,2015-08-21,7
8854,Puyo Pop Fever (Jp Sales),Puzzle,t,2005-05-03,7
3494,Famicom Mini: Famicom Tantei Club Part Ii - Ushiro Ni Tatsu Shoujo Zenkouhen,Adventure,t,2004-08-10,7
636,Atari Flashback Classics: Volume 1,Misc,t,2018-12-13,7
6799,Metropolismania 2,Strategy,t,2007-08-28,7
12039,Top Gun: Fire At Will!,Misc,t,1996-06-01,7
8855,Puyo Pop Fever(Us Sales),Puzzle,t,2005-05-03,7
12192,Trinity Universe,Role-Playing,t,2010-06-29,7
2559,Digimon Story: Lost Evolution,Role-Playing,t,2010-07-01,7
1757,Cima: The Enemy,Role-Playing,t,2003-11-17,7
7998,Norn9: Norn + Nonette,Visual Novel,t,2013-05-30,7
10710,Strikers 1945 Plus Portable,Shooter,t,2009-08-06,7
6714,Memories Off: Innocent File,Visual Novel,t,2018-10-25,7
1945,Cookie & Cream,Platform,t,2007-07-02,7
12561,Vitamin X: Detective B6,Misc,t,2012-02-09,7
1294,Broken Sword: The Shadow Of The Templars,Adventure,t,2002-03-17,7
1556,Cartoon Network Collection: Game Boy Advance Video Special Edition,Misc,t,2005-03-01,7
10564,Star Wars: Clone Wars,Shooter,t,2003-04-22,7
12550,Virtual Pool: Tournament Edition,Sports,t,2005-05-11,7
13299,Zoo Tycoon Ds,Strategy,t,2005-10-11,7
13146,Ys Strategy,Strategy,t,2006-11-17,7
11918,Tokyo Ghoul: Jail,Role-Playing,t,2015-10-01,7
3702,Final Fantasy Anthology,Role-Playing,t,1999-09-30,7
11488,The Land Before Time: Great Valley Racing Adventure,Racing,t,2001-05-04,7
3969,Full Spectrum Warrior,Strategy,f,2004-09-21,7
2298,Date A Live: Rine Utopia,Visual Novel,t,2013-06-27,7
10749,Suikoden Ii,Role-Playing,t,1999-09-29,7
737,Backyard Wrestling: Don'T Try This At Home,Fighting,t,2003-10-07,7
1317,Bubble Bobble Double Shot,Puzzle,t,2008-03-03,7
12269,Tv Anime: Fairy Tale Gekitou! Madoushi Kessen,Fighting,t,2010-07-22,7
9360,Rome: Total War,Strategy,f,2004-09-22,7
10268,Soldier Of Fortune Ii: Double Helix,Shooter,t,2003-06-18,7
2785,Doom,Shooter,t,1995-11-16,7
258,Aiyoku No Eustia,Misc,t,2014-06-26,7
4959,Hyakki Yagyou Kaidan Romance,Visual Novel,t,2012-10-25,7
1594,Castlevania: Portrait Of Ruin,Platform,t,2006-12-05,7
11552,The Lost Treasures Of Alexandria,Puzzle,t,2011-08-26,7
4342,Grandia Ii,Role-Playing,t,2000-12-06,7
1094,Bleach: Heat The Soul 4,Fighting,t,2007-05-24,7
1011,Bionicle Heroes,Shooter,t,2007-04-24,7
9202,Ride To Hell,Racing,t,2013-06-25,7
6145,Littlebigplanet 3,Platform,t,2014-11-18,7
11581,The Operative: No One Lives Forever,Shooter,t,2002-04-16,7
9002,Ratatouille,Platform,t,2007-06-26,7
5192,Island,Adventure,t,2018-06-28,7
596,Assassin'S Creed Iii: Liberation,Adventure,t,2012-10-30,7
7453,Naruto Shippuden: Shinobi Rumble!!,Fighting,t,2011-02-08,7
3543,Far Cry 2,Shooter,f,2008-10-21,7
3957,Frontier Gate Boost+,Role-Playing,t,2013-03-14,7
5985,Last Escort,Adventure,t,2006-01-26,7
6429,Mall Tycoon 2 Deluxe,Strategy,f,2004-10-05,7
10326,Soukai Buccaneers,Adventure,t,2014-07-17,7
4795,Highway 2000,Racing,t,1996-01-01,7
11089,Tamagotchi Connection: Corner Shop 3,Simulation,t,2008-06-17,7
2449,Densha De Go! 3 Tsuukinhen,Simulation,t,2001-03-15,7
6612,Medarot 9: Kabuto Ver. / Kuwagata Ver.,Role-Playing,t,2015-12-24,7
5374,Jikkyou Powerful Pro Yakyuu '95,Sports,t,1994-12-22,7
2254,Dark Cloud 2,Role-Playing,t,2003-02-17,7
1521,Captain Tsubasa J: The Way To World Youth,Sports,t,1995-11-17,7
2452,Densha De Go! Tokubetsu-Hen: Fukkatsu Shouwa No Yamatesen,Simulation,t,2010-07-22,7
331,Alliance: Future Combat,Strategy,f,2006-09-08,7
9985,Shonen Jump'S Shaman King: Master Of Spirits 2,Role-Playing,t,2005-08-02,7
1956,Cool Boarders,Sports,t,1996-12-31,7
10556,Star Wars Rogue Leader: Rogue Squadron Ii,Simulation,t,2001-11-09,7
4127,Gekiatsu!! Pachi Game Tamashi Vol. 1: Cr Evangelion - Shinjitsu No Tsubasa,Misc,t,2011-06-09,7
251,Airforce Delta Storm,Simulation,t,2001-11-14,7
5481,Judie No Atelier: Guramnat No Renkinjutsushi,Role-Playing,t,2002-06-27,7
476,Arc The Lad: End Of Darkness,Role-Playing,t,2005-06-14,7
4189,Ginga Fukei Densetsu: Sapphire,Shooter,t,1995-11-24,7
12490,Velvet Assassin,Shooter,t,2009-04-30,7
1954,Cooking Mama: Sweet Shop,Simulation,t,2017-05-16,7
12336,Ultimate Fighting Championship: Throwdown,Fighting,t,2002-06-03,7
12414,Urban Yeti,Adventure,t,2002-08-16,7
13023,Wwf War Zone,Fighting,t,1998-07-14,7
640,Atelier Ayesha Plus: The Alchemist Of Dusk,Role-Playing,t,2015-01-13,7
3053,Ducati World Racing Challenge,Racing,t,2001-01-02,7
12980,Wrestle Kingdom,Fighting,t,2006-07-20,7
5172,Invizimals: The Lost Kingdom,Action-Adventure,t,2014-09-30,7
1601,Catan,Strategy,t,2009-05-28,7
9152,Resident Evil: Dead Aim,Shooter,t,2003-06-18,7
7676,Ncis,Adventure,f,2011-11-01,7
7750,New Class Of Heroes Mono: Toki No Gakuen,Role-Playing,t,2012-07-19,7
11204,Teslagrad,Platform,t,2014-09-11,7
7072,Monster Madness: Grave Danger,Shooter,t,2008-08-05,7
5562,Kaijuu Busters Powered,Action,t,2011-01-20,7
6064,Lego Star Wars: The Force Awakens,Action-Adventure,t,2016-06-28,7
3440,F1 Challenge,Racing,t,1996-01-01,7
2116,Curse Of The Amsterdam Diamond,Adventure,t,2012-03-16,7
11801,Tiger & Bunny On Air Jack!,Visual Novel,t,2012-09-20,7
4542,Hallowed Legends: Samhain,Adventure,f,2011-11-04,7
13232,Zendoku,Puzzle,t,2007-04-20,7
5684,Ken To Mahou To Gakuen Mono. Final: Shinnyusei Wa Ohimesama,Strategy,t,2011-10-13,7
1765,Cities Xl 2012,Strategy,f,2011-10-20,7
8608,Popeye: Rush For Spinach,Platform,t,2005-04-24,7
475,Arc The Lad Iii,Role-Playing,t,1999-10-28,7
2583,Diplomacy,Strategy,f,2005-10-04,7
6357,Magical Zhuzhu Princess: Carriages & Castles,Simulation,t,2011-02-08,7
2567,Digimon World Re:Digitize,Role-Playing,t,2012-07-19,7
11788,Thousand Arms,Role-Playing,t,1999-10-13,7
12001,Tonari Ni Kanojo No Iru Shiawase: Winter Guest,Adventure,t,2018-06-28,7
12122,Toy Story 2: Buzz Lightyear To The Rescue!,Platform,t,1999-11-30,7
7111,Mortal Kombat 3,Fighting,t,1995-10-01,7
6656,Mega Man Star Force 2: Zerker X Ninja / Saurian,Role-Playing,t,2008-06-24,7
13036,X-Men: Children Of The Atom,Fighting,t,1998-03-03,7
5930,Kurenai No Homura: Sanada Ninpou Chou,Adventure,t,2018-06-26,7
8481,Pinball Tycoon,Misc,t,2003-01-02,7
11652,The Sims 2: Pets,Simulation,t,2006-10-31,7
2481,Desktop Tower Defense,Strategy,t,2009-05-11,7
7902,Nighttruth: Explanation Of The Paranormal - The Making Of Nighttruth: Voice Selection,Misc,t,1996-06-28,7
8348,Period Cube ~Shackles Of Amadeus~,Simulation,t,2017-04-28,7
5632,Kartia: The Word Of Fate,Strategy,t,1998-07-31,7
8028,Ochaken No Heya Ds,Simulation,t,2006-04-27,7
10159,Sky Odyssey,Simulation,t,2000-11-15,7
1584,Castlevania: Aria Of Sorrow,Platform,t,2003-05-06,7
8281,Parlor! Mini 2,Misc,t,1996-06-28,7
9470,Sacred 3,Role-Playing,t,2014-07-29,7
5802,Kingdom Under Fire: Heroes,Strategy,t,2005-09-20,7
11367,The Getaway: Black Monday,Action,t,2005-01-11,7
3867,Fortissimo,Adventure,t,2018-03-08,7
12494,Vexx,Platform,t,2003-02-11,7
2910,Dragon Ball Z: The Legacy Of Goku Ii,Role-Playing,t,2003-06-17,7
8980,Rampage 2: Universal Tour,Action,t,1999-03-01,7
9258,Road & Track Presents: The Need For Speed,Racing,t,1996-01-01,7
3662,Fifa Soccer 64,Sports,t,1997-02-28,7
6290,Machi-Ing Maker Ds,Simulation,t,2008-07-24,7
2697,Disney Sports Basketball,Sports,t,2003-01-13,7
2595,Disciples Iii: Resurrection,Strategy,f,2011-10-07,7
3612,Fate/Unlimited Codes Portable,Fighting,t,2009-06-18,7
1738,Chris Sawyer'S Locomotion,Strategy,f,2004-09-09,7
9481,Saga: Scarlet Grace,Role-Playing,t,2016-12-15,7
8158,Otometeki Koi Kakumei * Love Revo,Adventure,t,2006-01-26,7
5176,Iridion 3d,Shooter,t,2001-05-29,7
8310,Paws & Claws: Pet Vet,Simulation,t,2007-01-03,7
11503,The Legend Of Heroes: Ao No Kiseki,Role-Playing,t,2014-06-12,7
1997,Crash Bandicoot 2: N-Tranced,Platform,t,2003-01-07,7
10522,Star Ocean: Second Evolution,Role-Playing,t,2009-01-20,7
3166,Earth Defense Force 2017 Portable,Shooter,t,2013-02-05,7
5675,Kekkon: Marriage,Adventure,t,1995-12-15,7
12115,Tournament Of Legends,Fighting,t,2010-07-06,7
5015,Iggy'S Reckin' Balls,Racing,t,1998-08-24,7
8823,Psychonauts,Platform,t,2005-06-21,7
3724,Final Fantasy X International,Role-Playing,t,2004-02-19,7
542,Army Men Advance,Action,t,2001-06-10,7
5348,Jewel Quest Iv: Heritage,Puzzle,t,2011-08-26,7
11997,Tomba! 2: The Evil Swine Return,Platform,t,1999-12-01,7
9,.Hack//Outbreak Part 3,Role-Playing,t,2003-09-09,7
897,Battletanx: Global Assault,Action,t,1999-08-31,7
3502,Famicom Mini: Star Soldier,Shooter,t,2004-02-14,7
12416,Usa Today Crossword Challenge,Puzzle,t,2008-05-30,7
3492,Famicom Mini: Famicom Mukashi Banashi - Shin Oniga Shima Zenkouhen,Adventure,t,2004-08-10,7
940,Ben 10 Galactic Racing,Misc,t,2012-02-15,7
13264,Zill O'Ll Infinite Plus,Role-Playing,t,2009-01-22,7
10712,Stronghold 3,Strategy,f,2011-10-25,7
9989,Shooter: Starfighter Sanvein,Shooter,t,2001-02-28,7
11850,Tiny Tank,Action,t,1999-09-01,7
4909,Hot Shots Golf: Open Tee,Sports,t,2005-05-03,7
4184,Giana Sisters Ds,Platform,t,2011-02-22,7
2459,Derby Stallion 96,Sports,t,1996-03-15,7
11209,Test Drive Le Mans,Racing,t,2000-03-31,7
4457,Gunblade Ny & L.A. Machineguns Arcade Hits Pack,Shooter,t,2010-08-24,7
1029,Black & White 2,Strategy,f,2005-10-04,7
10892,Super Robot Taisen W,Strategy,t,2007-03-01,7
13135,Youda Safari,Simulation,t,2011-02-11,7
10604,Starship Troopers,Shooter,f,2005-11-15,7
847,Battle Assault 3 Featuring Gundam Seed,Action,t,2004-12-07,7
10311,Sonic Unleashed,Platform,t,2008-12-09,7
6935,Mlb 2002,Sports,t,2001-05-07,7
175,Advance Wars: Days Of Ruin,Strategy,t,2008-01-21,7
7391,Namco Museum,Misc,t,2001-12-04,7
11971,Tom Clancy'S Rainbow Six: Vegas,Shooter,t,2007-06-26,7
11203,Terraria,Action-Adventure,t,2013-12-04,7
3267,Enemy Territory: Quake Wars,Shooter,f,2007-10-02,7
4746,Herdy Gerdy,Adventure,t,2002-03-04,7
10676,Street Fighter Alpha 3 Max,Fighting,t,2006-02-07,7
8093,Onigokko! Portable,Visual Novel,t,2013-06-27,7
8852,Puyo Pop Fever,Puzzle,t,2006-05-19,7
4972,Hyperdimension Neptunia Re;Birth1,Role-Playing,t,2014-08-26,7
8377,Petz Dogz Fashion,Simulation,t,2008-06-17,7
4230,Go! Sudoku (Jp Sales),Puzzle,t,2006-03-21,7
8507,Pirates: The Legend Of Black Kat,Adventure,t,2002-02-17,7
5272,James Bond 007: Nightfire,Shooter,t,2003-03-17,7
10587,Star X,Shooter,t,2002-04-17,7
2337,Dead Or Alive 5 Plus,Fighting,t,2013-03-19,7
10172,Slayers Royal,Role-Playing,t,1998-06-25,7
11394,The Guy Game,Misc,t,2004-08-30,7
8506,Pirates: Legend Of The Black Buccaneer,Adventure,t,2006-08-15,7
2993,Dream Girl Premier,Misc,t,2015-11-19,7
11301,The Conveni 4,Simulation,t,2006-04-27,7
5597,Kamiwaza Wanda: Kira Kira Ichibangai Kikiippatsu!,Action-Adventure,t,2016-10-27,7
6570,Me & My Katamari,Puzzle,t,2006-03-21,7
1229,Boxer'S Road,Fighting,t,1995-09-08,7
7134,Mother 1+2,Role-Playing,t,2003-06-20,7
10344,Soulcalibur V,Fighting,t,2012-01-31,7
12860,Wordhunters,Misc,t,2018-12-04,7
3647,Fifa Soccer,Sports,t,2005-04-25,7
3555,Far East Of Eden Zero,Role-Playing,t,1995-12-22,7
5213,J-League Jikkyou Winning Eleven 2000,Sports,t,2000-06-29,7
7017,Monhun Nikki: Poka Poka Ailu Mura,Role-Playing,t,2010-08-26,7
10784,Summon Night Ex-Thesis: Yoake No Tsubasa,Role-Playing,t,2005-08-04,7
3722,Final Fantasy X-2: International + Last Mission,Role-Playing,t,2004-02-19,7
5004,Ice Age 2: The Meltdown,Platform,t,2006-12-06,7
7174,Motorstorm Rc,Racing,t,2012-03-06,7
641,Atelier Escha & Logy Plus: Alchemists Of The Dusk Sky,Role-Playing,t,2015-01-22,7
11281,The Book Of Unwritten Tales: The Critter Chronicles,Adventure,f,2011-10-06,7
895,Battlestations: Pacific,Strategy,t,2009-05-12,7
984,Big Ichigeki! Pachi-Slot Taikouryku Universal Museum,Misc,t,1996-06-14,7
12585,Walk It Out!,Sports,t,2010-01-12,7
6959,Mobile Suit Gundam Age: Universe Accel / Cosmic Drive,Role-Playing,t,2012-08-30,7
7965,Nobunaga'S Ambition: Rise To Power,Strategy,t,2008-02-05,7
6475,Mario Golf: World Tour,Sports,t,2014-05-02,7
6805,Michael Jackson The Experience Hd,Misc,t,2012-02-14,7
8111,Operation Darkness,Role-Playing,t,2008-06-24,7
5327,Jet Moto 2,Racing,t,1997-10-31,7
3370,Evil Genius,Strategy,f,2004-09-28,7
4766,Hi-Octane: The Track Fights Back!,Racing,t,1996-01-01,7
1755,Cid The Dummy,Platform,t,2009-06-30,7
12482,Vanishing Point,Racing,t,2001-02-05,7
3646,Fifa Soccer,Misc,t,2012-02-15,7
3717,Final Fantasy V,Role-Playing,t,1999-09-30,7
5919,Kung Fu Chaos,Fighting,t,2003-02-24,7
3199,Egg Mania,Puzzle,t,2002-09-16,7
2571,Digimon World: Next Order,Role-Playing,t,2017-01-31,7
6379,Mahjong Mysteries: Ancient Egypt,Puzzle,t,2010-06-25,7
4333,Grand Theft Auto: Liberty City Stories / Vice City Stories,Misc,t,2014-08-28,7
7260,Mx 2002 Featuring Ricky Carmichael,Racing,t,2001-07-03,7
3871,Fortress,Action,t,2001-08-13,7
7330,My Street,Misc,t,2003-03-09,7
4958,Hyakka Yakou,Visual Novel,t,2015-02-12,7
13294,Zoo Tycoon 2: African Adventure,Strategy,f,2006-05-22,7
11961,Tom Clancy'S Rainbow Six,Shooter,t,1999-11-17,7
3227,Elite Forces: Unit 77,Strategy,t,2009-04-28,7
8032,Oddly Enough: Pied Piper,Adventure,f,2011-11-06,7
5247,Jagged Alliance,Strategy,t,2009-05-20,7
8555,Point Blank Ds (Us Sales),Shooter,t,2006-06-13,7
3687,Fighters Destiny,Fighting,t,1998-01-31,7
5820,Kirarin * Revolution: Minna De Odorou Furi Furi Debut!,Simulation,t,2008-07-24,7
4150,Genroh,Visual Novel,t,2012-08-30,7
6590,Medal Of Honor,Shooter,t,1999-11-11,7
10239,Snood 2: On Vacation,Puzzle,t,2005-11-16,7
5872,Kokoro Connect: Yochi Random,Visual Novel,t,2012-11-22,7
2414,Defcon 5,Shooter,t,1995-11-23,7
222,Age Of Mythology: Gold Edition,Strategy,f,2004-09-10,7
10582,Star Wars: The Clone Wars & Tetris Worlds,Misc,t,2003-01-01,7
8470,Piglet'S Big Game,Platform,t,2003-02-02,7
11107,Tao Feng: Fist Of The Lotus,Fighting,t,2003-03-18,7
13014,Wwe Wrestlemania X8,Fighting,t,2002-06-09,7
6914,Mister Mosquito,Shooter,t,2002-03-12,7
9007,Ratchet & Clank: Quest For Booty,Platform,t,2008-09-12,7
3282,Epic Mickey: Power Of Illusion,Platform,t,2012-11-18,7
9203,Ride To Hell: Retribution,Racing,t,2013-06-25,7
4481,Gungriffon: Allied Strike,Simulation,t,2004-12-14,7
4117,Gear Club Unlimited 2,Racing,t,2018-12-04,7
9894,Shin Megami Tensei: Devil Summoner,Role-Playing,t,1995-12-25,7
5189,Irritating Stick,Action,t,1999-01-31,7
5487,Jumble Madness,Puzzle,t,2009-01-20,7
2206,Dance Dance Revolution: Disney Channel Edition,Simulation,t,2008-01-08,7
6955,Mobile Light Force 2,Shooter,t,2003-03-19,7
12594,Wand Of Fortune 2 Fd: Kimi Ni Sasageru Epilogue,Visual Novel,t,2012-11-22,7
7253,Muvluv Double Pack,Adventure,t,2016-01-21,7
4418,Guilty Gear X2,Fighting,t,2003-02-03,7
3336,Eureka Seven Vol. 2: The New Vision,Shooter,t,2007-04-23,7
13172,Yu-Gi-Oh! Gx: Tag Force,Strategy,t,2006-11-14,7
10136,Sins Of A Solar Empire: Trinity,Strategy,f,2010-02-26,7
13000,Wwe Day Of Reckoning 2,Fighting,t,2005-08-29,7
11851,Tiny Token Empires,Strategy,f,2011-10-18,7
8706,Princess Arthur,Misc,t,2013-03-28,7
11464,The King Of Fighters 02/03,Fighting,t,2005-02-08,7
5775,King'S Field,Role-Playing,t,1995-12-31,7
1166,Boktai: The Sun Is In Your Hand,Role-Playing,t,2003-09-16,7
11279,The Book Of Unwritten Tales,Adventure,f,2011-10-28,7
1468,Call Of Duty: Black Ops Ii,Shooter,t,2012-11-18,7
11914,Tokushu Houdoubu,Visual Novel,t,2012-08-23,7
13011,Wwe Smackdown! Vs. Raw 2006,Fighting,t,2005-11-14,7
12239,Tsurugi No Machi No Ihoujin: Kuro No Kyuuden,Role-Playing,t,2015-01-22,7
9781,Senran Kagura: Peach And Reflexions Limited Double Pack,Misc,t,2018-12-13,7
9206,Ridge Racer,Racing,t,2012-03-13,7
8544,Pocket Fighter,Fighting,t,1998-07-09,7
10030,Sid Meier'S Pirates!,Strategy,t,2010-10-05,7
11261,The Ant Bully,Platform,t,2006-12-05,7
9487,Saikyou Habu Shogi,Misc,t,1996-06-23,7
4623,Harukanaru Toki No Naka De 3,Adventure,t,2004-12-22,7
5874,Kokuga,Shooter,t,2012-09-27,7
12949,Worldwide Soccer,Sports,t,1995-01-01,7
5119,Infernal: Hell'S Vengeance,Shooter,t,2009-06-30,7
6107,Lifeline,Adventure,t,2004-03-02,7
8204,P.N.03 - Product Number Three,Shooter,t,2003-09-09,7
4844,History Great Empires: Rome,Strategy,t,2009-05-12,7
11203,Terraria,Action-Adventure,t,2016-06-28,7
9878,Shin Fortune Quest: Sokutaku No Kishi,Misc,t,1996-06-21,7
12880,World Cup 98,Sports,t,1998-05-18,7
12122,Toy Story 2: Buzz Lightyear To The Rescue!,Platform,t,1999-11-17,7
3365,Everyday House Tamagotchi,Simulation,t,2012-11-22,7
12394,Unreal Ii: The Awakening,Shooter,t,2004-02-10,7
12907,World Series Baseball,Sports,t,1995-01-01,7
514,Arma: Gold,Strategy,f,2008-02-26,7
3086,Dungeon Travelers 2: The Royal Library & The Monster Seal,Role-Playing,t,2015-08-18,7
4003,Fuzion Frenzy 2,Misc,t,2007-01-30,7
11794,Thunder Alley,Racing,t,2004-06-13,7
11287,The Cat In The Hat,Platform,t,2005-04-26,7
9380,"Roswell Conspiracies: Aliens, Myths & Legends",Action,t,2001-06-14,7
3899,Frankenstein: The Dismembered Bride,Adventure,f,2009-11-06,7
12409,Urakata Hakuoki,Visual Novel,t,2013-06-27,7
4948,Hummer Badlands,Racing,t,2006-04-14,7
4415,Guilty Gear Judgment,Fighting,t,2006-09-05,7
9163,Resident Evil: Value Pack,Action-Adventure,t,2016-09-29,7
1062,Blaster Master: Blasting Again,Shooter,t,2001-05-06,7
770,Bangai-O Spirits,Shooter,t,2008-08-12,7
3090,Dungeons & Dragons Heroes,Role-Playing,t,2003-09-17,7
9933,Shining Soul,Role-Playing,t,2003-09-23,7
5635,Katamari Damacy Reroll,Action,t,2018-12-07,7
840,Battalion Wars,Strategy,t,2005-09-19,7
10640,Stern Pinball Arcade,Misc,t,2017-12-12,7
12199,Triple Play 97,Sports,t,1996-06-24,7
9890,Shin Megami Tensei,Role-Playing,t,2001-05-31,7
4258,Godzilla: Destroy All Monsters Melee,Fighting,t,2003-04-16,7
5162,Inuyasha: A Feudal Fairy Tale,Fighting,t,2003-04-10,7
7214,Ms. Pac-Man: Maze Madness / Pac-Man World,Puzzle,t,2005-10-01,7
5829,Kirby: Canvas Curse,Platform,t,2005-06-13,7
8433,Phantom: Phantom Of Inferno,Visual Novel,t,2012-10-25,7
466,Ar Nosurge: Ode To An Unborn Star,Role-Playing,t,2015-07-02,7
12507,Viewpoint,Shooter,t,1995-11-28,7
1118,Blokus Portable: Steambot Championship,Puzzle,t,2008-03-03,7
10665,Strawberry Nauts,Adventure,t,2016-07-28,7
12978,Wreckless: The Yakuza Missions,Racing,t,2002-02-04,7
10426,Spinout,Racing,t,2008-03-20,7
3723,Final Fantasy X / X-2 Hd Remaster,Role-Playing,t,2015-05-12,7
9695,Secret Agent Clank,Platform,t,2009-05-26,7
13274,Zombi Daisuki,Action,t,2011-01-20,7
12682,Wcw Backstage Assault,Fighting,t,2000-01-01,7
9874,Shin Atelier Rorona: Hajimari No Monogatari,Role-Playing,t,2015-06-04,7
1288,Broken Sword 5: The Serpent'S Curse,Adventure,t,2015-09-04,7
10,.Hack//Quarantine Part 4: The Final Chapter,Role-Playing,t,2004-01-14,7
4233,Goal Storm '97,Sports,t,1997-01-01,7
3537,Fantastic Pets,Simulation,t,2011-04-12,7
842,Battle Arena Toshinden,Fighting,t,1995-09-09,7
4882,Hoppechan: Minna De Odekake! Waku Waku Hoppe Land!!,Action,t,2014-07-17,7
3361,Everquest Online Adventures: Frontiers,Role-Playing,t,2003-11-17,7
1797,Classic Nes Series: Excitebike,Racing,t,2004-06-02,7
10983,Sword Art Online: Infinity Moment,Role-Playing,t,2013-03-14,7
9804,Seven: Molmorth No Kiheitai,Action,t,2000-12-21,7
7632,Nba Street: Showdown,Sports,t,2005-04-27,7
13082,Yakuza Kiwami,Adventure,t,2016-01-21,7
7074,Monster Racers,Racing,t,2010-05-04,7
12251,Turbo Turtle Adventure,Puzzle,t,2002-09-14,7
1497,Canvas 2,Adventure,t,2006-01-26,7
12548,Virtual Pool,Sports,t,1997-02-28,7
13124,Yoshi Topsy-Turvy,Platform,t,2005-06-13,7
12318,Ufc: Tapout 2,Fighting,t,2003-03-20,7
8554,Point Blank Ds (Jp Sales),Shooter,t,2006-06-13,7
3776,Fisherman'S Challenge,Sports,t,2003-01-19,7
2534,Diabolik Lovers: More Blood,Visual Novel,t,2013-10-24,7
12191,Tringo,Puzzle,t,2006-05-16,7
7472,Naruto: Clash Of Ninja (Jp Sales),Fighting,t,2006-03-07,7
744,Bakemonogatari Portable,Visual Novel,t,2012-08-23,7
10402,Speed Punks,Racing,t,2000-03-31,7
9907,Shin Nippon Pro Wrestling: Toukon Retsuden,Fighting,t,1995-09-29,7
12981,Wrestle Kingdom 2: Pro Wrestling Sekai Taisen,Fighting,t,2007-05-10,7
9811,Shadow Man,Action,t,1999-09-30,7
3299,Espn Extreme Games,Sports,t,1995-01-01,7
7357,Mysterious Adventures In The Caribbean,Puzzle,t,2010-11-26,7
7432,Napoleon: Total War,Strategy,f,2010-02-23,7
6198,Lord Of Magna: Maiden Heaven,Role-Playing,t,2015-06-02,7
119,A Boy And His Blob,Platform,t,2009-10-13,7
8257,Pandora'S Tower,Role-Playing,t,2013-04-16,7
1357,Burning Road,Racing,t,1996-11-12,7
10350,Sound Novel Tsukuru,Misc,t,1996-05-31,7
5226,J-League Victory Goal '96,Sports,t,1996-03-22,7
4793,High Velocity: Mountain Racing Challenge,Racing,t,1996-01-01,7
7521,Natalie Brooks: Mystery At Hillcrest High,Adventure,t,2012-04-06,7
9447,Rurouni Kenshin: Meiji Kenyaku Romantan - Kansen,Fighting,t,2012-08-30,7
2291,Darkstar One: Broken Alliance,Simulation,t,2010-07-20,7
7471,Naruto: Clash Of Ninja,Fighting,t,2006-03-07,7
10937,Supermodel Makeover By Lauren Luke,Simulation,t,2009-12-18,7
4103,Garfield'S Nightmare,Platform,t,2007-09-04,7
154,Achtung Panzer: Kharkov 1943,Strategy,f,2010-02-25,7
11961,Tom Clancy'S Rainbow Six,Shooter,t,1999-11-23,7
5801,Kingdom Under Fire: Circle Of Doom,Role-Playing,t,2008-01-08,7
11394,The Guy Game,Misc,t,2004-08-31,7
5720,Kidou Senshi Gundam: Giren No Yabou - Axis No Kyoui,Strategy,t,2008-02-07,7
9057,Real Bout Garou Densetsu Special: Dominated Mind,Fighting,t,1998-06-25,7
398,Angelique Duet,Strategy,t,1998-07-30,7
10078,Simple 2000 Series Vol. 120: The Saigo No Nippon Tsuwamono,Strategy,t,2007-08-30,7
8266,Paperboy,Action,t,1999-10-31,7
7774,Nfl Blitz,Sports,t,1998-09-12,7
9516,Sakura Wars 1 & 2,Strategy,t,2006-03-09,7
871,Battle Stadium D.O.N,Fighting,t,2006-07-20,7
8120,Ora Ga Omae O Mamoru,Platform,t,2009-05-21,7
1612,Cendrillon Palika,Visual Novel,t,2018-10-25,7
8566,Pokémon Mystery Dungeon: Red Rescue Team (Us Weekly Sales),Role-Playing,t,2006-09-18,7
10958,Suujin Taisen,Strategy,t,2007-06-07,7
12973,Wrc: Fia World Rally Championship,Racing,t,2006-04-18,7
6678,Mega Man Zero Collection,Platform,t,2010-06-08,7
5595,Kamigami No Asobi: Ludere Deorum,Visual Novel,t,2013-10-24,7
2121,Custom Drive,Visual Novel,t,2012-08-30,7
9025,Rayman 2: The Great Escape,Platform,t,1999-10-31,7
9722,Sega Genesis Classics,Misc,t,2018-12-07,7
1361,Burnout Dominator,Racing,t,2007-03-06,7
12379,Underwater Attack,Shooter,t,2008-07-15,7
12519,Virtua Cop,Shooter,t,1995-12-01,7
400,Angelique Trois,Adventure,t,2000-11-22,7
3583,Fast Racing Neo,Racing,t,2015-12-10,7
9697,Secret Files 2: Puritas Cordis,Adventure,f,2009-05-08,7
417,Animal Planet: Vet Collection,Simulation,t,2010-07-20,7
6143,Littlebigplanet,Platform,t,2009-11-17,7
2350,Dead Space,Shooter,f,2008-10-20,7
805,Bases Loaded '96: Double Header,Sports,t,1995-01-01,7
12190,Trine 2: Director'S Cut,Platform,t,2012-11-18,7
2675,Disney Epic Mickey: The Power Of Illusion,Platform,t,2012-11-18,7
7845,Nhl Faceoff 99,Sports,t,1998-09-30,7
1093,Bleach: Heat The Soul 3,Fighting,t,2006-07-20,7
5073,Imagine: Rock Star,Simulation,t,2008-06-17,7
671,Atv Offroad Fury,Racing,t,2001-02-05,7
3719,Final Fantasy Vi,Role-Playing,t,1999-09-30,7
13250,Zettai Kaikyuu Gakuen: Eden With Roses And Phantasm,Adventure,t,2016-06-30,7
6386,Mahou Sensei Negima!? Neo-Pactio Fight!!,Fighting,t,2007-06-14,7
2164,Daisenryaku Vii Exceed,Strategy,t,2008-05-22,7
4229,Go! Sudoku,Puzzle,t,2006-03-21,7
9176,Return To Castle Wolfenstein: Tides Of War,Shooter,t,2003-05-06,7
5171,Invizimals: The Alliance,Action-Adventure,t,2014-09-30,7
7448,Naruto Shippuden: Gekitou Ninja Taisen Special,Fighting,t,2010-12-02,7
594,Assassin'S Creed Ii: Discovery,Platform,t,2009-11-17,7
8326,Peach Ball: Senran Kagura,Misc,t,2018-12-13,7
6705,Melty Blood: Actress Again,Fighting,t,2009-08-20,7
1988,Crackdown 2,Shooter,t,2010-07-06,7
12883,World Destruction League: Thunder Tanks,Action,t,2000-09-09,7
13072,Xs Moto,Racing,t,2004-06-13,7
1898,Command & Conquer Collection,Strategy,f,2003-10-31,7
12355,Ultraman Fighting Evolution 0,Fighting,t,2006-07-20,7
6582,Medabots 8,Misc,t,2014-08-28,7
2591,Disaster Report,Action,t,2003-02-15,7
9875,Shin Chan Contra ¡Los Plastas!,Platform,t,2009-12-03,7
5851,Knockout Kings 2000,Fighting,t,1999-10-03,7
870,Battle Stadium D.O.N,Fighting,t,2006-07-20,7
3176,Earthworm Jim 3d,Platform,t,1999-10-31,7
9260,Road Rash,Racing,t,1995-12-29,7
6548,Maximo Vs Army Of Zin,Platform,t,2004-01-20,7
7230,Murakumo: Renegade Mech Pursuit,Shooter,t,2003-03-05,7
11936,Tokyo Xtreme Racer Drift,Racing,t,2006-04-18,7
10906,Super Robot Wars Ux,Role-Playing,t,2013-03-14,7
9141,Resident Evil 2,Action,t,1999-10-31,7
10244,Snowboard Kids,Sports,t,1997-01-01,7
17,007: Quantum Of Solace,Shooter,f,2008-11-04,7
11019,Tactics Layer: Ritina Guard Senki,Strategy,t,2009-05-28,7
3914,Freedom Wings,Simulation,t,2006-08-21,7
6528,Master Of Monsters: Disciples Of Gaia,Strategy,t,1998-08-31,7
2224,Dancedancerevolution,Simulation,t,2011-04-12,7
954,Best Of Tests,Puzzle,t,2008-03-04,7
6865,Mind?0,Role-Playing,t,2014-05-27,7
4650,Harvest Moon: Back To Nature,Simulation,t,2000-11-22,7
4175,Ghost Pirates Of Vooju Island,Adventure,f,2009-11-06,7
9497,Saints Row Iv: Re-Elected,Action,t,2015-01-20,6
90,4x4 Evolution,Racing,t,2001-02-26,6
7753,New Hayarigami,Visual Novel,t,2014-07-07,6
3711,Final Fantasy Iv,Role-Playing,t,2001-06-29,6
6941,Mlb 99,Sports,t,1998-03-31,6
7488,Naruto: Ultimate Ninja (Jp Sales),Fighting,t,2006-06-26,6
12898,World Of Outlaws: Sprint Cars,Racing,t,2010-02-09,6
5705,Kessen Iii,Strategy,t,2005-02-22,6
4807,Hiiro No Kakera 2: Hisui No Shizuku,Adventure,t,2007-08-09,6
6,.Hack//Infection Part 1,Role-Playing,t,2003-02-11,6
8497,Pirates Of The Caribbean,Role-Playing,t,2003-07-01,6
11925,Tokyo New World Record: Operation Abyss,Role-Playing,t,2015-06-09,6
342,Alter Echo,Shooter,t,2003-08-19,6
4377,Grind Session,Sports,t,2000-04-29,6
7206,Mr. Driller 2,Puzzle,t,2005-04-10,6
11040,Taiko No Tatsujin: Doki! Shinkyoku Darake No Haru Matsuri,Misc,t,2003-03-27,6
2088,Crysis: Maximum Edition,Shooter,f,2009-05-05,6
4001,Fuuraiki 3,Visual Novel,t,2015-02-19,6
2113,Culdcept Revolt,Strategy,t,2017-10-03,6
1193,Bomberman Land Touch! 2,Puzzle,t,2008-01-29,6
2167,Daito Giken Koushiki Pachi-Slot Simulator Hihouden: Taiyou O Motomeru Monotachi,Misc,t,2013-04-25,6
894,Battlestations: Midway,Strategy,t,2007-01-30,6
5461,Jojo'S Bizarre Adventure,Fighting,t,2012-08-21,6
8349,Persona,Role-Playing,t,1996-01-01,6
5186,Iron Storm,Strategy,t,1996-01-01,6
12945,World War Ii Combat: Iwo Jima,Shooter,t,2006-07-21,6
1636,Champions: Return To Arms,Role-Playing,t,2005-02-07,6
7482,Naruto: Ninja Destiny,Fighting,t,2008-03-20,6
10546,Star Wars Episode I: The Phantom Menace,Adventure,t,1999-08-31,6
8923,R.U.S.E.,Strategy,t,2010-09-07,6
12028,Top Gear Gt Championship,Racing,t,2001-07-09,6
5195,Iss Pro Evolution,Sports,t,2000-06-06,6
10904,Super Robot Wars Og Saga: Masou Kishin Ii - Revelation Of Evil God,Misc,t,2012-01-12,6
12791,Winning Post 8 2016,Simulation,t,2016-03-31,6
11117,Tear Ring Saga Yutona Eiyuu Senki,Role-Playing,t,2001-05-24,6
12966,Wrath Unleashed,Strategy,t,2004-02-10,6
9097,Red Faction,Shooter,t,2001-05-21,6
6200,Lord Of The Rings: Tactics,Strategy,t,2005-11-08,6
10826,Super Famista 5,Sports,t,1996-02-29,6
9581,San Francisco Rush: Extreme Racing,Racing,t,1997-11-08,6
11561,The Mark Of Kri,Action,t,2002-07-29,6
6811,Micro Machines 64 Turbo,Racing,t,1999-03-24,6
4411,Guilty Gear,Fighting,t,1998-10-31,6
11829,Time And Eternity,Role-Playing,t,2013-07-16,6
9532,Sam & Max: Season Two,Adventure,f,2009-04-11,6
8183,Over The Hedge,Platform,t,2006-05-09,6
8716,Princess Maker 2,Simulation,t,1995-10-27,6
11919,Tokyo Highway Battle,Racing,t,1996-09-30,6
8082,One Piece: Romance Dawn,Role-Playing,t,2014-02-11,6
10845,Super Monkey Ball 2,Puzzle,t,2002-08-25,6
968,Beyond Good & Evil,Adventure,f,2003-11-19,6
2766,Don'T Knock Twice,Adventure,t,2018-02-27,6
12527,Virtua Fighter Cg Portrait Series Vol.1: Sarah Bryant,Misc,t,1995-10-13,6
1148,Blue Stinger,Adventure,t,1999-08-31,6
193,Aero The Acro-Bat,Platform,t,2002-05-14,6
9746,Sengoku,Strategy,f,2011-09-13,6
3677,Fight Night 2004,Fighting,t,2004-04-05,6
1660,Chaos;Child: Love Chu Chu!!,Visual Novel,t,2017-03-30,6
8296,Patapon 2,Platform,t,2009-05-05,6
8977,Rally Cross 2,Racing,t,1998-10-31,6
3565,Farming Simulator 17,Simulation,t,2016-10-25,6
9350,Romance Of The Three Kingdoms Iv: Wall Of Fire,Strategy,t,1996-01-01,6
8921,R.B.I. Baseball 2017,Sports,t,2017-03-28,6
1897,Command & Conquer 4: Tiberian Twilight,Strategy,f,2010-03-16,6
737,Backyard Wrestling: Don'T Try This At Home,Fighting,t,2003-10-09,6
7204,Mr. Do!'S Castle,Action,t,1984-01-01,6
6465,Mario & Luigi: Paper Jam & Mario Kart 7 Double Pack,Misc,t,2015-12-03,6
4404,Guardian Heroes,Role-Playing,t,1996-01-25,6
9107,Reel Fishing,Sports,t,1998-03-31,6
10648,Storm Lover 2nd,Visual Novel,t,2013-06-20,6
11769,Theme Park,Strategy,t,1995-01-01,6
9931,Shining Resonance,Role-Playing,t,2014-12-11,6
8189,Overcooked Special Edition,Simulation,t,2018-02-13,6
9090,Recore,Action-Adventure,t,2016-09-13,6
9335,Rollcage,Racing,t,1999-03-24,6
7613,Nba Live 96,Sports,t,1996-03-01,6
8787,Pro Yakyuu Team O Tsukurou!,Sports,t,1998-02-19,6
9143,Resident Evil 4,Action-Adventure,t,2016-08-30,6
6270,Lupin The 3rd: Treasure Of The Sorcerer King,Adventure,t,2004-02-11,6
237,Aikatsu! My No.1 Stage!,Misc,t,2015-11-26,6
10589,Starblood Arena,Shooter,t,2017-04-11,6
9032,Rayman Legends,Platform,t,2017-09-12,6
10461,Spongebob: Heropants,Action-Adventure,t,2015-02-03,6
10323,Sotsugyou Ii: Neo Generation,Simulation,t,1995-10-27,6
4651,Harvest Moon: Boy & Girl,Simulation,t,2007-07-31,6
12524,Virtua Fighter 4: Evolution,Fighting,t,2003-08-13,6
1150,Blues Brothers 2000,Platform,t,2000-11-16,6
5749,Killing Floor 2,Shooter,t,2017-08-29,6
7880,Nicktoons: Unite!,Adventure,t,2006-01-10,6
11180,Tenka-Bito,Strategy,t,2006-03-02,6
2000,Crash Bandicoot: The Huge Adventure,Platform,t,2002-02-25,6
6576,Mechassault,Simulation,t,2002-11-11,6
6308,Madden Football 64,Sports,t,1997-10-31,6
10243,Snow Portable,Adventure,t,2007-08-16,6
2985,Dream C Club Zero,Simulation,t,2011-01-27,6
12932,World Stadium 2,Sports,t,1998-04-29,6
7901,Nightshade,Action,t,2004-02-10,6
2755,Doki Oki,Adventure,t,1995-12-22,6
2250,Dark Angel: Vampire Apocalypse,Role-Playing,t,2001-07-08,6
1491,Camping Mama: Outdoor Adventures,Simulation,t,2011-09-13,6
9837,Shantae: Half-Genie Hero,Platform,t,2018-05-08,6
4484,Gunparade Orchestra: Shiro No Shou,Adventure,t,2006-01-12,6
8179,Outlaw Volleyball Remixed,Sports,t,2005-05-17,6
122,A Collection Of Activision Classic Games For The Atari 2600,Misc,t,1998-09-23,6
576,Arx Fatalis,Role-Playing,t,2003-12-23,6
2039,Crazy Taxi 3: High Roller,Racing,t,2002-07-24,6
8068,Omen Of Sorrow,Fighting,t,2018-11-16,6
1680,Chessmaster,Misc,t,2002-08-28,6
10953,Surviving Mars,Simulation,t,2018-03-15,6
2937,Dragon Quest Monsters 2,Role-Playing,t,2014-02-06,6
10534,Star Trek: Tactical Assault,Strategy,t,2006-11-14,6
4871,Hometown Story,Simulation,t,2013-10-22,6
6149,Littlest Pet Shop,Simulation,f,2008-10-20,6
1113,Blitzkrieg 2 Anthology,Strategy,f,2008-02-22,6
12113,Tour De France 2018,Simulation,t,2018-06-28,6
7576,Nba Hangtime,Sports,t,1997-01-01,6
6558,Maximum Racing: Super Karts,Racing,t,2011-06-28,6
6620,Medieval: Total War Gold Edition,Strategy,f,2006-02-14,6
1134,Bloody Roar,Fighting,t,1998-02-01,6
614,Assetto Corsa,Racing,t,2016-08-30,6
11049,Tail Concerto,Adventure,t,1999-08-31,6
13047,X3: Reunion,Strategy,f,2005-11-10,6
7796,Nfl Street,Sports,t,2004-01-13,6
11508,The Legend Of Heroes: Trails In The Sky First Chapter,Role-Playing,t,2015-06-11,6
479,Arcade Hits: Frisky Tom,Action,t,2002-07-25,6
10889,Super Robot Taisen Og: Original Generations,Strategy,t,2007-06-28,6
3049,Dual Hearts,Role-Playing,t,2002-09-23,6
9651,Scribblenauts: Showdown,Platform,t,2018-03-06,6
8551,Point Blank,Shooter,t,1998-04-30,6
2089,Crystal Castles,Action,t,1984-01-01,6
10345,Soulcalibur Vi,Fighting,t,2018-10-19,6
883,Battlefield 4,Shooter,t,2013-11-15,6
3368,Evil Dead: Hail To The King,Adventure,t,2000-12-04,6
5331,Jewel Legends: Tree Of Life,Puzzle,t,2011-06-17,6
8062,Olympic Summer Games: Atlanta 1996,Sports,t,1996-07-23,6
4365,Gremlins,Action,t,1984-01-01,6
8133,Oreshika: Tainted Bloodlines,Role-Playing,t,2015-03-03,6
2297,Date A Live: Arusu Install,Visual Novel,t,2014-06-26,6
9761,"Sengoku Hime 2 Honoo: Hyakubana, Senran Tatsukaze No Gotoku",Strategy,t,2010-12-02,6
12888,World Heroes Anthology,Fighting,t,2008-03-11,6
3258,Enchanted Arms (Jp Sales),Role-Playing,t,2006-08-29,6
10224,Sniper Elite 4,Shooter,t,2017-02-14,6
3866,Forsaken 64,Shooter,t,1998-04-30,6
1330,Bugs Bunny & Taz: Time Busters,Adventure,t,2000-11-24,6
9835,Shantae And The Pirate'S Curse,Platform,t,2016-10-18,6
8702,Prince Of Persia: The Sands Of Time,Adventure,f,2003-11-30,6
10036,Sigma Star Saga,Role-Playing,t,2005-08-16,6
8982,Rampage World Tour,Action,t,1998-03-30,6
8303,Pawly Pets: My Vet Practice,Strategy,t,2007-02-02,6
12952,Worms 3d,Strategy,t,2004-03-11,6
3023,Driver: Renegade,Racing,t,2011-09-06,6
1986,Courier Crisis,Racing,t,1997-11-30,6
3280,Ephemeral Fantasia,Role-Playing,t,2001-07-09,6
1070,Blazblue: Chrono Phantasma Extend,Fighting,t,2015-06-30,6
12618,"Warhammer 40,000: Dawn Of War Ii - Chaos Rising",Strategy,f,2010-03-11,6
1060,Blast Radius,Action,t,1999-02-24,6
3245,Emergency Mayhem,Racing,t,2008-04-15,6
9909,Shin Nippon Pro Wrestling: Toukon Retsuden 3,Fighting,t,1998-03-26,6
2647,Disney'S Magical Mirror Starring Mickey Mouse,Adventure,t,2002-08-13,6
6258,Lunar 2: Eternal Blue Complete,Role-Playing,t,2000-12-15,6
4036,Gal Gun,Simulation,t,2011-01-27,6
11381,The Granstream Saga,Role-Playing,t,1998-06-30,6
9108,Reel Fishing Ii,Sports,t,2000-06-14,6
4617,Harry Potter And The Prisoner Of Azkaban,Adventure,t,2004-06-02,6
12822,Wipeout Xl,Racing,t,1996-09-30,6
8060,Olympic Hockey 98,Sports,t,1998-02-23,6
5511,Jurassic World Evolution,Simulation,t,2018-07-03,6
8250,Painkiller: Hell Wars,Shooter,t,2006-07-24,6
8752,Pro Evolution Soccer 2013,Sports,t,2013-02-12,6
9741,Sekai Fushigi Hakken Ds: Densetsu No Hitoshi-Kun Ningyou O Sagase,Puzzle,t,2009-08-06,6
12988,Wu-Tang: Shaolin Style,Fighting,t,1999-10-31,6
6572,Mean Girls,Puzzle,t,2010-08-31,6
3655,Fifa Soccer 12,Sports,f,2011-09-27,6
10893,Super Robot Taisen Xo,Strategy,t,2006-11-30,6
3979,Fur Fighters: Viggo'S Revenge,Action,t,2001-06-03,6
1619,Ceville,Adventure,f,2009-04-09,6
3436,F1 2016,Racing,t,2016-08-19,6
13293,Zoo Tycoon 2 Ds,Strategy,t,2008-02-04,6
7907,Niko Puchi Girls Runway,Misc,t,2015-12-10,6
7101,Moon,Shooter,t,2009-01-13,6
7112,Mortal Kombat 4,Fighting,t,1998-06-24,6
929,Beetle Adventure Racing!,Racing,t,1999-03-24,6
13163,Yu-Gi-Oh! Dark Duel Stories,Misc,t,2002-03-18,6
3257,Enchanted Arms,Role-Playing,t,2006-08-29,6
12645,Warpath,Shooter,t,2006-07-24,6
1008,Bionic Commando,Adventure,f,2009-07-28,6
12384,Universal Studios Theme Parks Adventure,Misc,t,2001-12-18,6
6280,M&M'S Kart Racing,Racing,t,2008-03-24,6
9736,Sega Touring Car Championship,Racing,t,1997-11-30,6
921,Beatmania Iidx 14 Gold,Simulation,t,2008-05-29,6
9154,Resident Evil: Operation Raccoon City,Shooter,t,2012-03-20,6
6639,Mega Man Battle Network 3 Blue / White Version,Role-Playing,t,2003-06-24,6
5719,Kidou Senshi Gundam: Giren No Yabou,Action,t,1998-04-09,6
11211,Test Drive Unlimited,Racing,t,2007-03-21,6
6324,Madden Nfl 2000,Sports,t,1999-07-31,6
8579,Polaris Snocross,Racing,t,2000-08-29,6
5939,Kurt Warner'S Arena Football Unleashed,Sports,t,2000-05-18,6
9085,Record Of Agarest War 2,Role-Playing,t,2012-06-26,6
4872,Homeworld 2,Strategy,f,2003-09-16,6
1755,Cid The Dummy,Platform,t,2009-07-07,6
5879,Konami Collector'S Series: Arcade Advanced,Misc,t,2002-03-21,6
3862,Formula 1: Championship Edition,Racing,t,2007-02-27,6
2501,Detana Twinbee Yahho! Deluxe Pack,Shooter,t,1995-09-29,6
8351,Persona 3: Dancing In Moonlight,Music,t,2018-12-04,6
10290,Sonic Boom: Fire & Ice,Platform,t,2016-09-27,6
5458,Johnny Test,Platform,t,2011-03-29,6
10879,Super Robot Taisen J,Strategy,t,2005-09-15,6
9667,Sd Gundam G Generation Wars,Strategy,t,2009-08-06,6
10039,Silent Hill 3,Adventure,f,2003-12-02,6
7148,Motocross Mania,Racing,t,2001-07-09,6
9155,Resident Evil: Origins Collection,Action-Adventure,t,2016-01-19,6
5285,Jampack Vol. 2,Misc,t,1997-01-01,6
5258,Jake Hunter Detective Story: Prism Of Eyes,Adventure,t,2018-08-09,6
8748,Pro Evolution Soccer 2011,Sports,f,2010-10-05,6
7112,Mortal Kombat 4,Fighting,t,1998-06-23,6
8842,Pure Farming 2018,Simulation,t,2018-03-13,6
3498,Famicom Mini: Mappy,Platform,t,2004-02-14,6
9519,"Sakura Wars 4: Koi Seyo,Otome",Adventure,t,2002-03-21,6
3749,Finny The Fish & The Seven Waters,Sports,t,2005-05-17,6
12816,Wipeout 64,Racing,t,1998-11-03,6
5798,Kingdom Hearts: Final Mix,Role-Playing,t,2002-12-26,6
2525,Dexter'S Laboratory Deesaster Strikes,Adventure,t,2001-09-26,6
1886,Combat Mission: Shock Force,Strategy,f,2007-08-22,6
5477,Judge Dredd,Shooter,t,1998-03-31,6
12097,Touchmaster: Connect,Puzzle,t,2010-12-07,6
6813,Micro Machines V4,Racing,t,2007-02-20,6
3193,"Ed, Edd N Eddy: Jawbreakers!",Adventure,t,2002-09-15,6
491,Arcania: Gothic 4,Role-Playing,t,2015-05-29,6
3128,Dynasty Warriors 8: Empires,Misc,t,2015-11-26,6
13013,Wwe Wrestlemania 21,Fighting,t,2005-04-20,6
6016,Legend Of The Dragon,Fighting,t,2007-05-01,6
6126,Little Battlers Experience W Super Custom,Role-Playing,t,2013-07-18,6
5284,Jampack Vol. 1,Misc,t,1997-01-01,6
5585,Kamen Rider: Climax Heroes,Fighting,t,2009-08-06,6
9211,Ridge Racer Revolution,Racing,t,1996-09-30,6
8690,Pride Fc: Fighting Championships,Fighting,t,2003-02-11,6
12133,Trailblazers,Racing,t,2018-04-15,6
3188,Echochrome,Puzzle,t,2008-05-01,6
9678,Sd Gundam: Scad Hammers,Strategy,t,2006-12-02,6
6812,Micro Machines V3,Racing,t,1997-11-30,6
3219,Electroplankton,Misc,t,2005-01-09,6
5217,J-League Pro Soccer Club O Tsukurou! 3,Sports,t,2003-06-05,6
5436,Jirou Akagawa: Majotachi No Nemuri,Adventure,t,1995-11-24,6
3665,Fifa Soccer World Championship,Sports,t,2000-05-25,6
797,Barbie: Race & Ride,Action,t,1999-12-01,6
11165,Tenchu 2: Birth Of The Stealth Assassins,Action,t,2000-08-07,6
12030,Top Gear Overdrive,Racing,t,1998-11-23,6
7225,Mugen Souls Z,Role-Playing,t,2014-05-20,6
5960,La Corda D'Oro 2ff,Misc,t,2017-12-21,6
7690,Need For Speed: High Stakes,Racing,t,1999-03-01,6
4555,Hamatora: Look At Smoking World,Role-Playing,t,2014-07-17,6
8540,Playstation Vr Worlds,Misc,t,2016-10-13,6
7141,Moto Racer,Racing,t,1997-11-30,6
3956,Frontier Gate,Role-Playing,t,2011-12-22,6
5574,Kamaitachi No Yoru 2,Adventure,t,2002-07-18,6
11067,Take On Helicopters,Simulation,f,2011-10-27,6
3966,Full Auto 2: Battlelines,Racing,t,2007-03-20,6
4376,Grimgrimoire,Strategy,t,2007-06-26,6
2663,Disney'S The Emperor'S New Groove,Platform,t,2000-11-13,6
5926,Kunio-Kun Nekketsu: Complete Famicom Edition,Misc,t,2016-12-08,6
3441,F1 Championship Season 2000,Racing,t,2000-12-19,6
13315,Zyuden Sentai Kyoryuger: Game On Gaburincho,Action,t,2013-08-08,6
3865,Forsaken,Shooter,t,1998-04-30,6
6577,Mechassault 2: Lone Wolf,Simulation,t,2004-12-28,6
4606,Hard Truck Tycoon,Strategy,f,2006-03-01,6
10015,Shrek: Reekin' Havoc,Platform,t,2003-07-30,6
4306,Gradius Collection,Shooter,t,2006-06-06,6
1085,Bleach Gc: Tasogare Ni Mamieru Shinigami,Fighting,t,2005-12-08,6
863,Battle Princess Of Arcadias,Action,t,2014-06-17,6
3259,Enclave,Adventure,t,2002-07-29,6
1907,Command & Conquer: The First Decade,Strategy,f,2006-02-07,6
7019,Monkey Hero,Action,t,1999-02-28,6
6966,Mobile Suit Gundam Side Story Iii: Sabakareshi Mono,Shooter,t,1997-03-07,6
4006,G-Police: Weapons Of Justice,Action,t,1999-09-24,6
2289,Darkstalkers Resurrection,Fighting,t,2013-03-13,6
8910,R-Type Command,Strategy,t,2008-05-06,6
5402,Jikkyou Powerful Pro Yakyuu 3,Sports,t,1996-02-29,6
1081,Blazing Heroes,Role-Playing,t,1996-01-01,6
805,Bases Loaded '96: Double Header,Sports,t,1995-12-01,6
113,A-Train,Strategy,t,1996-01-01,6
1329,Bugriders: The Race Of Kings,Racing,t,1997-11-01,6
10941,Supremacy Mma,Fighting,t,2011-09-20,6
2660,Disney'S Tarzan / Disney'S Aladdin In Nasira'S Revenge / Disney'S The Emperor'S New Groove Action Game,Misc,t,2003-04-15,6
4235,Gobliiins 4,Adventure,f,2009-04-24,6
6511,Mary-Kate And Ashley: Girls Night Out,Misc,t,2002-03-19,6
3663,Fifa Soccer 96,Sports,t,1995-11-01,6
10808,Super Bomberman R,Puzzle,t,2018-06-12,6
7972,Nobunaga No Yabou Ds 2,Strategy,t,2008-07-31,6
9361,Rome: Total War - Gold Edition,Strategy,f,2006-02-14,6
6345,Magi: Aratanaru Sekai,Action,t,2014-02-14,6
12490,Velvet Assassin,Shooter,f,2009-04-30,6
4351,Gravity Rush Remastered,Action-Adventure,t,2016-02-02,6
11875,To Love-Ru Trouble Darkness: Battle Ecstasy,Action,t,2014-05-22,6
12328,Ultimate Block Party,Puzzle,t,2005-12-13,6
7929,Nintama Rantarou: Gakunen Taikousen Puzzle! No Dan,Puzzle,t,2010-09-02,6
4242,God Eater Off Shot: Lindow-Hen Twin Pack & Animation Vol. 2,Misc,t,2015-11-26,6
7950,No Heroes Allowed! Vr,Strategy,t,2017-10-17,6
3436,F1 2016,Racing,t,2017-01-01,6
8406,Pga European Tour,Sports,t,2000-06-15,6
906,Beast Quest,Action-Adventure,t,2018-03-13,6
10228,Sniper: Art Of Victory,Shooter,f,2008-10-16,6
4519,Hakuoki: Shinkai Twin Pack,Adventure,t,2016-06-16,6
2285,Darksiders: Warmastered Edition,Action-Adventure,t,2016-11-22,6
11100,Tank Beat,Strategy,t,2007-06-01,6
10682,Street Fighter Ex2 Plus,Fighting,t,1999-12-30,6
925,Beatmania Iidx 4th Style: New Songs Collection,Simulation,t,2001-03-29,6
1650,Championship Motocross 2001 Featuring Ricky Carmichael,Racing,t,2001-01-30,6
13073,Xxx,Action,t,2002-07-31,6
7011,Momotarou Dentetsu V,Misc,t,1999-12-16,6
4518,Hakuoki: Shinkai - Hana No Shou,Adventure,t,2016-06-16,6
5859,Kobito Game Taizen,Misc,t,2016-10-06,6
10671,Streak: Hoverboard Racing,Racing,t,1998-10-31,6
7386,Nagano Winter Olympics '98,Sports,t,1997-12-31,6
5098,Inazuma Eleven 3: Team Ogre Attacks!,Role-Playing,t,2014-02-14,6
7665,Ncaa Gamebreaker 2000,Sports,t,1999-07-31,6
11406,The History Channel: Great Battles Of Rome,Strategy,t,2007-06-15,6
4510,Hakuoki Zuisouroku Omokage Hana,Visual Novel,t,2015-02-19,6
2111,Culdcept,Strategy,t,2017-10-03,6
12806,Winx Club: Join The Club,Platform,t,2007-05-07,6
6014,Legend Of Kay Anniversary,Action-Adventure,t,2018-05-29,6
1272,Breath Of Fire Ii,Role-Playing,t,2002-04-16,6
13057,Xena: Warrior Princess - The Talisman Of Fate,Fighting,t,1999-11-30,6
4774,Hidden Invasion,Shooter,t,2002-07-29,6
11716,The Thing,Adventure,t,2002-09-09,6
600,Assassin'S Creed Rogue Remastered,Action-Adventure,t,2018-03-20,6
944,Ben 10 Ultimate Alien: Cosmic Destruction,Platform,t,2010-10-05,6
11249,The Adventures Of Darwin,Strategy,t,2007-06-25,6
5391,Jikkyou Powerful Pro Yakyuu 2000,Sports,t,2000-04-29,6
7489,Naruto: Ultimate Ninja 3 (Us Sales),Fighting,t,2008-03-25,6
8331,Pengo,Action,t,1984-01-01,6
388,Amplitude,Misc,t,2003-03-24,6
13020,Wwf Smackdown!,Fighting,t,2000-03-01,6
4527,Hakuouki Ssl: Sweet School Life,Visual Novel,t,2014-03-27,6
8061,Olympic Soccer: Atlanta 1996,Sports,t,1996-07-18,6
12107,Toukiden,Action,t,2014-02-11,6
10791,Summoner: A Goddess Reborn,Role-Playing,t,2003-01-31,6
3162,Earth 2160,Strategy,f,2005-11-16,6
4743,Herbie: Fully Loaded,Racing,t,2005-07-12,6
8669,Powerdrome,Racing,t,2004-06-16,6
2935,Dragon Quest Iii,Role-Playing,t,2001-07-16,6
7381,N+,Platform,t,2008-08-26,6
7027,Monopoly,Misc,t,1999-12-17,6
6830,Midnight Magic,Action,t,1984-01-01,6
10738,Sudoku Fever,Puzzle,t,2006-02-09,6
7513,Nascar Racing,Racing,t,1996-09-30,6
8871,Puzzle Guzzle,Puzzle,t,2008-02-27,6
4706,Hearts Of Iron Anthology,Strategy,f,2007-09-11,6
9357,Romance Of The Three Kingdoms Xi,Strategy,t,2007-02-06,6
2957,Dragon Tales: Dragon Adventures,Platform,t,2004-01-01,6
9351,Romance Of The Three Kingdoms Ix,Strategy,t,2004-02-24,6
13058,Xenoblade Chronicles,Role-Playing,t,2012-04-06,6
2531,Diabolik Lovers: Dark Fate,Visual Novel,t,2015-02-26,6
3859,Formula 1,Racing,t,1996-09-30,6
6796,Metroid: Zero Mission,Adventure,t,2004-02-09,6
6034,Lego City Undercover: The Chase Begins,Action,t,2013-04-26,6
9688,Seaman: Kindan No Pet - Gaze Hakushi No Jikken Shima,Simulation,t,2001-11-15,6
5515,Just Cause 3,Action-Adventure,t,2015-12-01,6
8475,Pilot Ni Narou! 2,Simulation,t,2001-03-08,6
2837,Doukyuusei,Adventure,t,1995-11-23,6
5850,Knockout Kings,Fighting,t,1998-10-31,6
11619,The Settlers 7: Paths To A Kingdom,Strategy,f,2010-03-23,6
7783,Nfl Gameday 2000,Sports,t,1999-07-31,6
2905,Dragon Ball Z: Supersonic Warriors 2,Fighting,t,2005-11-20,6
10790,Summoner 2,Role-Playing,t,2002-09-23,6
7608,Nba Live 2001,Sports,t,2001-01-22,6
9760,Sengoku Hime 2 Arashi: Hyakubana Senran Tatsukaze No Gotoku,Strategy,t,2010-12-02,6
6835,Midway'S Greatest Arcade Hits Volume 1,Misc,t,2000-11-14,6
7999,Norse By Norsewest: The Return Of The Lost Vikings,Action,t,1997-11-17,6
12684,Wcw Nitro,Fighting,t,1998-01-31,6
6504,Marvel Vs. Capcom 2,Fighting,t,2003-03-27,6
5843,Knack 2,Platform,t,2017-09-05,6
3552,Far Cry: Primal,Action-Adventure,t,2016-02-23,6
4454,Gun Metal,Shooter,t,2002-07-30,6
7403,Namco Museum Vol.5,Misc,t,1997-01-01,6
11901,Tokimeki Memorial Girl'S Side 2nd Kiss,Adventure,t,2006-08-03,6
9306,Rocket League,Sports,t,2016-07-05,6
4509,Hakoniwa Company Works,Strategy,t,2017-07-13,6
3050,Dual Heroes,Fighting,t,1998-10-31,6
9952,Shinseiki Evangelion: Battle Orchestra,Fighting,t,2007-06-28,6
1957,Cool Boarders 2,Sports,t,1997-10-31,6
15,007 Legends,Shooter,t,2012-12-11,6
2833,Double Sequence: The Q-Virus Invasion,Puzzle,t,2008-04-01,6
582,Ashita No Joe 2: The Anime Super Remix,Fighting,t,2002-06-20,6
11459,The King Of Fighters '97,Fighting,t,1998-03-26,6
8067,Omega Quintet,Role-Playing,t,2015-04-28,6
7477,Naruto: Gekitou Ninja Taisen! 4,Fighting,t,2005-11-21,6
10047,Silent Hunter 5: Battle Of The Atlantic,Simulation,f,2010-03-02,6
2555,Digimon Rumble Arena,Fighting,t,2002-02-24,6
6432,Mame Goma: Honobo No Nikki,Simulation,t,2007-07-26,6
3938,Frogger Ii: Threeedeep!,Action,t,1984-01-01,6
8455,Photokano,Adventure,t,2012-02-02,6
10908,Super Robot Wars X,Strategy,t,2018-03-29,6
9032,Rayman Legends,Platform,t,2014-02-18,6
2378,Death Jr. And The Science Fair Of Doom,Platform,t,2007-05-22,6
12330,Ultimate Brain Games,Misc,t,2003-03-18,6
12383,Unit 13,Shooter,t,2012-03-06,6
7255,Mvp Baseball,Sports,t,2005-05-18,6
6139,Little Nightmares,Platform,t,2018-05-18,6
6834,Midway'S Greatest Arcade Hits,Misc,t,2001-11-22,6
7375,Mystical Ninja Starring Goemon,Action,t,1998-04-16,6
12646,Warpath: Jurassic Park,Fighting,t,1999-10-31,6
5193,Island Days,Visual Novel,t,2014-07-03,6
2584,Dirge Of Cerberus: Final Fantasy Vii,Shooter,t,2006-08-15,6
5295,Jampack Winter 2001,Misc,t,2001-11-21,6
13160,Yu-Gi-Oh! 5d'S: Duel Transer,Strategy,t,2010-12-07,6
2366,Deadly Premonition: The Director'S Cut,Action,t,2013-04-30,6
11435,The Idolmaster: Gravure For You! Vol.7,Simulation,t,2012-04-26,6
2858,Dragon'S Crown,Role-Playing,t,2013-08-06,6
1090,Bleach: Erabareshi Tamashii,Adventure,t,2005-08-04,6
6681,Mega Man: Battle & Chase,Racing,t,1998-11-30,6
4008,G Darius,Shooter,t,1998-03-31,6
3703,Final Fantasy Chronicles,Role-Playing,t,2001-06-29,6
11009,T'Ai Fu: Wrath Of The Tiger,Action,t,1999-02-28,6
3033,Drone Tactics,Strategy,t,2008-05-12,6
3442,F1 Championship Season 2000,Racing,t,2000-12-19,6
2336,Dead Or Alive 5 Last Round,Fighting,t,2015-02-17,6
8102,Onrush,Racing,t,2018-06-05,6
4000,Fuun Shinsengumi Bakumatsuden Portable,Action,t,2013-12-31,6
1482,Call Of Duty: World At War,Shooter,f,2008-11-10,6
6378,Mahjong Master,Misc,t,1996-12-20,6
515,Arma: Queen'S Gambit,Shooter,f,2007-09-28,6
9016,Raving Rabbids: Travel In Time 3d,Platform,t,2011-04-10,6
5375,Jikkyou Powerful Pro Yakyuu '96 Kaimakuban,Sports,t,1996-07-19,6
5156,International Superstar Soccer Deluxe,Sports,t,1995-11-01,6
5269,James Bond 007: Agent Under Fire,Shooter,t,2002-03-13,6
6803,Miami Nights: Singles In The City,Simulation,t,2008-01-15,6
11589,The Perfect Golf,Sports,t,1995-12-01,6
1305,Brothers In Arms: Hell'S Highway,Shooter,f,2008-10-07,6
3998,Future Tactics: The Uprising,Strategy,t,2004-05-10,6
9256,Ro-Kyu-Bu! Lost Secret,Visual Novel,t,2013-06-20,6
1659,Chaos;Child,Visual Novel,t,2017-10-24,6
9598,Sas: Secure Tomorrow,Shooter,f,2008-10-16,6
3376,Evolve,Shooter,t,2015-02-10,6
10664,Stratego,Strategy,t,2008-06-06,6
1063,Blasto,Action,t,1998-04-01,6
12296,Tycoon City: New York,Strategy,f,2006-02-21,6
13074,Xyanide,Shooter,t,2006-08-15,6
5812,Kinnikuman Muscle Grand Prix Max,Fighting,t,2006-07-27,6
7555,Nba 2k11,Sports,f,2010-10-05,6
8911,R-Type Command (Correct Us Sales),Strategy,t,2008-05-06,6
8330,Pen 1 Grand Prix: Penguin No Mondai Special,Fighting,t,2009-12-17,6
11319,The Darkness,Shooter,t,2007-05-25,6
10952,Surge Concerto: Ciel Nosurge,Simulation,t,2012-04-26,6
3450,Fable Anniversary,Role-Playing,t,2014-02-04,6
2438,Dengeki Bunko Fighting Climax,Fighting,t,2015-10-06,6
6688,Megami Meguri,Misc,t,2016-12-08,6
12196,Triple Play 2000,Sports,t,1999-02-28,6
6804,Miami Vice: The Game,Shooter,t,2006-07-18,6
12226,True Love Story 3,Simulation,t,2001-04-05,6
2764,Dolphin,Action,t,1983-12-27,6
5451,John Daly'S Prostroke Golf,Sports,f,2010-10-05,6
12150,Transformers: Prime,Fighting,t,2012-11-18,6
10502,Squishy Tank,Puzzle,t,2010-03-23,6
11481,The King Of Fighters: Dream Match 1999,Fighting,t,1999-09-30,6
9449,Rush 2: Extreme Racing Usa,Racing,t,1998-11-10,6
5083,Impact Racing,Racing,t,1996-09-30,6
1598,Casual Classics,Puzzle,t,2010-12-03,6
3148,E·O·E: Eve Of Extinction,Fighting,t,2002-02-26,6
4881,Hop,Platform,t,2011-03-29,6
12509,Viewtiful Joe 2,Action,t,2004-12-07,6
12531,Virtua Fighter Cg Portrait Series Vol.5: Wolf Hawkfield,Misc,t,1995-12-08,6
10842,Super Momotarou Dentetsu Dx,Misc,t,1995-12-08,6
11430,The Idolm@Ster: Stella Stage,Misc,t,2017-12-21,6
3644,Fifa Manager 11,Sports,f,2010-11-03,6
7759,New Play Control! Donkey Kong Jungle Beat,Platform,t,2009-05-04,6
7579,Nba In The Zone '98,Sports,t,1998-02-10,6
192,Aero Gauge,Racing,t,1998-05-21,6
4775,Hidden Mysteries: Buckingham Palace,Puzzle,t,2010-03-16,6
9285,Robotics;Notes,Visual Novel,t,2014-06-26,6
5569,Kajiri Kamui Kagura: Akebono No Hikari,Misc,t,2013-04-25,6
12532,Virtua Fighter Cg Portrait Series Vol.6: Lau Chan,Misc,t,1995-12-08,6
2367,Deadpool,Action,t,2013-06-25,6
11409,The House Of The Dead,Shooter,t,1998-03-31,6
12038,Top Gun: Combat Zones,Simulation,t,2002-10-24,6
1529,Cardinal Syn,Fighting,t,1998-06-30,6
787,Barbie Groovy Games,Misc,t,2002-09-04,6
2310,Dawn Of Discovery: Venice,Simulation,f,2010-02-26,6
10198,Smart Bomb,Puzzle,t,2005-05-10,6
541,Army Men 3d,Action,t,1999-02-28,6
3091,Dungeons & Dragons Tactics,Strategy,t,2007-08-14,6
3607,Fate/Kaleid Liner Prisma Illya,Action,t,2014-07-31,6
8297,Patapon 3,Platform,t,2011-04-12,6
10938,Superpower 2,Strategy,f,2004-10-11,6
10534,Star Trek: Tactical Assault,Strategy,t,2006-10-26,6
6350,Magic Pengel: The Quest For Color,Role-Playing,t,2003-06-26,6
4350,Gravity Rush Remastered,Action-Adventure,t,2016-02-02,6
7009,Momotarou Dentetsu Happy,Misc,t,1996-12-06,6
6284,M.U.D. Tv,Strategy,f,2010-03-19,6
9521,Sakura Wars: Atsuki Chishio Ni,Role-Playing,t,2003-02-27,6
6030,Lego Battles,Strategy,t,2009-06-10,6
7241,Music Maker,Misc,t,2003-03-28,6
5659,Kawaii Koneko Ds,Simulation,t,2008-01-24,6
10957,Sushi Striker: The Way Of Sushido,Puzzle,t,2018-06-08,6
8251,Paint By Ds,Puzzle,t,2008-02-22,6
316,All-Star Baseball 99,Sports,t,1998-04-30,6
612,Assault Suit Leynos,Shooter,t,2016-08-30,6
8940,Rad Rodgers,Platform,t,2018-02-21,6
9000,Rascal,Action,t,1998-03-31,6
2608,Disgaea 2: Cursed Memories,Role-Playing,t,2006-08-29,6
2390,Deathtrap Dungeon,Action,t,1998-03-31,6
1275,Breath Of Fire: Dragon Quarter,Role-Playing,t,2003-02-16,6
1086,Bleach: Blade Battlers,Fighting,t,2006-10-12,6
2484,Despicable Me: The Game - Minion Mayhem,Puzzle,t,2010-07-06,6
8079,One Piece: Pirate Warriors 2,Action,t,2014-01-01,6
9725,Sega Gt,Racing,t,2000-08-29,6
2530,Diabolik Lovers,Visual Novel,t,2012-10-11,6
11455,The King Of Fighters '95,Fighting,t,1995-09-01,6
7413,Nancy Drew: Alibi In Ashes,Adventure,f,2011-10-18,6
8805,Project Sylpheed: Arc Of Deception,Shooter,t,2007-07-10,6
5371,Jikkyou Powerful Pro Baseball 2018,Sports,t,2018-04-26,6
2753,Doki Doki! Pretty Cure Narikiri Life!,Action,t,2013-08-01,6
7627,Nba Street,Sports,t,2001-06-18,6
127,A Ressha De Gyoukou 2001,Simulation,t,2001-03-08,6
4249,God Wars The Complete Legend,Strategy,t,2018-09-04,6
10227,Sniper Elite V2,Shooter,t,2013-05-21,6
12312,Ufc 2009 Undisputed,Fighting,t,2009-05-19,6
1510,Capcom Vs. Snk 2 Eo,Fighting,t,2003-02-11,6
4212,Glory Days 2,Strategy,t,2007-08-06,6
3921,Frequency,Misc,t,2001-11-19,6
1307,Brothers: A Tale Of Two Sons,Adventure,t,2015-09-01,6
7576,Nba Hangtime,Sports,t,1997-01-17,6
11542,The Lord Of The Rings: The Battle For Middle-Earth Ii,Strategy,f,2006-03-02,6
37,12-Sai. Torokeru Puzzle Futari No Harmony,Puzzle,t,2017-10-26,6
10752,Suikoden Tactics,Strategy,t,2005-11-08,6
12101,Touhou Genso Rondo: Bullet Ballet,Shooter,t,2016-09-06,6
1295,Broken Sword: The Sleeping Dragon,Adventure,f,2003-11-17,6
12954,Worms 4: Mayhem,Strategy,t,2005-10-04,6
9493,Saint Seiya: Soldiers' Soul,Fighting,t,2015-10-06,6
7369,Mystery Tales Of Time Travel,Puzzle,t,2010-12-10,6
7110,Mortal Kombat 3,Fighting,t,1995-10-07,6
3026,Driving Emotion Type-S,Racing,t,2001-01-29,6
7834,Nhl 99,Sports,t,1998-09-30,6
9385,Rozen Maiden: Gebetgarten,Fighting,t,2007-03-22,6
5091,In Cold Blood,Adventure,t,2001-05-30,6
8306,Paws & Claws: Marine Rescue,Simulation,t,2011-01-25,6
4469,Gundam Seed: Battle Assault,Fighting,t,2004-08-10,6
11709,The Sun Crossword Challenge,Puzzle,t,2008-04-18,6
5220,J-League Pro Soccer Club Wo Tsukurou!,Sports,t,1996-02-23,6
12280,Twisted Lands: Insomniac,Adventure,f,2011-10-19,6
2102,Ct Special Forces 2: Back In The Trenches,Shooter,t,2004-06-29,6
8561,Pokémon Conquest,Role-Playing,t,2012-06-18,6
6072,Leisure Suit Larry: Box Office Bust,Adventure,f,2009-03-31,6
477,Arc The Lad: Twilight Of The Spirits,Role-Playing,t,2003-06-25,6
4954,Hunting Simulator,Shooter,t,2017-07-11,6
12953,Worms 3d,Strategy,t,2005-03-01,6
13005,Wwe Smackdown Vs. Raw 2007,Fighting,t,2006-12-06,6
6302,Mad Maestro!,Misc,t,2002-03-12,6
10567,Star Wars: Empire At War,Strategy,f,2006-02-15,6
8507,Pirates: The Legend Of Black Kat,Adventure,t,2002-03-24,6
11022,Tactics Ogre: The Knight Of Lodis,Role-Playing,t,2002-05-11,6
13280,Zone Of The Enders,Simulation,t,2001-03-26,6
5889,"Kono Oozora Ni, Tsubasa O Hirogete: Cruise Sign",Adventure,t,2016-03-31,6
3201,Eggheads,Puzzle,t,2011-12-16,6
3758,Fire Pro Wrestling World,Fighting,t,2018-08-28,6
5836,Klonoa,Platform,t,2009-05-05,6
12528,Virtua Fighter Cg Portrait Series Vol.2: Jacky Bryant,Misc,t,1995-10-13,6
5649,Katekyoo Hitman Reborn! Ds: Flame Rumble Mukuro Kyoushuu,Fighting,t,2007-06-28,6
3360,Everquest Online Adventures,Role-Playing,t,2003-02-09,6
6981,Mobile Suit Gundam: Ms Sensen 0079,Simulation,t,2007-07-26,6
12720,Wheel Of Fortune: 2nd Edition,Misc,t,2000-10-18,6
6858,Mind Over Matter,Puzzle,t,2010-08-31,6
9842,Shattered Union,Strategy,t,2005-10-17,6
859,Battle Of Giants: Dragons,Strategy,t,2009-09-29,6
6052,Lego Marvel Super Heroes: Universe In Peril,Action,t,2014-01-01,6
8152,Otoko Yukaku,Visual Novel,t,2015-02-19,6
9264,Road Rash: Jailbreak,Racing,t,1999-12-31,6
13226,Zatch Bell! Electric Arena,Fighting,t,2005-11-22,6
4607,Hardball 5,Sports,t,1996-03-01,6
2328,Dead In The Water,Action,t,1999-02-28,6
10370,Space Hulk: Deathwing,Shooter,t,2017-12-05,6
2809,Dora The Explorer: The Search For Pirate Pig'S Treasure,Adventure,t,2002-12-13,6
8284,Party Arcade,Party,t,2018-11-09,6
8430,Phantom Crash,Simulation,t,2002-11-04,6
8302,Pawly Pets: My Pet Hotel,Simulation,t,2007-05-08,6
12709,Werewolves Within,Misc,t,2016-12-06,6
9494,Saint Seiya: The Hades,Fighting,t,2006-09-29,6
8356,Persona 5: Dancing In Starlight,Music,t,2018-12-04,6
10787,Summon Night: Swordcraft Story,Role-Playing,t,2006-07-26,6
8580,Polarium,Puzzle,t,2005-04-18,6
5412,Jikkyou Powerful Pro Yakyuu Basic-Han 2001,Sports,t,2001-03-29,6
4499,Hacker Evolution Collection,Strategy,f,2011-02-04,5
1044,Blackguards 2,Strategy,t,2017-09-19,5
4762,Hexen: Beyond Heretic,Shooter,t,1997-06-30,5
2634,Disney'S Donald Duck: Goin' Quackers,Platform,t,2000-12-13,5
9872,Shijyou Saikyou No Deshi Kenichi: Gekitou! Ragnarok Hachikengou,Fighting,t,2007-03-15,5
1214,Borderlands 2,Shooter,t,2014-05-06,5
1640,Championship Manager 2006,Strategy,t,2006-04-07,5
5949,Kylie Sing And Dance,Music,t,2012-12-07,5
2884,Dragon Ball Z Super Gokuden: Kakusei-Hen,Role-Playing,t,1995-09-22,5
5965,Labyrinth Cross Blood: Infinity,Role-Playing,t,2013-04-25,5
13024,Wwf Wrestlemania: The Arcade Game,Fighting,t,1995-10-18,5
9341,Rollercoaster Tycoon 3: Platinum,Strategy,f,2006-11-08,5
12960,Worms World Party,Strategy,t,2002-10-29,5
10400,Speed,Racing,t,2010-04-20,5
8532,Playerunknown'S Battlegrounds,Shooter,t,2018-12-07,5
10581,Star Wars: Super Bombad Racing,Racing,t,2001-04-23,5
7532,Natsuzora No Monologue,Misc,t,2013-03-20,5
12684,Wcw Nitro,Fighting,t,1998-02-10,5
12834,Wizardry Vii: Gadeia No Houshu,Role-Playing,t,1995-10-13,5
1272,Breath Of Fire Ii,Role-Playing,t,1995-12-01,5
236,Aikatsu! Cinderella Lesson,Simulation,t,2012-11-15,5
11647,The Sims 2: Happy Holiday Stuff,Simulation,f,2006-11-08,5
10487,Spy Kids 3-D: Game Over,Platform,t,2003-06-30,5
6040,Lego Harry Potter: Years 5-7,Action,f,2011-11-11,5
2455,Derby Jockey: Kishou E No Michi,Sports,t,1994-03-18,5
6745,Metal Gear Ac!D,Strategy,t,2005-03-22,5
3763,Fireblade,Simulation,t,2002-11-17,5
239,Aion: Tower Of Eternity,Role-Playing,f,2009-09-22,5
2418,Defender Of The Crown,Strategy,t,2002-10-07,5
6672,Mega Man Xtreme,Platform,t,2001-01-11,5
1689,Chibi-Robo! Zip Lash,Platform,t,2015-10-09,5
10663,Stranglehold,Shooter,f,2007-09-18,5
211,Agatha Christie: The Abc Murders,Adventure,f,2016-02-23,5
4093,Ganbare Goemon: Kirakira Douchuu - Boku Ga Dancer Ni Natta Riyuu,Platform,t,1995-12-22,5
11458,The King Of Fighters '96,Fighting,t,1996-12-31,5
12766,Winback: Covert Operations,Shooter,t,1999-09-30,5
1915,Company Of Heroes: Anthology,Strategy,f,2009-04-24,5
11753,The Witcher 2: Assassins Of Kings,Role-Playing,t,2012-04-17,5
6128,Little Bears,Simulation,t,2010-08-24,5
8771,Pro Yakyuu Famista Evolution,Sports,t,2018-08-02,5
5547,K-1 Grand Prix,Fighting,t,2000-01-25,5
5851,Knockout Kings 2000,Fighting,t,1999-10-31,5
10469,Sports Car Gt,Racing,t,1999-04-23,5
2120,Custom Beat Battle: Draglade 2,Fighting,t,2008-07-10,5
11509,The Legend Of Heroes: Trails In The Sky Sc,Role-Playing,t,2013-04-25,5
5674,Kekkon Zenya,Adventure,t,1995-10-27,5
12901,World Of Tanks,Shooter,t,2014-02-12,5
10351,Sousaku Alice To Oujisama!,Simulation,t,2015-11-26,5
6821,Midnight Club 3: Dub Edition,Racing,t,2005-06-27,5
8421,Phantasy Star Online Episode Iii: C.A.R.D. Revolution,Role-Playing,t,2004-03-02,5
1041,Black Stone: Magic & Steel,Role-Playing,t,2003-03-19,5
137,A.C.E.: Another Century'S Episode Portable,Simulation,t,2011-01-13,5
7080,Monster Rancher Battle Card: Episode Ii,Action,t,2000-07-31,5
9753,Sengoku Basara X,Fighting,t,2008-06-26,5
12161,Trapped Dead,Strategy,f,2011-02-25,5
9053,Ready 2 Rumble Boxing: Round 2,Fighting,t,2001-05-30,5
4735,Hello Lady! Superior Dynamis,Visual Novel,t,2018-01-25,5
12843,Wolfenstein Ii: The New Colossus,Shooter,t,2018-06-29,5
8588,Pony Friends 2,Simulation,f,2010-02-23,5
9427,Rumble Racing,Racing,t,2001-04-23,5
1006,Bio Freaks,Action,t,1998-04-30,5
8030,Octomania,Puzzle,t,2008-03-31,5
11517,The Legend Of Heroes: Trails Of Cold Steel Ii Kai - The Erebonian Civil War,Role-Playing,t,2019-03-19,5
448,Ape Escape 2,Platform,t,2003-06-30,5
10621,Steamworld Collection,Misc,t,2016-11-15,5
1854,Codename Tenka,Shooter,t,1997-05-31,5
1928,Conflict: Desert Storm Ii - Back To Bagdhad,Shooter,f,2003-10-08,5
8672,Powerslave,Shooter,t,1997-02-28,5
6508,Marvel: Ultimate Alliance,Role-Playing,f,2006-10-24,5
6818,Microsoft Flight Simulator X Acceleration Expansion Pack,Simulation,f,2007-10-23,5
3989,Fushigi No Dungeon: Fuurai No Shiren Gb: Tsukikagemura No Kaibutsu,Role-Playing,t,1996-11-22,5
890,Battles Of Prince Of Persia,Strategy,t,2005-12-06,5
6840,Midway Presents Arcade'S Greatest Hits: The Atari Collection 1,Misc,t,1996-12-31,5
1322,Bubsy: The Woolies Strike Back,Platform,t,2017-10-31,5
4204,Gitaroo Man,Misc,t,2002-02-20,5
5947,Kuusen Ii,Simulation,t,2004-02-11,5
5333,Jewel Link Chronicles: Mountains Of Madness,Puzzle,t,2012-02-08,5
13177,Yu-Gi-Oh! Monster Capsule Breed & Battle,Role-Playing,t,1998-07-23,5
1114,Blitzkrieg Anthology,Strategy,f,2005-09-19,5
919,Beatmania Iidx 11: Iidx Red,Simulation,t,2006-05-18,5
11779,This Is The Police,Simulation,t,2017-12-05,5
2625,Disney'S Aladdin In Nasira'S Revenge,Action,t,2001-03-15,5
543,Army Men World War: Final Front,Action,t,2001-02-27,5
11407,The Hobbit,Adventure,f,2003-11-10,5
2044,Cricket Revolution,Sports,f,2009-10-30,5
11695,The Smurfs 2,Platform,t,2013-07-23,5
4659,Harvest Moon: Save The Homeland,Simulation,t,2001-11-22,5
5505,Jupiter Strike,Shooter,t,1995-01-01,5
3616,Feel The Magic Xy/Xx,Puzzle,t,2004-11-16,5
10688,Street Fighter: The Movie,Fighting,t,1995-08-10,5
7076,Monster Rancher 3,Simulation,t,2001-09-24,5
3381,Exerbeat,Sports,t,2011-05-17,5
9391,Rpg Tsukuru 2,Role-Playing,t,1996-01-31,5
2653,Disney'S Party,Misc,t,2003-09-16,5
13022,Wwf Smackdown! Just Bring It,Fighting,t,2001-11-18,5
5166,Invasion From Beyond,Shooter,t,1998-11-30,5
8579,Polaris Snocross,Racing,t,2000-12-27,5
3870,Fortnite,Shooter,t,2018-11-16,5
10735,Sudden Strike 4,Strategy,t,2017-08-15,5
13224,Zanki Zero: Last Beginning,Role-Playing,t,2019-04-09,5
1168,Boku No Natsuyasumi 2: Umi No Bouken Hen,Adventure,t,2002-07-11,5
3558,Farm Frenzy 3,Strategy,f,2009-07-21,5
4247,God Of War Collection,Action,t,2014-05-06,5
5240,Jackie Chan: Stuntmaster,Action,t,2000-01-31,5
2585,Dirt,Racing,t,2007-06-19,5
3751,Fire Emblem: Fuuin No Tsurugi,Role-Playing,t,2002-03-29,5
9302,Rock Blast,Puzzle,t,2008-08-05,5
7122,Mortal Kombat: Armageddon,Fighting,t,2006-10-09,5
6362,Magicka Collection,Adventure,f,2011-11-22,5
1735,Choujikuu Yousai Macross: Ai Oboete Imasu Ka,Shooter,t,1997-06-06,5
12555,Vitamin R,Visual Novel,t,2013-08-08,5
9814,Shadow Of Destiny,Adventure,t,2001-03-05,5
12635,Warhawk,Shooter,t,1995-11-10,5
6347,Magic Ball 4,Puzzle,f,2011-09-02,5
3613,Fear Effect,Action,t,2000-01-31,5
5373,Jikkyou Powerful Pro Yakuu '94,Sports,t,1994-03-11,5
373,American Mcgee Presents Scrapland,Adventure,t,2005-02-28,5
11229,Tetris: The Grand Master Ace,Puzzle,t,2005-12-10,5
8809,Project: Horned Owl,Shooter,t,1996-08-31,5
3614,Fear Effect 2: Retro Helix,Action,t,2001-02-21,5
1131,Bloodbath,Action,t,2014-06-27,5
9717,Sega Arcade Gallery,Misc,t,2003-05-21,5
9518,Sakura Wars 3: Paris Wa Moeteiru Ka,Adventure,t,2001-03-22,5
715,Backtrack,Shooter,t,2001-10-04,5
682,Atv: Quad Power Racing,Racing,t,2000-08-23,5
714,Backstreet Billiards,Misc,t,1998-11-30,5
1471,Call Of Duty: Ghosts,Shooter,t,2013-11-15,5
9968,Shiratsuyu No Kai,Visual Novel,t,2013-08-01,5
12613,Warbirds: Dogfights,Simulation,f,2010-02-18,5
156,Act Of War: High Treason,Strategy,f,2006-05-30,5
12768,Wing Arms,Shooter,t,1995-01-01,5
11608,The Raiden Project,Shooter,t,1995-01-26,5
3971,Fullmetal Alchemist And The Broken Angel,Role-Playing,t,2005-01-18,5
9425,Rugrats: Totally Angelica,Adventure,t,2001-04-13,5
9716,Sega Ages: After Burner Ii,Shooter,t,1996-09-27,5
10284,Sonic Advance,Platform,t,2002-02-04,5
2815,Doraemon 4: Nobita To Toki No Okoku,Platform,t,1995-12-15,5
6549,Maximo: Ghosts To Glory,Platform,t,2002-02-11,5
3728,Final Fantasy Xi: Rise Of The Zilart,Role-Playing,t,2003-04-17,5
7298,My Fitness Coach 2: Exercise And Nutrition,Sports,t,2010-01-05,5
9179,Return To Popolocrois: A Story Of Seasons Fairytale,Simulation,t,2016-03-01,5
12034,Top Gear Rpm Tuning,Racing,t,2005-02-16,5
13065,Xgiii: Extreme G Racing,Racing,t,2001-08-21,5
130,A Vampyre Story,Adventure,f,2008-12-02,5
3969,Full Spectrum Warrior,Strategy,t,2004-06-01,5
13080,Yakuza 1&2 Hd Edition,Adventure,t,2012-11-01,5
6567,Mdk,Shooter,t,1998-11-30,5
3882,Forza Motorsport 5,Racing,t,2013-11-22,5
9100,Red Faction: Guerrilla,Shooter,f,2009-09-15,5
9001,Rat Attack!,Puzzle,t,2000-09-12,5
7677,Ncis 3d,Adventure,t,2012-08-14,5
2158,Daigasso! Band Brothers P,Music,t,2013-11-15,5
10731,Sub Rebellion,Simulation,t,2002-10-12,5
13237,Zero Divide,Fighting,t,1995-08-24,5
2256,Dark Fall: Lights Out - The Director'S Cut Edition,Adventure,f,2009-12-11,5
11654,The Sims 2: Teen Style Stuff,Simulation,f,2007-11-06,5
10353,South Park,Shooter,t,1999-09-30,5
4938,Houshinengi,Strategy,t,1998-09-10,5
6382,Mahjong: Journey Quest For Tikal,Puzzle,t,2010-07-20,5
11716,The Thing,Adventure,t,2002-08-19,5
8463,Picross Ds,Puzzle,t,2007-07-30,5
11375,The Godfather Ii,Adventure,f,2009-04-07,5
1938,Contender 2,Fighting,t,2000-12-19,5
7109,Mortal Kombat (2011),Fighting,t,2012-05-02,5
9230,Rise Of Nations: Rise Of Legends,Strategy,f,2006-05-09,5
12749,Wild Arms 4,Role-Playing,t,2006-01-10,5
3984,Fushigi No Dungeon 2: Fuurai No Shiren,Role-Playing,t,1995-12-01,5
9429,Rumble Roses Xx,Fighting,t,2006-03-28,5
8568,Pokémon Puzzle League,Puzzle,t,2000-09-01,5
11958,Tom Clancy'S Ghost Recon: Shadow Wars,Strategy,t,2011-03-22,5
883,Battlefield 4,Shooter,t,2013-11-22,5
3463,Fading Shadows,Puzzle,t,2008-07-03,5
4410,Guild Wars: Nightfall,Role-Playing,f,2006-10-26,5
7886,Night Head: The Labyrinth,Adventure,t,1995-11-17,5
229,Agile Warrior F-111x,Simulation,t,1995-11-21,5
8835,Puppeteer,Platform,t,2013-09-10,5
1628,Chameleon,Puzzle,t,2008-05-05,5
4905,Hot Shots Golf,Sports,t,1998-05-05,5
8802,Project Overkill,Shooter,t,1996-08-31,5
3820,Flying Dragon,Fighting,t,1998-07-31,5
4711,Heaven'S Hope,Adventure,f,2016-02-26,5
4674,Hasbro Game Night For Nintendo Switch,Party,t,2018-10-30,5
2742,Dodonpachi Saidaioujou,Shooter,t,2013-05-30,5
9080,Rebelstar: Tactical Command,Strategy,t,2005-09-06,5
3200,Egg Mania: Eggstreme Madness,Puzzle,t,2002-09-12,5
10854,Super Neptunia Rpg,Role-Playing,t,2019-03-31,5
12854,Wondership Q,Platform,t,2015-11-19,5
1023,Bit Generations: Dialhex,Puzzle,t,2006-07-13,5
6758,Metal Gear Solid Vr Missions,Adventure,t,1999-09-24,5
7212,Ms. Pac-Man Maze Madness,Puzzle,t,2000-09-08,5
11286,The Caligula Effect: Overdose,Role-Playing,t,2019-03-12,5
4712,Heavenly Guardian,Shooter,t,2008-04-22,5
2362,Deadly Arts,Fighting,t,1998-10-07,5
11201,Terminator Salvation,Shooter,f,2009-05-19,5
2622,Disney'S 102 Dalmatians: Puppies To The Rescue,Platform,t,2000-11-08,5
1196,Bomberman Party Edition,Puzzle,t,2000-09-19,5
2477,Desert Kingdom Portable,Visual Novel,t,2013-02-21,5
2539,Die Hard Trilogy,Shooter,t,1996-08-31,5
6616,Medieval Ii: Total War Gold Edition,Strategy,f,2008-02-05,5
10837,Super Lucky'S Tale,Platform,t,2017-11-07,5
5102,Inazuma Eleven Go: Dark / Shine,Role-Playing,t,2011-12-15,5
2880,Dragon Ball Kai: Ultimate Butouden,Fighting,t,2011-02-03,5
8249,Painkiller: Hell & Damnation,Shooter,t,2013-10-01,5
4963,Hybrid Heaven,Role-Playing,t,1999-09-01,5
11662,The Sims 3: High-End Loft Stuff,Simulation,f,2010-02-02,5
1740,Chronicles Of Mystery: The Scorpio Ritual,Adventure,f,2008-11-26,5
10824,Super Famista 3,Sports,t,1994-03-04,5
6773,Metal Max Returns,Role-Playing,t,1995-09-29,5
4897,Hoshiori Yume Mirai: Converted Edition,Adventure,t,2016-08-10,5
3134,Dynasty Warriors Gundam Reborn,Action,t,2014-07-01,5
456,Apocalypse,Action,t,1998-10-31,5
8020,O.D.T.: Escape... Or Die Trying,Adventure,t,1998-10-28,5
1433,Cabela'S Outdoor Adventures (2009),Sports,f,2009-10-13,5
8818,Psychic Detective,Adventure,t,1995-11-30,5
7458,Naruto Shippuden: Ultimate Ninja Storm 3,Fighting,t,2013-03-05,5
6831,Midnight Mysteries: The Edgar Allan Poe Conspiracy,Adventure,f,2009-07-17,5
660,Atomic Betty,Puzzle,t,2005-10-25,5
8908,Quo Vadis,Strategy,t,1995-12-21,5
7306,My Hero Academia: Battle For All,Fighting,t,2016-05-19,5
5106,Independence Day,Shooter,t,1997-02-28,5
2085,Crypt Killer,Shooter,t,1997-02-28,5
3878,Forza Motorsport 2,Racing,t,2007-05-29,5
2069,Crosswords,Puzzle,t,2008-05-05,5
6506,Marvel Vs. Capcom: Clash Of Super Heroes,Fighting,t,2000-01-27,5
49,2-In-1 Game Pack: Spider-Man & Spider-Man 2,Platform,t,2005-08-01,5
6964,Mobile Suit Gundam Side Story I: Senritsu No Blue,Shooter,t,1996-09-20,5
5282,Jampack Summer 2002,Misc,t,2002-05-28,5
10858,Super Putty Squad,Platform,t,2017-11-09,5
6798,Metropolismania,Strategy,t,2002-10-03,5
12215,Tropico 4,Strategy,f,2011-08-30,5
3240,Emblem Of Gundam,Strategy,t,2008-05-01,5
7679,Necrovision,Shooter,f,2009-05-18,5
12637,Wario World,Platform,t,2003-06-24,5
7585,Nba Jam,Sports,t,1994-03-01,5
11410,The House Of The Dead 2,Shooter,t,1999-09-09,5
9939,Shinkyoku Soukai Polyphonica,Adventure,t,2007-04-26,5
7971,Nobunaga No Yabou Ds,Strategy,t,2006-04-27,5
3977,Funkmaster Flex'S Digital Hitz Factory,Misc,t,2004-07-28,5
9457,S.L.A.I.: Steel Lancer Arena International,Simulation,t,2005-09-21,5
3389,Exit,Puzzle,t,2006-02-14,5
1404,C-130 Hercules,Simulation,f,2008-09-21,5
4710,Heatseeker,Simulation,t,2007-05-01,5
12621,"Warhammer 40,000: Dawn Of War: Soulstorm",Strategy,f,2008-03-04,5
10425,Spin Jam,Puzzle,t,2000-09-24,5
4638,Harvest Moon 3d: A New Beginning,Simulation,t,2012-11-06,5
1214,Borderlands 2,Shooter,t,2012-09-18,5
9525,Salt And Sanctuary,Platform,t,2018-12-11,5
7883,Nicola Kanshuu: Model Oshare * Audition Platinum,Simulation,t,2012-11-08,5
2617,Disgaea: Hour Of Darkness,Role-Playing,t,2003-08-27,5
2405,Deer Drive,Sports,t,2009-01-20,5
3969,Full Spectrum Warrior,Strategy,t,2005-03-21,5
5462,Jojo'S Bizarre Adventure: Eyes Of Heaven,Fighting,t,2016-06-28,5
3597,Fatal Fury: Battle Archives Volume 2,Fighting,t,2008-04-08,5
3968,Full Metal Panic! Fight: Who Dares Wins,Fighting,t,2018-05-31,5
494,Archer Maclean'S Mercury,Puzzle,t,2005-04-06,5
3691,Fighting Force,Action,t,1997-10-31,5
8696,Prince Of Persia (2008),Adventure,f,2008-12-09,5
11613,The Rub Rabbits!,Puzzle,t,2006-02-13,5
13063,Xevious 3d/G+,Shooter,t,1997-06-30,5
10327,Soukaigi,Role-Playing,t,1998-05-28,5
5090,Impossible Mission,Platform,t,2007-08-31,5
3654,Fifa Soccer 11,Sports,f,2010-09-28,5
10558,Star Wars Starfighter: Special Edition,Simulation,t,2001-11-26,5
4954,Hunting Simulator,Shooter,t,2018-07-10,5
10623,Steel Battalion,Simulation,t,2002-11-21,5
8225,Pachi-Slot Aruze Oukoku 4,Misc,t,2000-12-14,5
12038,Top Gun: Combat Zones,Simulation,t,2001-10-21,5
2260,Dark Messiah Might And Magic,Role-Playing,f,2006-10-24,5
13283,Zone Of The Enders: The 2nd Runner,Simulation,t,2003-03-10,5
2854,Dr. Sudoku,Puzzle,t,2006-05-03,5
8423,Phantasy Star Universe,Role-Playing,f,2006-10-24,5
12117,Toushin Toshi,Role-Playing,t,2014-01-30,5
6343,Mage Knight: Apocalypse,Role-Playing,f,2006-09-26,5
12833,Wizardry Vi: Bane Of The Cosmic Forge,Role-Playing,t,1995-09-29,5
10512,Stake: Fortune Fighters,Fighting,t,2003-05-06,5
6653,Mega Man Network Transmission,Platform,t,2003-06-17,5
10569,Star Wars: Empire At War - Gold Pack,Strategy,f,2007-08-15,5
12138,Trainz Railwayz,Simulation,f,2007-10-22,5
4255,Godzilla Generations,Action,t,1998-11-27,5
12608,War Gods,Fighting,t,1997-01-01,5
166,Adam'S Venture Episode 1: The Search For The Lost Garden,Adventure,f,2009-10-02,5
11762,The X Files,Adventure,t,1999-09-30,5
1216,Borderlands: Double Game Add-On Pack,Shooter,t,2010-04-06,5
1553,Cartoon Network Block Party,Misc,t,2004-08-05,5
1908,Commander: Conquest Of The Americas,Strategy,f,2010-07-30,5
8877,Puzzler Collection,Puzzle,t,2008-08-01,5
7455,Naruto Shippuden: Ultimate Ninja Heroes 3,Fighting,t,2010-05-11,5
7460,Naruto Shippuden: Ultimate Ninja Storm Collection,Fighting,t,2016-02-05,5
3608,Fate/Stay Night [Réalta Nua],Adventure,t,2012-11-29,5
5081,Immortal Cities: Children Of The Nile,Strategy,f,2004-11-08,5
2652,Disney'S Party,Misc,t,2003-09-16,5
8054,Okage: Shadow King,Role-Playing,t,2001-10-01,5
251,Airforce Delta Storm,Simulation,t,2002-09-16,5
2253,Dark Cloud,Role-Playing,t,2001-05-28,5
11047,Taiko No Tatsujin: Wii U Version!,Music,t,2013-11-21,5
4654,Harvest Moon: Grand Bazaar,Simulation,t,2010-08-24,5
9019,Ray Gigant,Role-Playing,t,2016-05-03,5
613,Assault: Retribution,Action,t,1998-10-31,5
12408,Uprising X,Action,t,1998-11-30,5
9977,Shockwave Assault,Simulation,t,1995-12-05,5
4220,Go Go Ackman 3,Platform,t,1995-12-15,5
9672,Sd Gundam Gnext,Strategy,t,1995-12-22,5
555,Army Men: Sarge'S Heroes,Shooter,t,1999-09-30,5
12642,Warioware: Twisted!,Puzzle,t,2005-05-23,5
10716,Stronghold Kingdoms,Strategy,f,2011-02-23,5
2610,Disgaea 3: Absence Of Detention,Role-Playing,t,2012-04-17,5
12694,We Love Katamari,Puzzle,t,2005-09-20,5
1800,Classic Nes Series: Pac-Man,Puzzle,t,2004-06-02,5
12813,Wipeout 2048,Racing,t,2012-02-15,5
362,America'S Greatest Game Shows: Wheel Of Fortune And Jeopardy!,Party,t,2018-10-30,5
10021,Shutter Island,Adventure,f,2009-10-02,5
1476,Call Of Duty: Modern Warfare Remastered,Shooter,t,2017-07-27,5
7079,Monster Rancher Advance 2,Simulation,t,2002-11-17,5
10533,Star Trek: Shattered Universe,Simulation,t,2004-01-13,5
8750,Pro Evolution Soccer 2012,Sports,f,2011-10-14,5
4302,Gouketuji Ichizoku 2: Chottodake Saikyou Densetsu,Fighting,t,1995-10-20,5
11434,The Idolmaster: Gravure For You! Vol. 4,Misc,t,2012-01-27,5
8212,Pac-Man Fever,Misc,t,2002-09-02,5
7429,Nanotek Warrior,Shooter,t,1997-02-28,5
5169,Invizimals,Strategy,t,2010-10-12,5
10553,Star Wars Jedi Knight: Jedi Academy,Shooter,f,2003-09-17,5
1454,California Speed,Racing,t,1999-02-28,5
1654,Chaos Field,Shooter,t,2005-12-20,5
584,Asphalt: Injection,Racing,t,2012-02-14,5
1185,Bomberman Fantasy Race,Racing,t,1999-03-31,5
8311,Paws & Claws: Pet Vet 2,Simulation,t,2007-08-07,5
9284,Robotica,Shooter,t,1995-01-01,5
1270,Breakout,Puzzle,t,2000-09-22,5
12266,Tv Anime Idolm@Ster: Cinderella Girls G4u! Pack Vol.7,Misc,t,2015-12-23,5
8553,Point Blank 3,Shooter,t,2001-05-16,5
11947,Tom Clancy'S Ghost Recon,Shooter,t,2003-02-09,5
11037,Taiko No Tatsujin Wii: Super Deluxe Edition,Music,t,2012-11-29,5
1303,Brothers In Arms: Earned In Blood,Action,f,2005-10-06,5
4476,Gungrave Vr,Shooter,t,2018-12-11,5
9775,Senko No Ronde Duo,Fighting,t,2010-05-20,5
12501,Victorious: Taking The Lead,Adventure,t,2012-11-13,5
2895,Dragon Ball Z: Collectible Card Game,Misc,t,2002-05-29,5
12285,Twisted Metal Iii,Action,t,1998-10-31,5
11834,Time Crisis Ii,Shooter,t,2001-10-01,5
11752,The Witcher 2: Assassins Of Kings,Role-Playing,f,2011-05-17,5
12217,Tropico 5,Simulation,t,2015-04-28,5
9666,Sd Gundam G Generation Seed,Strategy,t,2004-02-19,5
8372,Peter Pan In Disney'S Return To Never Land,Platform,t,2002-02-14,5
7078,Monster Rancher Advance,Simulation,t,2001-11-28,5
12649,Warriors Of Might And Magic,Adventure,t,2001-03-17,5
9038,Raystorm,Shooter,t,1997-06-30,5
11800,Thunderstrike: Operation Phoenix,Simulation,t,2001-10-15,5
10696,Stretch Panic,Platform,t,2001-08-28,5
1887,Combat Of Giants: Dinosaurs 3d,Strategy,t,2011-03-22,5
11763,The X Files: Resist Or Serve,Adventure,t,2004-03-16,5
4660,Harvest Moon: Skytree Village,Simulation,t,2016-11-08,5
1531,Carmageddon 64,Action,t,1999-12-05,5
5332,Jewel Link Chronicles: Legend Of Athena,Puzzle,t,2011-02-25,5
632,Atari Anniversary Advance,Misc,t,2002-03-25,5
9120,Reloaded,Action,t,1996-11-30,5
1996,Crash & Spyro Superpack,Platform,t,2005-12-20,5
7331,My Traffic X,Simulation,f,2007-02-23,5
11747,The Wild Thornberrys: Animal Adventures,Adventure,t,2000-11-08,5
8904,Quiz Mobile Gundam: Toi Senshi Dx,Puzzle,t,2006-07-13,5
4021,Gadget Racers,Racing,t,2001-08-21,5
927,Beauty Factory,Simulation,f,2007-10-31,5
2059,Critical Depth,Action,t,1997-10-31,5
12480,Vanguard Bandits,Strategy,t,2000-04-29,5
9044,Re: Vice[D],Adventure,t,2014-07-24,5
5085,Imperium Romanum,Strategy,f,2008-03-11,5
8166,Our House,Strategy,t,2009-09-22,5
12858,Woody Woodpecker: Escape From Buzz Buzzard Park,Platform,t,2002-02-19,5
10407,Spellforce 2: Shadow Wars,Strategy,f,2006-05-02,5
10318,Sorcery,Action-Adventure,t,2012-05-22,5
9266,Road Trip: Shifting Gears,Racing,t,2004-04-06,5
698,Azure Dreams,Role-Playing,t,1998-07-12,5
3208,Eiyuu * Senki,Visual Novel,t,2014-05-29,5
4761,Hexen,Shooter,t,1997-05-31,5
10324,Sotsugyou Ii: Neo Generation Special,Simulation,t,1995-11-22,5
2800,Dora The Explorer: Dance To The Rescue,Action,f,2005-09-25,5
8265,Paper Mario: Color Splash,Action-Adventure,t,2016-10-07,5
1286,Britney'S Dance Beat,Misc,t,2002-03-25,5
9727,Sega Gt Online,Racing,t,2004-01-27,5
7166,Motogp 2: Ultimate Racing Technology,Racing,t,2002-01-22,5
8531,Playerunknown'S Battlegrounds,Shooter,t,2017-12-12,5
8212,Pac-Man Fever,Misc,t,2002-09-03,5
8844,Pure Pinball,Misc,t,2004-08-05,5
3431,F1 2011,Racing,t,2012-02-14,5
12316,Ufc: Sudden Impact,Fighting,t,2004-04-21,5
5008,Ico,Adventure,t,2001-09-24,5
7192,Mount & Blade: With Fire & Sword,Role-Playing,f,2011-05-03,5
7556,Nba 2k12,Sports,f,2011-10-04,5
6726,Men Of War: Assault Squad,Strategy,f,2011-02-25,5
2081,Crush3d,Platform,t,2012-03-06,5
2192,Dance Dance Revolution Disney Mix,Simulation,t,2001-09-17,5
9186,Rez,Shooter,t,2002-01-07,5
1888,Combat Wings: Battle Of Britain,Simulation,f,2008-10-30,5
4002,Fuzion Frenzy,Misc,t,2001-11-14,5
9964,Ship Simulator 2008 Collector'S Edition,Simulation,f,2008-10-06,5
2847,Dr. Mario / Puzzle League,Puzzle,t,2005-11-28,5
5199,Itoi Shigesato No Bass Tsuri No. 1,Sports,t,1997-02-21,5
2634,Disney'S Donald Duck: Goin' Quackers,Platform,t,2000-11-14,5
11203,Terraria,Action-Adventure,t,2013-07-30,5
4875,Honda Atv Fever,Racing,t,2010-10-01,5
7452,Naruto Shippuden: Ninja Destiny 2,Fighting,t,2009-09-15,5
11029,Taiho Shichauzo!,Adventure,t,2001-03-29,5
8253,Pajama Sam: You Are What You Eat From Your Head To Your Feet,Adventure,t,2001-12-14,5
1703,Child Of Light,Role-Playing,t,2014-07-01,5
12946,World War Ii Combat: Road To Berlin,Shooter,t,2006-01-24,5
12925,World Soccer Winning Eleven 7 International (Jp Version),Sports,t,2004-02-19,5
10751,Suikoden Iv,Role-Playing,t,2005-01-11,5
10844,Super Monkey Ball,Puzzle,t,2001-11-17,5
11881,Toaru Majutsu To Kagaku No Ensemble,Visual Novel,t,2013-02-21,5
9955,Shinseiki Evangelion: Koutetsu No Girlfriend,Adventure,t,1998-03-26,5
165,Actua Tennis,Sports,t,1998-01-01,5
8793,Professor Layton And The Azran Legacy,Puzzle,t,2014-02-28,5
535,Armored Core: Nine Breaker,Simulation,t,2005-09-13,5
11983,Tomb Raider,Action,t,1996-11-14,5
2084,Cryostasis: Sleep Of Reason,Shooter,f,2009-04-24,5
10319,Sorcery Saga: Curse Of The Great Curry God,Racing,t,2013-12-10,5
1308,Bruce Lee: Quest Of The Dragon,Fighting,t,2002-07-01,5
7964,Nobunaga'S Ambition: Iron Triangle,Strategy,t,2009-01-27,5
6099,Let It Die,Action,t,2020-12-31,5
861,Battle Of Sunrise,Strategy,t,2008-04-10,5
9737,Seiken Densetsu 3,Role-Playing,t,1995-09-30,5
11108,Target: Terror,Shooter,t,2008-04-22,5
10627,Steel Horizon,Strategy,t,2007-07-02,5
7226,Muppet Pinball Mayhem,Misc,t,2002-05-29,5
6336,Madou Monogatari,Role-Playing,t,1998-07-23,5
2033,Crazy Machines,Puzzle,t,2011-06-07,5
3087,Dungeons,Strategy,f,2011-02-10,5
1215,Borderlands 2 Vr,Shooter,t,2018-12-14,5
11824,Tigger'S Honey Hunt,Platform,t,2000-11-01,5
2654,Disney'S Peter Pan: Return To Never Land,Platform,t,2002-02-22,5
11475,The King Of Fighters Nests Collection,Fighting,t,2007-04-19,5
5204,"Iza, Shutshjin! Koisen Dai-Ni-Maku",Visual Novel,t,2014-02-27,5
10329,Soul Blade,Fighting,t,1997-01-01,5
1057,Blast Chamber,Shooter,t,1996-09-30,5
12566,Viva Pinata,Simulation,f,2007-11-06,5
2151,Dai-2-Ji Super Robot Taisen Z: Hakai-Hen,Strategy,t,2011-04-14,5
11920,Tokyo Jungle,Action,t,2020-12-31,5
1214,Borderlands 2,Shooter,t,2013-01-15,5
10576,Star Wars: Masters Of Teras Kasi,Action,t,1997-10-31,5
4890,Horse Life 4,Simulation,t,2015-11-13,5
6721,Men In Black Ii: Alien Escape,Shooter,t,2003-02-07,5
4035,Gakusen Toshi Asterisk Festa: Houka Kenran,Fighting,t,2016-01-28,5
6244,Lucky Luke,Action,t,1998-11-01,5
10533,Star Trek: Shattered Universe,Simulation,t,2004-01-14,5
2496,Destroy All Humans! Path Of The Furon,Action,t,2020-12-31,5
5864,Koezaru Wa Akai Hana: Taiga Wa Mirai O Tsugumu,Visual Novel,t,2014-03-20,5
1697,Chicken Run,Adventure,t,2000-11-15,5
8429,Phantom Breaker,Fighting,t,2012-05-08,5
5012,Idol Janshi Suchie-Pai Remix,Misc,t,1995-09-29,5
3653,Fifa Soccer 10,Sports,f,2009-10-02,5
4040,Galactic Attack,Shooter,t,1995-01-01,5
9675,Sd Gundam: Gashapon Wars,Strategy,t,2005-12-01,5
8063,Omega Boost,Shooter,t,1999-08-31,5
2563,Digimon World 2,Role-Playing,t,2001-05-19,5
6044,Lego Island 2: The Brickster'S Revenge,Adventure,t,2001-03-01,5
1269,Breakdown,Adventure,t,2004-03-16,5
6495,Marvel Nemesis: Rise Of The Imperfects,Fighting,t,2005-10-04,5
4234,Goat Simulator: The Bundle,Simulation,t,2016-03-04,5
1319,Bubble Bobble Revolution,Puzzle,t,2006-10-03,5
11020,Tactics Ogre: Let Us Cling Together,Role-Playing,t,1995-10-06,5
4149,Genma Onimusha,Action,t,2002-01-28,5
12687,Wcw/Nwo Revenge,Fighting,t,1998-10-26,5
11151,Tekken 2,Fighting,t,1996-08-25,5
2966,Dragonheart: Fire & Steel,Action,t,1996-11-30,5
486,Arcana Heart,Fighting,t,2008-04-10,5
11437,The Idolmaster: Platinum Stars,Simulation,t,2016-07-28,5
595,Assassin'S Creed Iii,Action-Adventure,t,2012-11-18,5
7341,Mysims,Simulation,f,2008-10-28,5
8536,Playmobil Top Agents,Action,t,2020-12-31,5
1245,Brain Voyage,Puzzle,t,2008-05-05,5
2235,Danganronpa 2: Goodbye Despair,Adventure,t,2012-07-26,5
9584,San Goku Shi Taisen Ds,Strategy,t,2007-01-25,5
11559,The Mahjong,Puzzle,t,2018-06-23,5
7491,Naruto: Ultimate Ninja Heroes 2 - The Phantom Fortress,Fighting,t,2008-06-24,5
11904,Tokimeki Memorial: Forever With You,Simulation,t,1996-07-19,5
6746,Metal Gear Ac!D 2,Strategy,t,2006-03-21,5
4551,Halo: Combat Evolved,Shooter,f,2003-09-30,5
4203,Girls Und Panzer: I Will Master Tankery,Action,t,2014-06-26,5
3645,Fifa Manager 12,Sports,f,2011-10-18,5
191,Aero Elite: Combat Academy,Simulation,t,2003-03-10,5
12470,Vampire Saga: Pandora'S Box,Adventure,f,2009-09-11,5
11028,Taiheiyou No Arashi Ds: Senkan Yamato Akatsuki Ni Shutsugekisu!,Strategy,t,2009-01-29,5
7059,Monster Hunter G,Role-Playing,t,2005-01-20,5
12323,Uk Truck Simulator,Simulation,f,2010-02-19,5
3832,Football Manager 2012,Sports,f,2011-10-21,5
10686,Street Fighter V,Fighting,t,2016-02-16,5
5104,Inazuma Eleven Strikers 2012 Xtreme,Sports,t,2011-12-22,5
4821,Himoutou! Umaru-Chan: Himoutou Ikusei Keikaku,Simulation,t,2015-12-03,5
7554,Nba 2k10,Sports,f,2009-10-12,5
11186,Tennis No Oji-Sama: 2005 Crystal Drive,Sports,t,2004-12-30,5
4710,Heatseeker,Simulation,t,2007-05-08,5
12619,"Warhammer 40,000: Dawn Of War Ii - Retribution",Strategy,f,2011-03-01,5
766,Balloon Pop 2,Puzzle,t,2012-02-07,5
5824,Kirby'S Dream Course,Sports,t,1995-02-01,5
13056,Xena: Warrior Princess,Adventure,t,1999-09-30,5
9491,Saint Seiya: Brave Soldiers,Fighting,t,2013-11-26,5
8419,Phantasy Star Online Episode I & Ii,Role-Playing,t,2003-04-15,5
10237,Snocross Championship Racing,Racing,t,2000-08-22,5
8370,Peter Jackson'S King Kong: The Official Game Of The Movie,Action,t,2005-12-20,5
3943,From Dust,Adventure,f,2011-08-17,5
10346,Soulcalibur: Broken Destiny,Fighting,t,2009-09-01,5
12331,Ultimate Card Games,Misc,t,2004-01-01,5
4790,High School Musical: Makin' The Cut!,Puzzle,t,2007-08-14,5
5867,Koihime Enbu,Fighting,t,2016-01-28,5
1382,Bust-A-Move Ds,Puzzle,t,2005-12-06,5
9499,Saints Row: The Third,Action,f,2011-11-15,5
745,Baku Baku,Puzzle,t,1996-08-31,5
3710,Final Fantasy Ii,Role-Playing,t,2001-05-02,5
6172,Locoroco Remastered,Platform,t,2017-05-09,5
2877,Dragon Ball Heroes: Ultimate Mission,Fighting,t,2013-02-28,5
11109,Tarr Chronicles,Shooter,f,2007-09-18,5
11653,The Sims 2: Seasons,Simulation,f,2007-02-27,5
6844,Mighty Beanz: Pocket Puzzles,Puzzle,t,2004-06-07,5
4781,Hidden Photo,Puzzle,t,2011-03-11,5
3451,Fable Iii,Role-Playing,f,2011-05-17,5
12317,Ufc: Tapout,Fighting,t,2002-02-17,5
12900,World Of Rollercoaster Tycoon,Strategy,f,2006-11-01,5
11787,Thoroughbred Breeder Ii Plus,Simulation,t,1995-11-17,5
10169,Slam Dunk Sd Heat Up!!,Sports,t,1995-10-27,5
8228,"Pachi-Slot Teiou: Golgo 13 Las Vegas (Jp Sales, But Wrong System)",Misc,t,2002-05-30,5
9802,Seven Days: Anata To Sugosu Nanokakan,Visual Novel,t,2018-07-05,5
11363,The Fruit Of Grisaia,Visual Novel,t,2013-02-21,5
5469,Jonah Lomu Rugby Challenge,Sports,f,2011-10-13,5
6990,Modnation Racers: Road Trip,Racing,t,2012-02-22,5
3903,Frantix,Puzzle,t,2005-09-19,5
2259,Dark Horizon,Simulation,f,2008-10-13,5
1459,Call Of Duty,Shooter,f,2003-10-29,5
12322,Ufo: Trilogy,Strategy,f,2007-08-24,5
8500,Pirates Of The Caribbean: The Curse Of The Black Pearl,Platform,t,2003-07-01,5
1802,Classic Nes Series: The Legend Of Zelda,Adventure,t,2004-06-02,5
10064,Simcity 2000,Simulation,t,1996-07-09,5
4156,George Of The Jungle And The Search For The Secret,Platform,t,2008-03-18,5
4167,Gex,Platform,t,1995-12-13,5
10233,Snk 40th Anniversary Collection,Misc,t,2018-11-13,5
1784,Clannad,Adventure,t,2018-06-14,5
2828,Doshin The Giant,Simulation,t,2002-09-20,5
411,Animal Crossing,Simulation,t,2001-04-14,5
10153,Skies Of Arcadia Legends,Role-Playing,t,2003-01-27,5
10219,Smuggler'S Run: Warzones,Misc,t,2002-08-07,5
2124,Custom Robo Arena,Fighting,t,2007-03-19,5
6929,Mlb 14 The Show,Sports,t,2014-05-06,5
8747,Pro Evolution Soccer 2010,Sports,f,2009-10-23,5
12257,Turok: Dinosaur Hunter,Shooter,t,1997-02-28,5
4336,Grand Theft Auto: The Trilogy,Adventure,f,2009-06-30,5
3649,Fifa Soccer 08,Sports,f,2007-10-09,5
1680,Chessmaster,Misc,t,2003-05-28,5
6031,Lego Battles: Ninjago,Strategy,t,2011-04-12,5
3093,Dungeons & Dragons: Daggerdale,Role-Playing,f,2011-05-25,5
12987,Wtf: Work Time Fun,Puzzle,t,2006-10-17,5
12936,World Stadium Ex,Sports,t,1996-07-26,5
1895,Command & Conquer 3: Kane'S Wrath,Strategy,f,2008-03-24,5
3168,Earth Defense Force 4.1: The Shadow Of New Despair,Shooter,t,2015-12-08,5
10987,Swords,Fighting,t,2010-09-14,5
580,Ashes Cricket,Sports,t,2017-11-16,5
5988,Last Half Of Darkness: Tomb Of Zojir,Adventure,f,2009-07-15,5
8477,Pimp My Ride,Racing,t,2007-04-03,5
10071,Simcity Societies,Simulation,f,2007-11-13,5
6021,Legends Of Chima: Laval'S Journey,Action-Adventure,t,2013-08-31,5
11528,The Legend Of Zelda: Four Swords Adventures,Adventure,t,2004-06-07,5
8083,One Piece: Super Grand Battle! X,Fighting,t,2014-11-13,5
355,Amatsutsumi,Visual Novel,t,2018-05-17,5
8350,Persona 2: Eternal Punishment,Role-Playing,t,2000-12-22,5
3686,Fighter Within,Fighting,t,2013-11-19,5
3598,Fatal Fury: Battle Archives Volume 2 (Jp Sales),Fighting,t,2008-04-08,5
6257,Lunar 2: Eternal Blue,Role-Playing,t,1998-07-23,5
3797,Flatout: Head On,Racing,t,2008-04-04,5
5739,Kileak: The Dna Imperative,Shooter,t,1995-01-01,5
12415,Uru: Ages Beyond Myst,Adventure,f,2003-11-11,5
209,Agatha Christie: Peril At End House,Adventure,f,2009-07-10,4
8262,Panzer Dragoon Orta,Shooter,t,2003-01-12,4
2691,Disney Princess: My Fairytale Adventure,Adventure,t,2012-09-25,4
6104,Liberation Maiden Sin,Visual Novel,t,2014-07-31,4
4248,God Of War Saga,Action,t,2012-08-28,4
9043,Re-Volt,Racing,t,1999-07-31,4
1069,Blazblue: Chrono Phantasma Extend,Fighting,t,2015-06-30,4
5092,In The Groove,Misc,t,2005-06-08,4
11634,The Sims,Simulation,t,2003-03-25,4
2334,Dead Or Alive 2,Fighting,t,2000-02-29,4
10221,Sneakers,Puzzle,t,2002-10-22,4
11859,Titanfall,Shooter,t,2014-04-08,4
6624,Mega Brain Boost,Puzzle,t,2008-01-22,4
13292,Zoo Tycoon 2,Strategy,f,2004-11-11,4
651,Atelier Shallie Plus: Alchemists Of The Dusk Sea,Role-Playing,t,2017-01-17,4
4764,Hey Arnold! The Movie,Platform,t,2002-05-29,4
4429,Guitar Freaks 3rdmix & Drummania 2ndmix,Simulation,t,2000-12-07,4
4042,Galactic Wrestling: Featuring Ultimate Muscle,Fighting,t,2004-06-30,4
8346,Perfect Weapon,Action,t,1996-11-01,4
13133,You Don'T Know Jack: Mock 2,Misc,t,2000-11-06,4
12498,Victorious Boxers: Ippo'S Road To Glory,Fighting,t,2001-11-05,4
7021,Monkey Island: Special Edition Collection,Adventure,f,2011-09-09,4
6024,Legends Of Wrestling,Fighting,t,2001-12-03,4
9469,Sacred 2: Fallen Angel,Role-Playing,f,2008-11-11,4
8361,Pes 2009: Pro Evolution Soccer,Sports,f,2008-10-17,4
11994,Tomb Raider: Underworld,Adventure,f,2008-11-18,4
590,Assassin'S Creed Chronicles: China,Action-Adventure,t,2015-04-21,4
9033,Rayman Origins,Platform,t,2012-02-14,4
3503,Famicom Mini: Super Mario Bros. 2,Platform,t,2004-08-10,4
9759,Sengoku Efuda Yuugi: Hototogisu Tairan,Strategy,t,2010-09-09,4
6666,Mega Man X3,Platform,t,1995-11-30,4
3044,Ds Rakubiki Jiten,Misc,t,2005-06-16,4
6642,Mega Man Battle Network 5: Team Colonel / Protoman,Role-Playing,t,2004-12-09,4
12350,Ultimate Spider-Man,Action,f,2005-09-22,4
11952,Tom Clancy'S Ghost Recon Wildlands,Shooter,t,2017-03-07,4
10431,Spirit: Stallion Of The Cimarron,Platform,t,2002-05-29,4
8832,Punch King,Fighting,t,2002-05-15,4
7981,Nobunaga No Yabou: Tendou With Power-Up Kit,Strategy,t,2011-05-26,4
7746,Neverwinter Nights 2: Storm Of Zehir,Role-Playing,f,2008-11-18,4
11427,The Idolm@Ster: Must Songs - Red Board / Blue Board,Music,t,2015-12-10,4
9822,Shadow Tower,Role-Playing,t,1999-10-31,4
10052,Silent Scope 2: Dark Silhouette,Shooter,t,2001-09-18,4
8495,Pirates Of Black Cove,Adventure,f,2011-08-02,4
5129,Injustice: Gods Among Us Ultimate Edition,Fighting,t,2013-11-12,4
11592,The Pinball Of The Dead,Misc,t,2002-06-16,4
2086,Crysis 2,Shooter,f,2011-03-22,4
1178,Bomberman,Puzzle,t,2006-09-12,4
12371,Under Night In-Birth,Fighting,t,2015-02-24,4
5455,Johnny Bazookatone,Platform,t,1996-01-01,4
8530,Playboy: The Mansion,Simulation,t,2005-01-25,4
2568,Digimon World Re:Digitize Decode,Role-Playing,t,2013-06-27,4
5489,Jump Super Stars,Fighting,t,2005-08-08,4
4298,Gothic Universe,Role-Playing,f,2007-10-15,4
2940,Dragon Quest Monsters: Caravan Heart,Role-Playing,t,2020-12-31,4
1115,Blitzkrieg: Rolling Thunder,Strategy,f,2004-11-30,4
2079,Crusaders Of Might And Magic,Role-Playing,t,2000-02-29,4
4048,Galaxy Fight,Fighting,t,1996-07-03,4
1896,Command & Conquer 3: Tiberium Wars,Strategy,t,2007-05-08,4
5534,Just Deal With It,Party,t,2018-12-04,4
8256,Pandemonium!,Platform,t,1996-10-31,4
11212,Test Drive Unlimited 2,Racing,t,2011-02-08,4
5892,Konoyo No Hate De Koi O Utau Shoujo: Yu-No,Visual Novel,t,2017-03-16,4
6635,Mega Man Battle Chip Challenge,Misc,t,2004-03-03,4
882,Battlefield 3,Shooter,f,2011-10-25,4
13113,Yokai Watch Dance: Just Dance Special Version,Music,t,2015-12-05,4
5279,Jampack Fall 2001,Misc,t,2001-09-12,4
9267,Road Trip: The Arcade Edition,Racing,t,2004-05-15,4
1469,Call Of Duty: Black Ops Iiii,Shooter,t,2018-10-12,4
2154,Dai-4-Ji Super Robot Taisen S,Strategy,t,1996-01-26,4
12160,Trap Gunner: Countdown To Oblivion,Strategy,t,1998-09-30,4
1736,Choujikuu Yousai Macross: Ai Oboete Imasu Ka,Action,t,2012-07-26,4
8946,Rage,Shooter,f,2011-10-04,4
3018,Driver '76,Racing,t,2007-05-08,4
3007,Dreamfall: The Longest Journey,Adventure,f,2006-04-17,4
6727,Men Of War: Red Tide,Strategy,f,2009-11-02,4
11738,The Walking Dead: A Telltale Games Series,Adventure,t,2012-11-21,4
12959,Worms Reloaded,Strategy,f,2010-08-26,4
10642,Still Life 2,Adventure,f,2009-08-11,4
3035,Dropship: United Peace Force,Simulation,t,2002-05-29,4
3496,Famicom Mini: Hikari Shinwa: Palutena No Kagami,Platform,t,2004-08-10,4
6496,Marvel Pinball: Epic Collection Volume 1,Puzzle,t,2016-11-08,4
6513,Mary-Kate And Ashley: Winners Circle,Action,t,2001-03-05,4
9480,Saga Frontier 2,Role-Playing,t,2000-01-31,4
2236,Danganronpa Another Episode: Ultra Despair Girls,Shooter,t,2017-06-27,4
2590,Dirt Showdown,Racing,t,2012-06-12,4
10239,Snood 2: On Vacation,Puzzle,t,2005-10-28,4
6952,Mlb The Show 17,Sports,t,2017-03-28,4
3715,Final Fantasy Type-0,Role-Playing,t,2020-12-31,4
2577,Dino Dini'S Kick Off Revival,Sports,t,2016-06-24,4
10877,Super Robot Taisen F Kanketsuhen,Strategy,t,1998-04-23,4
6216,Lost Kingdoms Ii,Role-Playing,t,2003-05-21,4
2939,Dragon Quest Monsters: Battle Road Victory,Strategy,t,2010-07-15,4
2924,Dragon Ball: Xenoverse,Fighting,t,2015-02-24,4
9178,Return To Mysterious Island,Adventure,f,2004-11-02,4
4487,Gunship,Simulation,t,1996-07-03,4
13190,Yu-Gi-Oh! World Championship 2007,Strategy,t,2007-03-20,4
4755,Heroes Of Might And Magic V: Tribes Of The East,Role-Playing,f,2007-10-18,4
9918,Shin Super Robot Taisen Special Disk,Strategy,t,1997-03-28,4
5508,Jurassic Park Iii: Park Builder,Simulation,t,2001-09-10,4
5210,J-League '96 Dream Stadium,Sports,t,1996-06-01,4
2183,Damnation,Shooter,f,2009-05-26,4
11294,The Chronicles Of Riddick: Assault On Dark Athena,Shooter,f,2009-04-07,4
11482,The King Of Fighters: Evolution,Fighting,t,2001-05-10,4
8255,Pandemonium 2,Platform,t,1997-09-30,4
8834,Puppet Show 3: Lost Town,Puzzle,f,2011-12-02,4
4479,Gungriffon Blaze,Simulation,t,2000-10-24,4
3651,Fifa Soccer 09,Sports,f,2008-10-14,4
1579,Castlevania Double Pack,Platform,t,2006-01-11,4
3573,Farming Simulator 2015,Simulation,t,2015-05-19,4
3680,Fight Night Round 2004,Fighting,t,2004-04-05,4
8878,Puzzler Collection,Puzzle,t,2008-07-29,4
1217,Borderlands: Game Of The Year Edition,Shooter,f,2010-10-12,4
77,3xtreme,Action,t,1999-03-31,4
6255,Lumo,Puzzle,t,2017-11-21,4
618,Asteroids,Shooter,t,1998-10-31,4
3642,Fifa Manager 08,Sports,f,2007-11-02,4
9353,Romance Of The Three Kingdoms Vi: Awakening Of The Dragon,Strategy,t,2000-03-31,4
1347,Bulletstorm,Shooter,f,2011-02-22,4
1139,Bloody Roar: Primal Fury,Fighting,t,2002-03-18,4
9650,Scribblenauts Unmasked: A Dc Comics Adventure,Puzzle,t,2013-09-24,4
7718,Neo Atlas 1469,Simulation,t,2016-10-27,4
5697,Kensei: Sacred Fist,Fighting,t,1998-11-30,4
10170,Slam Dunk: Yonkyo Taiketsu!!,Sports,t,1994-03-26,4
12948,Worldshift,Strategy,f,2009-11-10,4
4725,Hello Kitty Kruisers,Misc,t,2018-05-15,4
9386,Rpg Maker,Role-Playing,t,2000-09-19,4
100,7 Wonders Ii,Puzzle,t,2010-07-28,4
1082,Blazing Souls,Role-Playing,t,2006-01-19,4
5509,Jurassic Park: Operation Genesis,Simulation,f,2003-03-10,4
3182,Ebikore+ Amagami,Visual Novel,t,2014-01-30,4
7401,Namco Museum Vol.3,Misc,t,1997-01-31,4
8238,Pachitte Chonmage Tatsujin 10: Pachinko Fuyu No Sonata,Misc,t,2007-01-25,4
6246,Lufia: The Ruins Of Lore,Role-Playing,t,2003-05-06,4
2706,Disney Universe,Action,f,2011-10-25,4
6249,Lumines: Electronic Symphony,Puzzle,t,2012-02-14,4
12828,Witches' Legacy: Threat Of Darkness,Adventure,f,2016-02-07,4
1073,Blazblue: Continuum Shift Extend,Fighting,t,2012-05-31,4
902,Bc Kings,Strategy,f,2008-09-15,4
1191,Bomberman Land,Misc,t,2000-12-21,4
900,Battlezone: Rise Of The Black Dogs,Strategy,t,2000-03-30,4
3575,Farpoint,Shooter,t,2017-05-16,4
9235,Risen,Role-Playing,f,2009-10-02,4
8611,Popolocrois Monogatari,Role-Playing,t,1996-07-12,4
3491,Famicom Mini: Dig Dug,Puzzle,t,2004-05-21,4
4520,Hakuoki: Stories Of The Shinsengumi,Adventure,t,2014-05-06,4
12686,Wcw Vs. Nwo: World Tour,Fighting,t,1997-11-16,4
5234,J Stars Victory Vs.,Fighting,t,2015-06-30,4
3294,Escape The Museum,Adventure,f,2008-04-29,4
11960,Tom Clancy'S Hawx 2,Action,f,2010-11-11,4
10044,Silent Hill: Homecoming,Action,f,2008-11-06,4
12216,Tropico 4: Modern Times,Strategy,f,2012-03-29,4
12841,Wolfenstein,Shooter,f,2009-08-18,4
2282,Darksiders Ii,Action-Adventure,t,2012-08-14,4
304,Aliens Versus Predator: Extinction,Strategy,t,2003-07-30,4
246,Air Missions: Hind,Simulation,t,2018-10-09,4
11066,Take Command: Second Manassas,Strategy,f,2006-04-26,4
1992,Crane Simulator 2009,Simulation,f,2009-09-18,4
8128,Ore No Imouto Ga Konnani Kawaii Wake Ga Nai Portable,Adventure,t,2012-05-17,4
11099,Tanjou S Debut,Simulation,t,1996-06-28,4
12589,Walt Disney'S The Jungle Book: Rhythm N'Groove,Misc,t,2000-12-08,4
2656,Disney'S Planes,Adventure,t,2013-08-06,4
12200,Triple Play 98,Sports,t,1997-04-30,4
5461,Jojo'S Bizarre Adventure,Fighting,t,2000-03-31,4
1194,Bomberman Max 2: Blue Advance,Puzzle,t,2002-05-30,4
6749,Metal Gear Solid,Action,t,2000-04-24,4
5299,Jampack: Summer 2003 (Rp-M),Misc,t,2003-04-29,4
3391,Expendable,Action,t,2000-04-22,4
11400,The Hidden Mystery Collectives: Mystic Diary 1 & 2,Puzzle,f,2011-08-05,4
2504,Detective Conan: Phantom Rhapsody,Adventure,t,2014-04-17,4
7686,Need For Speed Rivals,Racing,t,2013-11-19,4
7380,Mytran Wars,Strategy,t,2009-10-20,4
12179,Trials Fusion,Misc,t,2015-01-01,4
2155,Dai Senryaku Vii: Modern Military Tactics,Strategy,t,2005-02-16,4
11404,The History Channel: Great Battles - Medieval,Strategy,t,2011-05-09,4
285,Alexander,Strategy,f,2004-11-23,4
9227,Rise & Fall: Civilizations At War,Strategy,f,2006-06-12,4
10545,Star Wars Episode I: Battle For Naboo,Simulation,t,2000-12-13,4
12535,Virtua Quest,Role-Playing,t,2005-01-19,4
176,Advance Wars: Dual Strike,Strategy,t,2005-08-22,4
659,Atlantis Evolution,Adventure,f,2004-10-17,4
10177,Sleeping Dogs,Action-Adventure,t,2012-08-14,4
7370,Mystery Trackers: The Void,Puzzle,f,2011-12-02,4
10267,"Soldam: Drop, Connect, Erase",Puzzle,t,2017-10-10,4
449,Ape Escape 3,Platform,t,2006-01-17,4
4600,Happy Manager: Shiawase Zhuang No Kanrinin San,Simulation,t,2018-01-11,4
5277,James Pond: Codename Robocod,Platform,t,2008-08-30,4
9515,Sakura Wars,Adventure,t,2000-05-25,4
8124,Order Up!!,Action,t,2012-08-31,4
8187,Overclocked: A History Of Violence,Adventure,f,2008-04-07,4
1631,Chameleon: To Dye For!,Puzzle,t,2007-08-06,4
3740,Final Fantasy Xiv: Heavensward,Mmo,t,2015-06-23,4
12713,Whac-A-Mole,Puzzle,t,2005-09-20,4
179,Adventure Time: Explore The Dungeon Because I Don'T Know!,Action-Adventure,t,2013-12-12,4
2286,Darkspore,Role-Playing,f,2011-04-26,4
2441,Denki Blocks!,Puzzle,t,2001-10-30,4
157,Action Bass,Action,t,2000-07-14,4
6617,"Medieval Lords: Build, Defend, Expand",Strategy,f,2005-11-24,4
10076,Simple 1500 Series Vol. 73: The Invaders ~Space Invaders 1500~,Shooter,t,2001-09-27,4
50,2 Games In 1 Double Pack: Finding Nemo / Monsters Inc.,Misc,t,2005-06-08,4
7207,Mr. Driller: Drill Spirits,Puzzle,t,2004-11-30,4
924,Beatmania Iidx 3rd Style,Simulation,t,2000-11-02,4
697,Azada: Ancient Magic,Adventure,f,2008-12-19,4
11604,The Punisher,Shooter,t,2005-01-17,4
2896,Dragon Ball Z: Extreme Butoden,Fighting,t,2015-10-20,4
6279,M&M'S Blast!,Puzzle,t,2001-12-01,4
7745,Neverwinter Nights 2: Mask Of The Betrayer,Role-Playing,f,2007-10-09,4
1894,Command & Conquer 3: Deluxe Edition,Strategy,f,2008-09-26,4
5495,Jungle Hunt,Platform,t,1983-01-01,4
4387,Growlanser Generations,Role-Playing,t,2004-12-07,4
8011,Nra Gun Club,Shooter,t,2006-10-02,4
7597,Nba Live 08,Sports,f,2007-10-30,4
4110,Garou Densetsu 3: Road To The Final Victory,Fighting,t,1996-06-28,4
2768,Don'T Starve: Giant Edition,Adventure,t,2018-04-17,4
12144,Transformers: Beast Wars Transmetals,Fighting,t,2000-03-15,4
781,Barbie And The Magic Of Pegasus,Action,f,2005-09-14,4
10557,Star Wars Rogue Squadron Iii: Rebel Strike,Simulation,t,2003-10-15,4
12324,Ukiyo No Roushi,Action-Adventure,t,2015-02-11,4
3643,Fifa Manager 09,Sports,f,2008-10-31,4
9972,Shiro To Kuro No Alice: Twilight Line,Visual Novel,t,2018-11-15,4
74,3d Tank Warfare Simulator Panzer Front,Simulation,t,2001-09-10,4
13097,Yarudora Series Vol. 2: Kisetsu Wo Dakishimete,Adventure,t,1998-07-23,4
5981,Largo Winch .// Commando Sar,Adventure,t,2002-02-01,4
2780,Donkey Kong Junior,Platform,t,1983-01-01,4
10595,Starhawk,Shooter,t,2012-07-11,4
11963,Tom Clancy'S Rainbow Six 3: Black Arrow,Shooter,t,2004-08-04,4
3830,Football Manager 2010,Sports,f,2009-11-03,4
523,Armored Core 2: Another Age,Simulation,t,2001-08-20,4
2385,Death To Spies,Adventure,f,2007-10-16,4
1149,Bluebeard'S Castle,Puzzle,f,2015-02-25,4
490,Arcania: Gothic 4,Role-Playing,t,2013-08-13,4
5518,Just Dance 2014,Music,t,2013-11-15,4
9664,Sd Gundam G Generation Genesis,Strategy,t,2016-11-22,4
9996,Showdown: Legends Of Wrestling,Fighting,t,2004-06-22,4
8299,Patrician Iv,Strategy,f,2010-09-14,4
6532,Mata Hari: Betrayal Is Only A Kiss Away,Adventure,f,2009-06-01,4
12074,Totaled!,Racing,t,2002-07-29,4
2287,Darkstalkers 3,Fighting,t,1998-11-30,4
13167,Yu-Gi-Oh! Dungeon Dice Monsters,Misc,t,2003-02-12,4
3927,Fritz Chess,Strategy,t,2009-07-28,4
12955,Worms Armageddon,Strategy,t,2000-03-30,4
1445,Cake Mania 2: Jill'S Next Adventure!,Puzzle,t,2008-06-24,4
3344,Europa Universalis: Rome Gold,Strategy,f,2009-07-10,4
11836,Time Crisis: Project Titan,Shooter,t,2001-06-20,4
1847,Code R,Adventure,t,1998-07-09,4
11337,The Elder Scrolls Online: Tamriel Unlimited,Mmo,t,2015-06-09,4
10680,Street Fighter Collection,Fighting,t,1997-11-30,4
5790,King Of Fighters: Maximum Impact Regulation A,Fighting,t,2007-07-26,4
9676,Sd Gundam: Gashapon Wars,Strategy,t,2010-06-24,4
11738,The Walking Dead: A Telltale Games Series,Adventure,t,2012-11-20,4
1440,Caesars Palace Advance: Millennium Gold Edition,Misc,t,2001-09-19,4
6219,Lost Planet 2,Shooter,f,2010-10-15,4
4416,Guilty Gear X,Fighting,t,2001-09-30,4
7377,Myth Makers: Orbs Of Doom,Puzzle,t,2007-12-31,4
6394,Majesty 2: The Fantasy Kingdom Sim,Strategy,t,2009-09-18,4
8981,Rampage Puzzle Attack,Puzzle,t,2001-11-29,4
12403,Untold Legends: Brotherhood Of The Blade,Role-Playing,t,2005-03-22,4
10646,Stolen,Action,f,2005-04-22,4
11652,The Sims 2: Pets,Simulation,f,2006-10-17,4
12957,Worms Blast,Puzzle,t,2002-10-24,4
6102,Lethal Skies Elite Pilot: Team Sw,Simulation,t,2002-05-31,4
13019,Wwf Raw (2002),Fighting,t,2002-02-11,4
73,3d Pixel Racing,Racing,t,2011-08-09,4
12406,Up,Adventure,f,2009-05-26,4
9151,Resident Evil Zero,Action-Adventure,t,2016-01-19,4
1318,Bubble Bobble Evolution,Puzzle,t,2006-12-19,4
10031,Sid Meier'S Railroads!,Simulation,f,2006-10-17,4
548,Army Men: Air Combat,Action,t,2000-07-14,4
12535,Virtua Quest,Role-Playing,t,2005-01-18,4
908,Beastly Frantic Foto,Puzzle,t,2011-02-22,4
8961,Railway Empire,Simulation,t,2018-01-30,4
8492,Pippa Funnell: Take The Reins,Simulation,f,2006-10-26,4
1122,Blood Bowl 2,Sports,t,2015-05-29,4
1038,Black Mirror 2,Adventure,f,2009-09-25,4
12571,Voodoo Chronicles: First Sign,Adventure,f,2011-09-06,4
12901,World Of Tanks,Shooter,f,2011-04-12,4
1231,Boxing,Fighting,t,2001-05-14,4
10364,Space Channel 5: Ulala'S Cosmic Attack,Misc,t,2003-06-17,4
2283,Darksiders Ii: Deathinitive Edition,Action-Adventure,t,2015-10-30,4
3849,Ford Racing,Racing,t,2001-03-06,4
3175,Earthworm Jim 2,Platform,t,2002-05-31,4
4721,Hellgate: London,Role-Playing,f,2007-10-31,4
10544,Star Wars Episode 1: Jedi Power Battles,Action,t,2000-03-31,4
8051,Ok! Puzzle Stars,Puzzle,t,2010-04-23,4
10888,Super Robot Taisen Og Saga: Masou Kishin Iii - Pride Of Justice,Strategy,t,2013-08-22,4
1861,Cold Fear,Action,f,2005-05-17,4
11738,The Walking Dead: A Telltale Games Series,Adventure,t,2013-08-01,4
11768,Theme Hospital,Strategy,t,1998-03-31,4
5181,Iron Man / X-O Manowar In Heavy Metal,Platform,t,1996-10-31,4
8096,Onimusha: Blade Warriors,Fighting,t,2004-03-24,4
1321,Bubsy 3d,Platform,t,1996-11-26,4
834,Batman: Gotham City Racer,Racing,t,2001-04-19,4
5473,Joust,Platform,t,1983-01-01,4
9413,Rugby League Live 4,Sports,t,2017-07-28,4
4753,Heroes Of Hellas 2: Olympia,Puzzle,t,2012-01-13,4
9863,Sherlock Holmes Vs. Jack The Ripper,Adventure,f,2009-05-26,4
419,Animal Snap: Rescue Them 2 By 2,Puzzle,t,2002-11-01,4
3013,Drill Dozer,Platform,t,2006-02-06,4
11120,Tears To Tiara Gaiden: Avalon No Nazo,Strategy,t,2009-09-17,4
227,Ageod'S American Civil War: 1861-1865 - The Blue And The Gray,Strategy,f,2008-01-28,4
11039,Taiko No Tatsujin: Atsumete Tomodachi Daisakusen!,Music,t,2015-11-26,4
1286,Britney'S Dance Beat,Misc,t,2002-05-08,4
5844,Knife Edge: Nosegunner,Shooter,t,1998-11-10,4
7387,Nagano Winter Olympics 98,Sports,t,1998-01-10,4
4776,Hidden Mysteries: Royal Family Secrets,Puzzle,f,2011-08-09,4
11282,The Bouncer,Action,t,2001-03-05,4
9450,Rush For Berlin,Strategy,f,2006-06-12,4
4612,Harry Potter And The Deathly Hallows - Part 1,Action,f,2010-11-16,4
2767,Don'T Starve,Adventure,t,2018-04-17,4
5446,Jissen Pachislot Hisshouhou! Hokuto No Ken Ds,Misc,t,2005-06-04,4
12411,Urban Chaos,Action,t,2000-03-31,4
8739,Pro Cycling Manager 2016,Sports,t,2016-06-16,4
6845,Mighty No. 9,Platform,t,2016-06-21,4
6006,Legacy Of Kain: Defiance,Adventure,f,2003-12-17,4
2335,Dead Or Alive 5,Fighting,t,2015-02-17,4
7967,Nobunaga'S Ambition: Sphere Of Influence - Ascension,Strategy,t,2016-10-25,4
6306,Madagascar: Escape 2 Africa,Action,f,2008-11-04,4
207,Agatha Christie: Evil Under The Sun,Adventure,f,2007-10-16,4
4066,Gambler Densetsu Tetsuya,Adventure,t,2001-06-21,4
11731,The Unholy War,Strategy,t,1998-09-30,4
2334,Dead Or Alive 2,Fighting,t,2000-03-30,4
4114,Gauntlet Legends,Action,t,2000-02-29,4
1132,Bloodrayne,Shooter,f,2003-09-13,4
10554,Star Wars Knights Of The Old Republic Ii: The Sith Lords,Role-Playing,t,2004-12-06,4
4047,Galaxy Angel Ii: Zettairyouiki No Tobira,Strategy,t,2006-06-22,4
10012,Shrek: Forever After,Platform,t,2010-05-18,4
7374,Mystic Legacy: The Great Ring,Puzzle,f,2015-02-25,4
6007,Legacy Of Kain: Soul Reaver,Adventure,t,1999-08-16,4
2839,Doukyuusei If,Role-Playing,t,1996-08-09,4
4373,Grid Runner,Action,t,1996-10-31,4
1643,Championship Manager 2008,Sports,f,2007-11-06,4
13098,Yarudora Series Vol.1: Double Cast,Adventure,t,1998-06-25,4
11982,Tom Clancy'S The Division,Shooter,t,2016-03-08,4
4765,Hey! Pikmin,Platform,t,2017-07-28,4
2454,Derby Jockey 2,Sports,t,1995-09-29,4
6512,Mary-Kate And Ashley: Sweet 16 - Licenced To Drive,Misc,t,2003-02-14,4
1511,Capcom Vs. Snk 2: Mark Of The Millennium 2001,Fighting,t,2001-11-06,4
3897,Frank Thomas Big Hurt Baseball,Sports,t,1996-06-05,4
2540,Die Hard Trilogy 2: Viva Las Vegas,Action,t,2000-02-29,4
116,A-Train 6,Strategy,t,2004-03-19,4
1471,Call Of Duty: Ghosts,Shooter,t,2013-11-22,4
7569,Nba 2k9,Sports,f,2008-10-20,4
1180,Bomberman (Jp Sales),Puzzle,t,2006-09-12,4
12884,World Driver Championship,Racing,t,1999-05-31,4
4966,Hyper Formation Soccer,Sports,t,1995-10-13,4
5603,Kangaroo,Platform,t,1983-01-01,4
8,.Hack//Mutation Part 2,Role-Playing,t,2003-05-07,4
10627,Steel Horizon,Strategy,t,2007-03-20,4
10330,Soul Bubbles,Puzzle,t,2008-06-10,4
11840,Time Of Shadows,Role-Playing,f,2009-09-08,4
6905,Mirror'S Edge Catalyst,Platform,t,2016-06-07,4
12036,Top Gun,Simulation,t,2006-05-03,4
9927,Shining Force Iii: Scenario 2,Strategy,t,1998-04-29,4
9369,Room Zoom: Race For Impact,Racing,t,2004-07-14,4
3599,Fatal Fury: Wild Ambition,Fighting,t,1999-12-11,4
1383,Bust-A-Move Universe,Puzzle,t,2011-03-27,4
11888,Toca Race Driver 3 Challenge,Racing,t,2007-02-16,4
2397,Deception Iii: Dark Delusion,Role-Playing,t,2000-03-01,4
3709,Final Fantasy I & Ii,Role-Playing,t,1994-02-27,4
1451,Cake Mania: Main Street,Simulation,f,2009-10-07,4
3476,Fallout 3,Role-Playing,f,2008-10-28,4
1183,Bomberman 64: The Second Attack!,Adventure,t,2000-05-28,4
3430,F1 2010,Racing,t,2010-09-21,4
6481,Mario Sports Superstars,Sports,t,2017-03-24,4
6352,Magic: The Gathering - Battlemage,Strategy,t,1997-08-01,4
9204,Ride! Carnival Tycoon,Strategy,f,2007-08-01,4
4684,Haunted Hotel: Ancient Curse,Adventure,f,2016-02-10,4
1127,Blood Omen: Legacy Of Kain,Role-Playing,t,1996-11-14,4
6862,"Mind, Body & Soul: Blend It!",Puzzle,t,2010-04-23,4
4857,Hokuto No Ken,Fighting,t,2007-03-29,4
690,Awakening: The Goblin Kingdom,Adventure,f,2011-08-25,4
705,B.L.U.E.: Legend Of Water,Adventure,t,1998-07-09,4
2506,Detective Opera: Milky Holmes 2,Adventure,t,2012-08-23,4
6131,Little Deviants,Platform,t,2012-02-15,4
4245,God Eater Off Shot:Shiou-Hen Twin Pack & Animation Vol.5,Misc,t,2016-02-25,4
2465,Derby Stallion Ii,Sports,t,1994-02-18,4
12400,Unsolved Mystery Club: Ancient Astronauts,Puzzle,f,2011-07-17,4
3066,Duke Nukem: Land Of The Babes,Shooter,t,2000-09-19,4
11203,Terraria,Action-Adventure,t,2015-12-10,4
1030,Black & White 2: Battle Of The Gods,Strategy,f,2006-04-25,4
6264,Lunar: Silver Star Story,Role-Playing,t,1996-10-25,4
12525,Virtua Fighter 5,Fighting,t,2007-02-20,4
10030,Sid Meier'S Pirates!,Strategy,t,2007-01-22,4
2099,Csi: Ny - The Game,Adventure,f,2008-11-18,4
1468,Call Of Duty: Black Ops Ii,Shooter,f,2012-11-13,4
679,Atv Renegades,Racing,t,2017-04-18,4
8484,Pink Panther: Pinkadelic Pursuit,Platform,t,2002-01-01,4
1195,Bomberman Max 2: Red Advance,Puzzle,t,2002-05-30,4
9609,Sayonara Umihara Kawase,Platform,t,2014-03-20,4
2928,Dragon Force Ii: Kamisarishi Daichi Ni,Strategy,t,1998-04-02,4
5352,Jewel Quest Mysteries: Curse Of The Emerald Tear,Puzzle,t,2010-04-23,4
474,Arc The Lad Ii,Role-Playing,t,1996-06-20,4
5300,Jampack: Summer 2003 (Rp-T),Misc,t,2003-04-29,4
9274,Robinson: The Journey,Action-Adventure,t,2016-11-08,4
11313,The Cursed Crusade,Action,f,2011-10-25,4
8607,Popeye,Platform,t,1983-01-01,4
8745,Pro Evolution Soccer 2008,Sports,f,2007-10-26,4
4733,Hello Kitty: Roller Rescue,Action,f,2005-09-09,4
9189,Rhapsody: A Musical Adventure,Role-Playing,t,2000-03-30,4
2162,Daikaijyuu Monogatari Ii,Role-Playing,t,1996-08-02,4
8003,Nostradamus: The Last Prophecy,Adventure,f,2007-09-30,4
7767,Next Generation Of Chaos,Role-Playing,t,2002-04-25,4
7433,Naraba'S World: The Mysterious Palace,Adventure,t,2012-05-07,4
2002,Crash Bash,Misc,t,2000-11-06,4
6274,Luxor: Pharaoh'S Challenge,Puzzle,t,2007-12-18,4
7541,Nayuta No Kiseki,Action,t,2012-07-26,4
6595,Medal Of Honor: Airborne,Shooter,f,2007-09-04,4
1096,Bleach: Heat The Soul 6,Fighting,t,2009-05-14,4
7976,Nobunaga No Yabou: Ranseiki,Strategy,t,2002-04-04,4
633,Atari Anniversary Edition Redux,Misc,t,2001-01-01,4
11335,The Elder Scrolls Online: Morrowind,Mmo,t,2017-06-06,4
2313,Dawn Of Magic,Role-Playing,f,2007-10-23,4
11155,Tekken Advance,Fighting,t,2002-01-28,4
3382,Exhibition,Misc,t,2002-01-01,4
12213,Tropico 3,Strategy,f,2009-10-20,4
6590,Medal Of Honor,Shooter,f,2010-10-12,4
5886,Konjiki No Gashbell!! Makai No Bookmark,Adventure,t,2004-07-16,4
3290,Escape From Monkey Island,Adventure,t,2001-06-18,4
2564,Digimon World 4,Role-Playing,t,2005-06-01,4
10322,Sotsugyou Crossworld,Simulation,t,1996-06-28,4
2236,Danganronpa Another Episode: Ultra Despair Girls,Shooter,t,2015-09-01,4
3351,Eve: The Lost One,Adventure,t,1998-03-12,4
3490,Famicom Mini: Clu Clu Land,Puzzle,t,2004-05-21,4
823,Batman Forever: The Arcade Game,Action,t,1996-12-03,4
5033,Il-2 Sturmovik: 1946,Simulation,f,2007-03-13,4
6877,Mini-Yonku Shining Scorpion: Let'S & Go!!,Racing,t,1996-12-20,4
8007,Novastorm,Shooter,t,1995-10-01,4
7975,Nobunaga No Yabou: Kakushin With Power-Up Kit,Strategy,t,2008-03-06,4
11539,The Lord Of The Rings Online: Mines Of Moria,Role-Playing,f,2008-11-17,4
2251,Dark Arena,Shooter,t,2002-01-18,4
11927,Tokyo Tattoo Girls,Strategy,t,2017-11-14,4
8183,Over The Hedge,Platform,t,2006-05-05,4
6274,Luxor: Pharaoh'S Challenge,Puzzle,t,2008-01-15,4
9069,Real Time Conflict: Shogun Empires,Strategy,t,2005-11-21,4
11769,Theme Park,Strategy,t,2007-03-20,4
8878,Puzzler Collection,Puzzle,t,2008-08-05,4
12503,Victory Spike,Sports,t,1996-06-07,4
5509,Jurassic Park: Operation Genesis,Simulation,t,2003-03-26,4
3177,East India Company,Strategy,f,2009-07-31,4
5129,Injustice: Gods Among Us Ultimate Edition,Fighting,t,2013-11-15,4
10748,Suikoden,Role-Playing,t,1996-12-01,4
12631,Warhammer: Mark Of Chaos,Strategy,f,2006-11-14,4
9465,Sable Maze: Sullivan River,Puzzle,f,2015-02-25,4
11011,T.R.A.G. - Tactical Rescue Assault Group: Mission Of Mercy,Adventure,t,1999-03-31,4
1031,Black * Rock Shooter: The Game,Role-Playing,t,2020-12-31,4
12218,Tropico Reloaded,Strategy,f,2009-07-24,4
9936,Shining Tears,Role-Playing,t,2005-03-22,4
9662,Sd Gundam G Generation Ds,Role-Playing,t,2005-05-26,4
8998,Rapid Reload,Shooter,t,1995-09-01,4
1525,Card Games,Misc,t,2001-08-28,4
13161,Yu-Gi-Oh! 7 Trials To Glory: World Championship Tournament 2005,Misc,t,2005-02-15,4
677,Atv Quad Kings,Racing,t,2009-08-04,4
9087,Record Of Agarest War Zero,Strategy,t,2011-06-14,4
684,Auto Modellista,Racing,t,2004-01-20,4
4320,Grand Slam,Sports,t,1997-04-30,4
7560,Nba 2k16,Sports,f,2015-09-29,4
10035,Sidewinder Max,Simulation,t,2000-12-07,4
10882,Super Robot Taisen Mx,Strategy,t,2004-05-27,4
5509,Jurassic Park: Operation Genesis,Simulation,t,2003-03-25,4
12203,Trivial Pursuit Unhinged,Misc,t,2004-03-24,4
8526,Plants Vs. Zombies: Garden Warfare 2,Shooter,t,2016-02-23,4
3746,Finding Nemo,Platform,t,2003-05-12,4
13168,Yu-Gi-Oh! Forbidden Memories (Jp Sales),Role-Playing,t,2002-03-20,4
4375,Grim Legends: The Forsaken Bride,Puzzle,f,2015-03-20,4
6019,Legendary,Shooter,f,2008-11-18,4
5668,Keepsake,Adventure,f,2006-03-31,4
1071,Blazblue: Continuum Shift,Fighting,t,2010-07-27,4
13050,Xblaze Lost: Memories,Visual Novel,t,2015-08-11,4
4528,Hakuouki: Junsouroku,Adventure,t,2014-05-06,4
346,Alundra 2: A New Legend Begins,Role-Playing,t,2000-02-29,4
4758,Heroes Over Europe,Simulation,f,2009-09-22,4
5774,King'S Bounty: The Legend,Strategy,f,2008-09-23,4
6469,Mario & Sonic At The Rio 2016 Olympic Games,Sports,t,2016-06-24,4
5992,Layton'S Mystery Journey: Katrielle And The Millionaire'S Conspiracy,Puzzle,t,2017-10-06,4
4679,Hatsune Miku: Project Diva X,Music,t,2016-08-30,4
11196,Tennis World Tour,Sports,t,2018-05-22,4
8358,Persona Dancing: Endless Night Collection,Music,t,2018-12-04,4
12085,Touch Detective 3: Does Funghi Dream Of Bananas?,Adventure,t,2014-05-01,4
10516,Star Fox Guard,Strategy,t,2016-04-22,4
696,Azada,Adventure,t,2014-05-01,4
11702,The Stronghold Collection,Strategy,f,2009-10-27,4
5441,Jissen Pachi-Slot Hisshouhou! Hokuto No Ken F - Seikimatsu Kyuuseishu Densetsu,Fighting,t,2012-05-31,4
2943,Dragon Quest Viii: Journey Of The Cursed King,Role-Playing,t,2017-01-20,4
13159,Yu-Gi-Oh! 5d'S World Championship 2011: Over The Nexus,Strategy,t,2011-05-10,4
7211,Ms. Pac-Man Maze Madness,Puzzle,t,2004-11-03,4
9014,Raven Squad: Operation Hidden Dagger,Shooter,f,2009-08-25,4
1960,Cool Boarders 4,Sports,t,1999-01-01,4
3187,Echo Night Beyond,Adventure,t,2004-07-27,4
8631,Power Drome,Racing,t,2004-05-16,4
2685,Disney Magic World 2,Simulation,t,2016-10-14,4
524,Armored Core 3,Simulation,t,2002-09-05,4
5459,Joint Operations: Combined Arms,Shooter,f,2009-08-18,4
7894,Nightmare Creatures Ii,Action,t,2000-04-29,4
2612,Disgaea 4: A Promise Unforgotten,Role-Playing,t,2020-12-31,4
522,Armored Core 2,Simulation,t,2000-10-24,4
2627,Disney'S Atlantis: The Lost Empire,Adventure,t,2001-06-14,4
11634,The Sims,Simulation,t,2003-03-24,4
5236,Jack Keane,Adventure,f,2008-04-15,4
2666,Disney'S The Lion King: Simba'S Mighty Adventure,Platform,t,2000-12-22,4
268,Akb1/149: Love Election,Simulation,t,2012-12-20,4
7808,Nhl 09,Sports,f,2008-10-20,4
9682,Sea Of Thieves,Action-Adventure,t,2018-03-20,4
11202,Terranigma,Role-Playing,t,1996-12-19,4
778,Barbarian,Fighting,t,2002-06-27,4
5029,Ikki Tousen: Shining Dragon,Role-Playing,t,2020-12-31,4
8567,Pokémon Pinball: Ruby & Sapphire (Jp Weekly Sales),Misc,t,2003-08-26,4
13011,Wwe Smackdown! Vs. Raw 2006,Fighting,t,2005-12-13,4
11724,The Town Of Light,Adventure,t,2018-01-01,4
1130,Blood: The Last Vampire (Joukan),Adventure,t,2000-12-21,4
350,Amaekata Wa Kanojo Nari Ni.,Visual Novel,t,2017-10-26,4
13068,Xia-Xia,Platform,t,2012-03-13,4
3759,Fire Prowrestling,Fighting,t,2001-06-10,4
12247,Tumblestone,Puzzle,t,2016-11-01,4
7889,Nightcaster,Action,t,2002-01-21,4
8620,Port Royale 3,Simulation,t,2012-10-02,4
8736,Pro Baseball Famista Climax,Sports,t,2017-04-20,4
5778,King'S Field: The Ancient City,Role-Playing,t,2002-03-25,4
6221,Lost Planet: Extreme Condition,Shooter,f,2007-06-26,4
8861,Puyo Puyo Tetris,Puzzle,t,2014-02-06,4
9668,Sd Gundam G Generation World,Strategy,t,2011-02-24,4
252,Airforce Delta Strike,Simulation,t,2004-02-03,4
10463,Spore,Strategy,f,2008-09-07,4
10050,Silent Hunter: Wolves Of The Pacific,Simulation,f,2007-03-20,4
8923,R.U.S.E.,Strategy,f,2010-09-07,4
2137,D-Day,Strategy,f,2004-12-07,4
7654,Ncaa Football 14,Sports,t,2013-07-09,4
1763,Cities Xl,Simulation,f,2009-10-09,4
5222,J-League Pro Striker 2,Sports,t,1994-07-15,4
4136,Gem Quest: 4 Elements,Puzzle,t,2011-04-19,4
10678,Street Fighter Alpha: Warriors' Dreams,Fighting,t,1996-06-06,4
5353,Jewel Quest Solitaire,Puzzle,t,2011-02-11,4
12055,Toriko: Gourmet Battle!,Role-Playing,t,2013-07-04,4
9127,Ren'Ai 0 Kilometer,Visual Novel,t,2013-01-31,4
12184,Tricky Towers,Puzzle,t,2017-11-17,4
2333,Dead Or Alive,Fighting,t,1998-03-31,4
9637,Scooby-Doo! Night Of 100 Frights,Platform,t,2002-05-20,4
7465,Naruto Shippuuden: Gekitou Ninja Taisen! Ex,Fighting,t,2007-02-22,4
5294,Jampack Winter 2000,Misc,t,2000-11-07,4
338,Alone In The Dark: The New Nightmare,Adventure,t,2001-06-18,4
7592,Nba Jam Tournament Edition,Sports,t,1995-02-23,4
4549,Halo Wars 2,Strategy,t,2017-02-21,4
8823,Psychonauts,Platform,t,2005-04-19,4
4296,Gothic 3: Forsaken Gods,Role-Playing,f,2008-11-20,4
7982,Nobunaga No Yabou: Tenshoki,Strategy,t,1996-01-26,4
4949,Hunted: The Demon'S Forge,Role-Playing,f,2011-05-31,4
638,Atari Flashback Classics: Volume 3,Misc,t,2018-09-28,4
3746,Finding Nemo,Platform,t,2003-05-10,4
9709,Section 8,Shooter,f,2009-09-01,4
7277,Mxgp Pro,Racing,t,2018-07-10,4
12090,Touch My Katamari,Puzzle,t,2012-02-21,4
6974,Mobile Suit Gundam: Federation Vs. Zeon,Simulation,t,2002-09-09,4
6225,Lotus Challenge,Racing,t,2004-07-29,4
3479,Fallout 3: Game Of The Year Edition,Role-Playing,f,2009-10-13,4
3037,Drummania 7th Mix,Simulation,t,2002-08-30,4
12970,Wrc 6,Racing,t,2017-03-03,4
10939,Superstars V8 Next Challenge,Racing,t,2011-01-25,4
7372,Mystic Gateways: The Celestial Quest,Puzzle,f,2015-03-10,4
511,Arkanoid Ds,Puzzle,t,2008-06-17,4
608,Assassin'S Creed: Unity,Action,f,2014-11-11,4
12632,Warhammer: Mark Of Chaos - Battle March,Strategy,f,2008-09-02,4
3754,Fire Emblem: Shin Monshou No Nazo Hikari To Kage No Eiyuu,Strategy,t,2010-07-15,4
4273,Gold And Glory: The Road To El Dorado,Adventure,t,2000-12-19,4
10918,Super Street Fighter Ii: Turbo Revival,Fighting,t,2001-10-30,4
1337,Build 'N Race,Racing,t,2009-08-04,4
9288,Robots,Adventure,t,2005-02-24,4
11861,Titanic Mystery,Puzzle,t,2012-04-03,4
12630,Warhammer: Dark Omen,Strategy,t,1998-04-07,4
1826,Closed Nightmare,Misc,t,2018-07-19,4
7462,Naruto Shippuden: Ultimate Ninja Storm Legacy,Fighting,t,2017-08-25,4
12107,Toukiden,Action,t,2013-06-27,4
12089,Touch My Katamari,Puzzle,t,2012-02-21,4
10476,Spot Goes To Hollywood,Platform,t,1996-11-30,4
9865,Sherlock Holmes: Nemesis,Adventure,f,2008-04-14,4
11254,The Adventures Of Lomax,Platform,t,1996-10-31,4
3699,Final Doom,Shooter,t,1995-10-01,4
9212,Ridge Racer Unbounded,Racing,t,2012-03-27,4
4869,Homefront,Shooter,f,2011-03-15,4
10825,Super Famista 4,Sports,t,1995-03-03,4
10670,Strawberry Shortcake: The Four Seasons Cake,Platform,t,2007-12-06,4
6631,Mega Man 64,Action,t,2001-01-10,4
1458,Call Of Cthulhu: Dark Corners Of The Earth,Adventure,f,2006-04-26,4
10367,Space Griffon Vf-9,Role-Playing,t,1995-11-25,4
12713,Whac-A-Mole,Puzzle,t,2005-09-21,4
5974,Langrisser Iv,Strategy,t,1997-08-01,4
6545,Max Payne 2: The Fall Of Max Payne,Shooter,f,2003-10-14,4
4102,Garfield'S Fun Fest,Platform,t,2008-08-29,4
10164,Skylanders: Spyro'S Adventure,Action,f,2011-10-16,4
7744,Neverwinter Nights 2,Role-Playing,f,2006-11-01,4
3557,Farm Frenzy,Strategy,f,2008-01-30,4
9168,Restaurant Empire,Simulation,f,2003-03-26,4
1796,Classic Nes Series: Dr. Mario,Puzzle,t,2004-10-25,4
10037,Silent Bomber,Action,t,2000-02-29,4
4252,Godai: Elemental Force,Action,t,2002-01-21,4
5127,Injustice 2,Fighting,t,2017-05-16,4
10813,Super Bust-A-Move,Puzzle,t,2001-11-27,4
12351,Ultra Bust-A-Move,Puzzle,t,2004-11-04,4
11736,The Void,Adventure,f,2009-09-25,4
12847,Women'S Murder Club: Death In Scarlet,Adventure,f,2008-04-03,4
6507,Marvel Vs. Capcom: Infinite,Fighting,t,2017-09-19,4
3505,Famicom Mini: Wrecking Crew,Puzzle,t,2004-05-21,4
12325,Ukiyo No Shishi,Action-Adventure,t,2015-01-29,4
5390,Jikkyou Powerful Pro Yakyuu 2,Sports,t,1995-02-24,4
4037,Gal Gun 2,Simulation,t,2018-04-24,4
11298,The Clockwork Man,Puzzle,f,2011-08-10,4
4424,Guilty Gear Xx Accent Core Plus,Fighting,t,2009-05-12,4
4794,Highschool Terra Story,Adventure,t,1998-07-23,4
1210,Boombots,Fighting,t,1999-12-02,4
8889,Quake Ii,Shooter,t,1999-10-05,4
36,12-Sai. Koisuru Diary,Adventure,t,2016-08-04,4
10872,Super Robot Taisen Compact 2 Dai-1-Bu,Strategy,t,2000-03-30,4
9722,Sega Genesis Classics,Misc,t,2018-05-29,4
11048,Taikou Risshiden V,Strategy,t,2009-09-17,4
3109,Dynasty Tactics,Strategy,t,2002-09-17,4
10692,Street Sk8er,Sports,t,1999-01-01,4
5750,Killing Zone,Fighting,t,1996-07-01,4
2490,Destiny: The Taken King,Shooter,t,2015-09-15,4
6817,Microsoft Flight Simulator X,Simulation,f,2006-10-17,4
12125,Toy Story Racer,Racing,t,2001-03-05,4
8732,Prison Architect,Simulation,t,2016-06-28,4
760,Ball Breakers,Action,t,2000-07-26,4
3371,Evil Zone,Fighting,t,1999-06-01,3
2521,Devil Summoner: Soul Hackers,Role-Playing,t,1999-04-08,3
875,Battleborn,Shooter,f,2016-05-03,3
6339,Mafia,Action,t,2004-01-28,3
5686,Kengo: Master Of Bushido,Fighting,t,2001-01-03,3
8076,One Piece: Gigant Battle!,Fighting,t,2010-09-09,3
9273,Robin Hood: Defender Of The Crown,Strategy,t,2003-09-30,3
12701,We Sing Pop!,Music,t,2012-12-14,3
1737,Chousoku Henkei Gyrozetter: Albatross No Tsubasa,Role-Playing,t,2013-06-13,3
7149,Motocross Mania 3,Racing,t,2005-01-01,3
11227,Tetris Worlds,Puzzle,t,2001-09-05,3
12422,Uta No * Prince-Sama: All Star,Music,t,2013-03-07,3
2760,Doko Demo Issyo,Misc,t,1999-07-22,3
10580,Star Wars: Starfighter,Simulation,t,2001-02-19,3
7483,Naruto: Ninja Destiny (Us Sales),Fighting,t,2008-02-26,3
5903,Koudelka,Role-Playing,t,1999-11-30,3
9228,Rise Of Flight: Aces Edition,Simulation,f,2011-11-25,3
4683,Haunted Casino,Adventure,t,1996-09-27,3
6622,Medievil Ii,Adventure,t,2000-04-30,3
3379,Excitebike 64,Racing,t,2000-04-30,3
1630,Chameleon Twist 2,Platform,t,1999-03-31,3
995,Bigfoot: Collision Course,Racing,t,2009-01-09,3
11225,Tetris Plus,Puzzle,t,1996-10-18,3
11868,To Heart,Adventure,t,1999-03-25,3
4985,I Doll U,Adventure,t,2015-07-16,3
12256,Turok 3: Shadow Of Oblivion,Shooter,t,2000-08-30,3
9787,Sentou Kokka Air Land Battle,Strategy,t,1995-12-01,3
7126,Mortal Kombat: Special Forces,Fighting,t,2000-06-30,3
10389,Spec Ops: Covert Assault,Shooter,t,2001-06-28,3
2953,Dragon Slayer: Eiyuu Densetsu,Role-Playing,t,1994-09-16,3
2311,Dawn Of Fantasy,Strategy,f,2011-06-03,3
5557,Kagero: Deception Ii,Strategy,t,1998-10-14,3
10098,Sing Party,Party,t,2012-11-18,3
12053,Torchlight,Role-Playing,f,2009-10-27,3
12449,Vagrant Story,Role-Playing,t,2000-05-15,3
5486,July,Adventure,t,1998-11-27,3
2001,Crash Bandicoot: The Wrath Of Cortex,Platform,t,2002-04-15,3
4473,Gundam: The Battle Master,Fighting,t,1997-06-20,3
1762,Cities In Motion Collection,Simulation,f,2011-11-22,3
218,Age Of Empires Online,Strategy,f,2011-08-16,3
9791,Serious Sam Hd: Gold Edition,Shooter,f,2010-09-23,3
7988,Noël: La Neige,Adventure,t,1998-02-26,3
10585,Star Wars: The Force Unleashed Ii,Action,f,2010-10-26,3
12643,Warjetz,Shooter,t,2001-06-27,3
1161,Body Harvest,Shooter,t,1998-10-20,3
947,Bendy And The Ink Machine,Puzzle,t,2018-11-20,3
8143,Osomatsu-San: Matsu Matsuri!,Misc,t,2016-12-22,3
12343,Ultimate Muscle - The Kinnikuman Legacy: Legends Vs New Generation,Fighting,t,2003-06-05,3
10349,Sound Novel Machi,Adventure,t,1998-01-22,3
6148,Littlebigplanet: Game Of The Year Edition,Platform,t,2009-09-08,3
10873,Super Robot Taisen Complete Box,Strategy,t,1999-06-10,3
11214,Test Drive: Ferrari Legends,Racing,t,2012-07-03,3
11443,The Incredibles: Rise Of The Underminer,Action,f,2005-10-24,3
8488,Pipe Dreams 3d,Puzzle,t,2001-10-23,3
2483,Despicable Me: The Game,Platform,t,2010-07-06,3
2634,Disney'S Donald Duck: Goin' Quackers,Platform,t,2000-12-20,3
9424,Rugrats: Scavenger Hunt,Misc,t,1999-06-29,3
11681,The Sims: Complete Collection,Simulation,f,2005-11-02,3
1925,Conflict: Denied Ops,Shooter,f,2008-02-12,3
513,Arma Ii: Reinforcements,Shooter,f,2011-04-01,3
10788,Summon Night: Twin Age,Role-Playing,t,2008-06-03,3
6719,Memories Off: Yubikiri No Kikou,Visual Novel,t,2011-05-26,3
9468,Sacra Terra: Angelic Night,Puzzle,f,2011-10-12,3
7701,Need For Speed: Shift,Racing,f,2009-09-15,3
1911,Commandos 2: Men Of Courage,Strategy,t,2002-09-18,3
11566,The Movies,Simulation,f,2005-11-08,3
1597,Castrol Honda Superbike Racing,Racing,t,1999-05-25,3
117,A-Train Exp.,Simulation,t,2017-12-21,3
5548,K-1 Revenge,Fighting,t,1999-02-28,3
13265,Zillions Of Enemy X: Zetsukai No Crusade,Role-Playing,t,2013-05-23,3
8192,Overlord Ii,Action,f,2009-06-23,3
6911,Mission: Impossible,Action,t,1998-07-18,3
8980,Rampage 2: Universal Tour,Action,t,1999-03-31,3
3067,Duke Nukem: Time To Kill,Shooter,t,1998-09-30,3
11623,The Seven Deadly Sins: Knights Of Britannia,Fighting,t,2018-02-09,3
12135,Train Simulator 2015,Action,f,2014-10-23,3
1709,Chocobo Racing,Racing,t,1999-07-31,3
11418,The Idolm@Ster,Simulation,t,2007-01-25,3
11656,The Sims 3,Simulation,f,2009-06-02,3
5252,Jak And Daxter Collection,Platform,t,2012-02-07,3
10422,Spider-Man: Web Of Shadows,Action,f,2008-10-28,3
11774,Thief: Deadly Shadows,Action,f,2005-05-25,3
11069,Tale Of A Hero,Adventure,f,2010-08-31,3
10832,Super Fruit Fall,Puzzle,t,2007-01-01,3
4082,Game Party Champions,Party,t,2012-11-18,3
1846,Code Of Princess,Action-Adventure,t,2012-10-09,3
8029,Ochaken No Heya Ds 2,Simulation,t,2007-01-18,3
5224,J-League Soccer: Prime Goal 2,Sports,t,1994-08-05,3
11684,The Sims: Life Stories,Simulation,f,2007-02-06,3
9398,Ruff Trigger: The Vanocore Conspiracy,Platform,t,2006-06-28,3
11125,Tecmo'S Deception,Role-Playing,t,1996-07-25,3
10946,Supreme Commander: Gold Edition,Strategy,f,2008-05-05,3
3994,Future Card Buddyfight Mezase! Buddy Champion!,Strategy,t,2017-03-16,3
4870,Homefront: The Revolution,Shooter,f,2016-05-17,3
5640,Katekyoo Hitman Reborn! Dream Hyper Battle! Wii,Fighting,t,2008-01-10,3
12547,Virtual Kasparov,Strategy,t,2002-03-31,3
2586,Dirt 2,Racing,f,2009-09-08,3
11338,The Elder Scrolls V: Skyrim,Role-Playing,f,2011-11-11,3
405,Angry Birds Trilogy,Puzzle,t,2012-09-25,3
173,Advance Wars,Strategy,t,2001-09-09,3
886,Battlefield: Bad Company 2,Shooter,f,2010-03-02,3
10196,Small Soldiers,Adventure,t,1998-09-30,3
4340,Grandia,Role-Playing,t,1997-12-18,3
10651,Storm: Frontline Nation,Strategy,f,2011-06-28,3
1779,Civilization Iv: Beyond The Sword,Strategy,f,2007-07-23,3
7423,Nanda'S Island,Puzzle,t,2011-03-28,3
9277,Robocop,Shooter,t,2003-07-24,3
6037,Lego Friends,Simulation,t,2014-04-08,3
2134,Cyberia,Adventure,t,1996-01-01,3
4887,Horrid Henry: Missions Of Mischief,Adventure,f,2010-08-31,3
2077,Crusader Kings: Complete Pack,Strategy,f,2010-07-09,3
6607,Medal Of Honor: Warfighter,Shooter,f,2012-10-23,3
13111,Yokai Watch 3: Sukiyaki,Role-Playing,t,2019-02-02,3
2263,Dark Parables: The Little Mermaid And The Purple Tide,Adventure,f,2016-03-16,3
12967,Wrc 2: Fia World Rally Championship,Racing,f,2011-10-14,3
1882,Comanche 4,Simulation,f,2001-11-12,3
12385,Universe At War: Earth Assault,Strategy,t,2008-03-25,3
12663,Warzone 2100,Strategy,t,1999-05-31,3
2534,Diabolik Lovers: More Blood,Visual Novel,t,2015-01-15,3
5031,Il-2 Sturmovik,Simulation,f,2001-11-18,3
9757,Sengoku Cyber: Fujimaru Jigokuhen,Strategy,t,1995-10-27,3
9657,Sd Gundam G Century,Strategy,t,1997-03-20,3
8976,Rally Cross,Racing,t,1997-01-31,3
3795,Flatout 4: Total Insanity,Racing,t,2017-05-05,3
2491,Destrega,Fighting,t,1999-01-31,3
5244,Jade Empire,Role-Playing,t,2005-04-12,3
41,18 Wheels Of Steel: American Long Haul,Racing,f,2007-12-03,3
2791,Doom 64,Shooter,t,1997-03-31,3
10857,Super Power League 2,Sports,t,1994-08-03,3
6651,Mega Man Legends 2,Adventure,t,2000-10-24,3
969,Beyond Oasis,Role-Playing,t,1994-12-08,3
4295,Gotha: Ismailia Seneki,Strategy,t,1995-01-27,3
12123,Toy Story 3: The Video Game,Action,f,2010-06-15,3
5330,Jewel Adventures,Puzzle,t,2013-09-05,3
11638,The Sims 2: Apartment Life,Simulation,f,2008-08-26,3
3330,Etrian Odyssey Ii: Heroes Of Lagaard,Role-Playing,t,2008-06-13,3
12254,Turning Point: Fall Of Liberty,Shooter,f,2008-02-26,3
3239,Elven Legacy Collection,Strategy,f,2010-07-09,3
1998,Crash Bandicoot N. Sane Trilogy,Platform,t,2017-06-30,3
5828,Kirby: Battle Royale,Fighting,t,2018-01-19,3
8937,Racing Lagoon - High Speed Driving Rpg,Racing,t,1999-06-10,3
7358,Mystery Case Files: Prime Suspects,Adventure,f,2006-05-02,3
8227,Pachi-Slot Kanzen Kouryaku 3: Universal Koushiki Gaido Volume 3,Misc,t,1998-08-06,3
1141,Blue'S Clues: Blue'S Big Musical,Misc,t,2001-08-24,3
6073,Leisure Suit Larry: Magna Cum Laude,Adventure,f,2004-10-05,3
6589,Medabots: Metabee / Rokusho,Role-Playing,t,2003-03-31,3
4324,Grand Theft Auto,Action,t,1998-06-30,3
12073,Total War: Shogun 2 - Fall Of The Samurai,Strategy,f,2012-03-23,3
554,Army Men: Rts,Strategy,t,2004-11-02,3
11463,The King Of Fighters '99,Fighting,t,2001-04-22,3
2594,Disciples Iii: Renaissance,Strategy,f,2010-07-13,3
1163,Bogey: Dead 6,Simulation,t,1996-08-06,3
5322,Jersey Devil,Platform,t,1998-05-31,3
8224,Pachi-Slot Aruze Oukoku 3,Misc,t,2000-07-19,3
206,Agatha Christie: Death On The Nile,Adventure,f,2008-10-07,3
5619,Karaoke Party,Misc,t,2003-09-01,3
5148,International Soccer,Sports,t,1982-01-01,3
12004,Tonic Trouble,Platform,t,1999-08-31,3
3068,Duke Nukem: Total Meltdown,Shooter,t,1997-09-30,3
5818,Kirarin * Revolution: Kira Kira Idol Audition,Simulation,t,2006-08-10,3
9627,School Wars,Visual Novel,t,2012-11-29,3
5513,Just Cause,Action,f,2006-09-27,3
12870,World Championship Poker 2: Featuring Howard Lederer,Misc,f,2005-11-08,3
10048,Silent Hunter Ii,Simulation,f,2001-11-05,3
1595,Castlevania: Symphony Of The Night,Platform,t,1997-10-02,3
10465,Spore Creepy & Cute Parts Pack,Strategy,f,2008-11-17,3
13247,Zero4 Champ Rr,Sports,t,1994-07-22,3
1011,Bionicle Heroes,Shooter,f,2006-11-14,3
7362,Mystery Legends: Beauty And The Beast,Adventure,f,2012-03-16,3
5973,Langrisser Iii,Strategy,t,1996-10-18,3
3046,Dt Carnage,Racing,t,2009-07-28,3
1772,City Life: World Edition,Simulation,f,2007-02-09,3
11564,The Misadventures Of Tron Bonne,Adventure,t,2000-04-30,3
1610,Cel Damage,Racing,t,2002-01-07,3
2787,Doom (2016),Shooter,f,2016-05-13,3
807,Bass Hunter 64,Sports,t,1999-06-30,3
516,Armagallant: Decks Of Destiny,Strategy,t,2017-04-04,3
12778,Winning Post 2,Sports,t,1995-03-18,3
5938,Kuroyukihime: Snow Black,Visual Novel,t,2014-04-24,3
3291,Escape The Emerald Star,Puzzle,f,2011-09-13,3
329,All Star Pro-Wrestling,Fighting,t,2000-06-08,3
7962,Nobunaga'S Ambition (2013),Strategy,t,2013-09-19,3
852,Battle Engine Aquila,Shooter,t,2003-01-20,3
3089,Dungeons & Dragons Anthology: The Master Collection,Misc,f,2011-11-15,3
4425,Guilty Gear Xx Slash,Fighting,t,2006-04-13,3
1220,Bottom Of The 9th,Sports,t,1996-04-04,3
3454,Fabled Legends: The Dark Piper,Action,f,2014-11-24,3
9350,Romance Of The Three Kingdoms Iv: Wall Of Fire,Strategy,t,1995-01-13,3
1668,Charlie Blasts Territory,Action,t,1999-04-30,3
7394,Namco Museum Arcade Pac,Misc,t,2018-09-28,3
11806,Tiger Woods Pga Tour 07,Sports,f,2006-10-10,3
2955,Dragon Slayer: The Legend Of Heroes,Role-Playing,t,1994-09-16,3
4363,Greg Hastings' Tournament Paintball Max'D,Shooter,t,2006-09-26,3
1116,Block Kuzushi,Puzzle,t,1995-11-17,3
483,Arcana Famiglia 2,Visual Novel,t,2013-11-14,3
10884,Super Robot Taisen Neo,Strategy,t,2009-10-29,3
741,Bahamut Lagoon,Role-Playing,t,1996-02-09,3
5776,King'S Field Ii,Role-Playing,t,1996-10-31,3
8666,Power Stone,Fighting,t,1999-08-31,3
521,Armored Core,Simulation,t,1997-10-31,3
13155,Yu-Gi-Oh! 5d'S Tag Force 6,Strategy,t,2011-09-22,3
11541,The Lord Of The Rings: Conquest,Action,f,2009-01-13,3
2479,Desire,Adventure,t,1997-09-11,3
9355,Romance Of The Three Kingdoms Viii,Strategy,t,2003-08-13,3
8899,Quest 64,Role-Playing,t,1998-06-11,3
10289,Sonic Adventure 2,Platform,t,2001-06-18,3
480,Arcade Party Pak,Misc,t,1999-09-30,3
9077,Realsports Volleyball,Sports,t,1982-01-01,3
12175,Treasure Seekers Trilogy,Misc,f,2011-11-04,3
3056,Duel Masters,Strategy,t,2004-11-02,3
12471,Vampire Saga: Welcome To Hell Lock,Adventure,f,2011-07-14,3
3704,Final Fantasy Collection,Role-Playing,t,1999-03-11,3
5893,Konpeki No Kantai,Strategy,t,1995-11-02,3
11882,Tobal 2,Fighting,t,1997-04-25,3
11665,The Sims 3: Pets,Simulation,f,2011-10-18,3
3688,Fighters Megamix,Fighting,t,1997-04-30,3
9550,Samurai Shodown Iii,Fighting,t,1995-12-01,3
11898,Tokimeki Memorial 2,Simulation,t,1999-11-25,3
1508,Capcom Puzzle World,Puzzle,t,2007-02-06,3
15,007 Legends,Shooter,f,2012-11-02,3
6003,Left 4 Dead 2,Shooter,f,2009-11-17,3
5304,Jasf: Jane'S Advanced Strike Fighters,Simulation,f,2011-10-18,3
3744,Final Fight One,Fighting,t,2001-09-26,3
13150,Ys: The Ark Of Napishtim,Role-Playing,t,2005-02-22,3
1754,Chuugen No Hasha: Sangoku Shouseiden,Strategy,t,2006-02-09,3
334,Alone In The Dark (2008),Adventure,f,2008-06-23,3
1566,Casper,Adventure,t,1996-09-17,3
8542,Po'Ed,Shooter,t,1997-11-17,3
392,Ancient Wars: Sparta,Strategy,f,2007-04-24,3
9992,Shorts,Platform,t,2009-08-18,3
4393,Gt-R 400,Racing,f,2006-11-17,3
9418,Rugby World Cup 2015,Sports,f,2015-09-04,3
12533,Virtua Fighter Kids,Fighting,t,1996-07-31,3
10403,Speed Racer,Racing,t,1998-02-28,3
8544,Pocket Fighter,Fighting,t,1998-01-01,3
7351,Myst,Adventure,t,1996-09-30,3
10705,Strike Witches: Shirogane No Tsubasa,Strategy,t,2010-07-29,3
5995,Le Mans 24 Hours,Racing,t,2001-08-13,3
11215,Test Drive: Ferrari Legends,Racing,t,2012-07-03,3
4261,Goemon'S Great Adventure,Platform,t,1999-09-15,3
9965,Ship Simulator Extremes,Simulation,f,2010-09-21,3
10728,Style Savvy: Styling Star,Simulation,t,2017-12-25,3
11311,The Cube,Puzzle,t,2012-11-09,3
4965,Hyper Fighters,Simulation,t,2011-06-14,3
7662,Ncaa Football 98,Sports,t,1997-07-31,3
1707,Chocobo'S Dungeon 2,Role-Playing,t,1999-11-30,3
3958,Frontline: Fields Of Thunder,Strategy,f,2007-04-09,3
2045,Crime Crackers,Role-Playing,t,1994-12-03,3
9231,Rise Of The Argonauts,Action,f,2008-12-16,3
12640,Warioware Gold,Misc,t,2018-08-03,3
5647,Katekyoo Hitman Reborn! Ds: Flame Rumble Hyper - Moeyo Mirai,Fighting,t,2008-07-24,3
13035,X-Men Vs. Street Fighter,Fighting,t,1997-11-27,3
9352,Romance Of The Three Kingdoms V,Strategy,t,2013-09-19,3
12759,Wildlife Park 3,Simulation,f,2011-04-08,3
10573,Star Wars: Jedi Starfighter,Simulation,t,2002-05-13,3
7655,Ncaa Football 2000,Sports,t,1999-06-30,3
11620,The Settlers History Collection,Simulation,f,2018-11-15,3
852,Battle Engine Aquila,Shooter,t,2003-01-19,3
8263,Panzer Dragoon Saga,Role-Playing,t,1998-04-30,3
7844,Nhl Faceoff 98,Sports,t,1997-09-30,3
7833,Nhl 98,Sports,t,1997-08-31,3
2258,Dark Half,Role-Playing,t,1996-05-31,3
1254,Bratz: Rock Angelz,Misc,f,2005-10-12,3
11716,The Thing,Adventure,f,2002-08-20,3
5773,King'S Bounty: Armored Princess,Strategy,f,2009-11-20,3
11449,The Invisible Hours,Adventure,t,2018-04-24,3
10631,Steins;Gate,Visual Novel,t,2011-06-23,3
11158,Tekken Tag Tournament 2,Fighting,t,2012-09-11,3
7430,Napoleon'S Campaigns,Strategy,f,2008-04-04,3
7557,Nba 2k13,Sports,f,2012-10-02,3
4214,Glory Of The Roman Empire,Strategy,f,2006-07-03,3
5154,International Superstar Soccer 64,Sports,t,1997-07-31,3
8048,Ogre Battle Series: Tactics Ogre,Role-Playing,t,1998-05-01,3
3024,Driver: San Francisco,Racing,f,2011-09-27,3
12472,Vampire Savior: The Lord Of Vampire,Fighting,t,1998-04-16,3
4174,Ghost Master,Strategy,f,2003-08-26,3
221,Age Of Empires: The Age Of Kings,Strategy,t,2006-02-14,3
5335,Jewel Link: Galactic Quest,Puzzle,t,2012-09-07,3
11550,The Lost Chronicles Of Zerzura,Adventure,f,2012-03-30,3
2344,Dead Reefs,Adventure,f,2007-07-03,3
5571,Kakyuusei,Strategy,t,1997-04-25,3
970,Beyond The Beyond,Role-Playing,t,1996-08-31,3
11693,The Smurfs,Adventure,t,1999-12-14,3
11985,Tomb Raider Chronicles,Action,t,2000-01-01,3
8486,Pinobee: Wings Of Adventure,Platform,t,2001-05-30,3
518,Armello,Strategy,t,2018-03-13,3
3252,Emperor: Rise Of The Middle Kingdom,Strategy,f,2002-09-09,3
4980,Hysteria Hospital: Emergency Ward,Action,f,2009-07-20,3
4421,Guilty Gear Xrd Rev 2,Fighting,t,2017-05-26,3
5936,Kuroko No Basuke: Miracles To Victory,Sports,t,2014-02-20,3
1635,Champions Online,Role-Playing,f,2009-09-01,3
9025,Rayman 2: The Great Escape,Platform,t,2000-09-15,3
1307,Brothers: A Tale Of Two Sons,Adventure,t,2015-08-12,3
1466,Call Of Duty: Black Ops,Shooter,f,2010-11-09,3
8268,Paradise,Adventure,f,2006-05-03,3
6900,Miracle Girls Festival,Music,t,2015-12-17,3
6205,Lost Grimoires: Stolen Kingdom,Adventure,f,2017-06-30,3
2962,Dragon Warrior Monsters 2: Tara'S Adventure,Role-Playing,t,2001-09-15,3
9899,Shin Megami Tensei: Digital Devil Saga,Role-Playing,t,2005-04-05,3
9456,S.C.A.R.S,Racing,t,1998-12-04,3
9553,Samurai Shodown: Warrios Rage,Fighting,t,2000-04-18,3
12851,Wonder Project J: Kikai No Shonen Pino,Simulation,t,1994-12-09,3
11720,The Tiny Bang Story,Adventure,f,2011-04-22,3
1962,Coronation Street: The Mystery Of The Missing Hotpot Recipe,Adventure,f,2011-07-22,3
10381,Space Station Silicon Valley,Adventure,t,1998-01-01,3
427,Anno 2070,Strategy,f,2011-11-17,3
4595,Happy Birthdays,Misc,t,2018-06-05,3
9058,Real Crimes: Jack The Ripper,Puzzle,f,2010-01-01,3
7802,Nfl Xtreme 2,Sports,t,1999-06-30,3
856,Battle Hunter,Strategy,t,2001-06-01,3
11824,Tigger'S Honey Hunt,Platform,t,2000-09-29,3
3955,Front Mission: Gun Hazard,Role-Playing,t,1996-02-23,3
1044,Blackguards 2,Strategy,t,2017-09-12,3
13183,Yu-Gi-Oh! The Dawn Of Destiny,Strategy,t,2004-03-23,3
4756,Heroes Of The Pacific,Simulation,f,2005-10-25,3
10715,Stronghold Crusader Extreme,Strategy,f,2008-06-02,3
10064,Simcity 2000,Simulation,t,1995-01-01,3
3738,Final Fantasy Xiv Online Complete Edition,Mmo,t,2017-06-20,3
1965,Corpse Party: Blood Covered - Repeated Fear,Adventure,t,2015-07-30,3
12462,Value Pack: Street Fighter Zero 3 Double Upper / Vampire Chronicle: The Chaos Tower,Fighting,t,2009-01-29,3
12951,Worldwide Soccer Manager 2009,Simulation,f,2008-11-18,3
13184,Yu-Gi-Oh! The Eternal Duelist Soul (Jp Sales),Misc,t,2001-07-05,3
12725,White Album 2: Shiawase No Mukougawa,Visual Novel,t,2012-12-20,3
4327,Grand Theft Auto Iv,Action,f,2008-12-02,3
9316,Rockman Exe 4.5 Real Operation,Role-Playing,t,2004-08-06,3
5155,International Superstar Soccer 64 (Weekly Jp Sales),Sports,t,1997-07-31,3
3995,Future Card Buddyfight: Tanjou! Oretachi No Saikyou Body!,Strategy,t,2018-03-15,3
12132,Trade & Battle: Card Hero,Strategy,t,2000-02-21,3
1198,Bomberman Tournament,Puzzle,t,2001-06-26,3
1473,Call Of Duty: Modern Warfare 2,Shooter,f,2009-11-10,3
11637,The Sims 2 Holiday Edition,Simulation,f,2005-11-15,3
1105,Blender Bros.,Platform,t,2002-04-15,3
6265,Lunar: Silver Star Story Complete,Role-Playing,t,1997-07-04,3
12372,Under Night In-Birth Exe:Latest,Fighting,t,2018-02-09,3
4221,Go Go Cosmo Cops!,Platform,t,2009-08-28,3
5841,Klonoa: Door To Phantomile,Platform,t,1998-06-01,3
12151,Transformers: Revenge Of The Fallen,Action,f,2009-06-23,3
4277,Golden Nugget 64,Misc,t,1998-12-08,3
11636,The Sims 2,Simulation,t,2005-12-07,3
6983,Mobile Suit Gundam: Perfect One Year War,Strategy,t,1997-07-31,3
3831,Football Manager 2011,Sports,f,2010-11-09,3
12878,World Class Rugby 2: Kokunai Gekitou Hen '93,Sports,t,1994-01-07,3
8146,Ostwind/Windstorm,Adventure,f,2017-07-27,3
1137,Bloody Roar Extreme,Fighting,t,2003-05-27,3
1979,Countdown Vampires,Adventure,t,2000-08-21,3
2968,Drakan: The Ancients' Gates,Adventure,t,2002-01-28,3
7416,Nancy Drew: Secret Of The Scarlet Hand,Adventure,f,2002-09-04,3
3628,Fifa 07 Soccer,Sports,f,2006-10-03,3
4075,Game No Kanzume Vol 1,Misc,t,1994-03-18,3
2838,Doukyuusei 2,Role-Playing,t,1997-07-11,3
755,Bakusou Kyoudai Let'S & Go!! Eternal Wings,Racing,t,1998-07-30,3
6655,Mega Man Soccer,Sports,t,1994-01-01,3
2136,D,Adventure,t,1996-01-01,3
4010,G1 Grand Prix,Simulation,t,2012-05-24,3
11458,The King Of Fighters '96,Fighting,t,1997-07-04,3
1764,Cities Xl 2011,Simulation,f,2010-10-14,3
3946,From Tv Animation One Piece: Grand Battle 2,Fighting,t,2002-03-20,3
6065,Lego Star Wars: The Video Game,Action,f,2005-04-02,3
9871,Shifting World,Puzzle,t,2012-04-25,3
12496,Victoria Ii,Strategy,f,2010-08-13,3
783,Barbie As The Island Princess,Adventure,f,2007-10-30,3
2517,Devil May Cry 3: Dante'S Awakening Special Edition,Action,f,2006-10-16,3
7353,Myst Iv: Revelation,Adventure,t,2005-03-29,3
6552,Maximum Force,Shooter,t,1997-09-30,3
9162,Resident Evil: Umbrella Corps,Shooter,t,2016-06-21,3
6333,Madden Nfl 98,Sports,t,1997-07-31,3
3061,Duke Nukem 64,Shooter,t,1997-10-31,3
11831,Time Crisis,Shooter,t,1997-10-31,3
10525,Star Soldier: Vanishing Earth,Shooter,t,1998-12-15,3
12060,Tork: Prehistoric Punk,Platform,t,2005-01-12,3
1390,Buzz Lightyear Of Star Command,Platform,t,2000-09-26,3
2160,Daikaijuu Battle: Ultra Coliseum Dx - Ultra Senshi Daishuuketsu,Fighting,t,2010-02-25,3
2478,Desert Strike Advance,Simulation,t,2002-05-08,3
12344,Ultimate Muscle - The Kinnikuman Legacy: The Path Of The Superhero,Fighting,t,2003-06-05,3
13127,Yoshiwara Higanbana Kuon No Chigiri,Visual Novel,t,2017-10-12,3
4172,Ghost In The Shell,Simulation,t,1997-10-31,3
2156,Daibakushou: Jinsei Gekijou,Misc,t,1995-12-25,3
7911,Nil Admirari No Tenbin: Teito Genwaku Toukidan,Adventure,t,2016-04-21,3
12902,World Of Zoo,Simulation,f,2009-10-26,3
3095,Dungeons & Dragons: Neverwinter Nights - Complete,Misc,f,2011-11-15,3
11663,The Sims 3: Late Night Expansion Pack,Simulation,f,2010-10-26,3
11408,The Horror Collection,Misc,f,2011-11-04,3
3331,Etrian Odyssey Nexus,Role-Playing,t,2019-02-05,3
11304,The Conveni: Ano Machi Wo Dokusen Seyo,Simulation,t,1997-03-28,3
3950,From Tv Animation One Piece: Yume No Lufy Kaizokudan Tanjou!,Role-Playing,t,2001-04-27,3
8047,Ogre Battle Saga Episode Five: The March Of The Black Queen,Role-Playing,t,1997-07-31,3
8934,Race On,Racing,f,2009-10-05,3
5578,Kamen Rider Battle: Ganbaride Card Battle Taisen,Strategy,t,2010-07-29,3
1474,Call Of Duty: Modern Warfare 3,Shooter,f,2011-11-08,3
8600,Pop'N Twinbee: Rainbow Bell Adventure,Platform,t,1994-01-01,3
11397,The Haunted: Hell'S Reach,Shooter,f,2011-10-20,3
1066,Blazblue: Calamity Trigger Portable,Fighting,t,2010-03-09,3
1097,Bleach: Heat The Soul 7,Fighting,t,2010-09-02,3
6906,Mischief Makers,Platform,t,1997-10-01,3
11360,The First Templar,Adventure,f,2011-05-10,3
10373,Space Invaders,Shooter,t,1997-11-01,3
6504,Marvel Vs. Capcom 2,Fighting,t,2000-06-29,3
10453,"Spongebob Squarepants: Lights, Camera, Pants!",Misc,f,2005-10-19,3
11474,The King Of Fighters Neowave,Fighting,t,2006-04-18,3
1290,Broken Sword Ii: The Smoking Mirror,Adventure,t,1999-11-14,3
1512,Capcom Vs. Snk 2: Millionaire Fighting 2001,Fighting,t,2001-09-13,3
8460,Picross 2,Puzzle,t,1996-10-19,3
7700,Need For Speed: Prostreet,Racing,f,2007-11-13,3
10713,Stronghold Crusader,Strategy,f,2002-09-25,3
4413,Guilty Gear Dust Strikers,Fighting,t,2006-04-25,3
12319,Ufo: Afterlight,Strategy,f,2007-05-01,3
9707,Secrets Of The Titanic,Puzzle,t,2012-04-13,3
5128,Injustice: Gods Among Us,Fighting,t,2013-04-16,3
8279,Pariah,Action,f,2005-05-03,3
2634,Disney'S Donald Duck: Goin' Quackers,Platform,t,2002-03-25,3
11222,Tetris Effect,Puzzle,t,2018-11-09,3
8960,Railroad Tycoon Ii,Strategy,t,2000-01-31,3
9116,Reine Des Fleurs,Visual Novel,t,2015-08-20,3
12552,Virtual Soccer,Sports,t,1994-01-01,3
4101,Gardening Mama 2: Forest Friends,Simulation,t,2014-04-29,3
5037,Il-2 Sturmovik: Forgotten Battles,Simulation,f,2003-03-02,3
13153,Yu-Gi-Oh! 5d'S Tag Force 4,Strategy,t,2009-11-17,3
10348,Sound Novel Evolution 1: Otogirisou Sosei-Hen,Adventure,t,1999-03-25,3
11056,Taito Legends,Misc,f,2005-11-10,3
2751,Dokapon: Monster Hunter,Role-Playing,t,2001-10-30,3
10843,Super Momotarou Dentetsu Iii,Simulation,t,1994-12-09,3
12314,Ufc Undisputed 2010,Fighting,t,2010-09-07,3
6208,Lost Horizon,Adventure,f,2010-08-20,3
9342,Rollercoaster Tycoon 8 Pack,Simulation,f,2015-05-14,3
6160,Live A Live,Role-Playing,t,1994-09-02,3
6226,Love Live! School Idol Paradise,Music,t,2014-08-28,3
9138,Reservoir Dogs,Action,f,2006-10-24,3
2562,Digimon World,Role-Playing,t,2000-05-23,3
8249,Painkiller: Hell & Damnation,Shooter,f,2012-10-31,3
11799,Thunderstrike 2,Simulation,t,1995-01-01,3
6495,Marvel Nemesis: Rise Of The Imperfects,Fighting,t,2005-10-11,3
6464,Mario & Luigi: Bowser'S Inside Story + Bowser Jr.'S Journey,Role-Playing,t,2019-01-11,3
6519,Mass Destruction,Shooter,t,1997-09-30,3
1681,Chessmaster 10th Edition,Strategy,f,2004-08-20,3
12652,Warriors Orochi,Action,f,2008-03-25,3
3343,Europa Universalis: Rome,Strategy,f,2008-04-15,3
12624,"Warhammer 40,000: Fire Warrior",Shooter,f,2003-11-17,3
10903,Super Robot Wars Og Saga: Masou Kishin - The Lord Of Elemental,Strategy,t,2010-05-27,3
6169,Lock On: Modern Air Combat,Simulation,f,2003-11-24,3
126,A Lli S.V.: A Ressha De Gyoukou 3 Super Version,Simulation,t,1995-09-29,3
8963,Railworks 2: Train Simulator,Simulation,f,2010-10-18,3
11674,The Sims 4: Get Famous,Simulation,f,2018-11-16,3
10382,Space Venus Starring Morning Musume,Misc,t,2001-01-11,3
8198,Overwatch,Shooter,f,2016-05-24,3
3741,Final Fantasy Xiv: Stormblood,Mmo,t,2017-06-20,3
13263,Ziggurat,Shooter,t,2016-06-21,3
3202,Ehrgeiz,Fighting,t,1999-05-04,3
10978,Sword & Sorcery,Role-Playing,t,1996-05-31,3
4226,Go Vacation,Misc,t,2018-07-27,3
10561,Star Wars The Clone Wars: Republic Heroes,Action,f,2009-10-06,3
8715,Princess Isabella: A Witch'S Curse,Adventure,f,2009-08-24,3
9731,Sega Rally Revo,Racing,f,2007-11-19,3
3624,Field Commander,Strategy,t,2006-05-23,3
12173,Treasure Hunter G,Role-Playing,t,1996-05-24,3
8926,R4: Ridge Racer Type 4,Racing,t,1999-05-04,3
5594,Kamigami No Asobi Infinite,Adventure,t,2016-04-21,3
8705,Prince Of Stride,Visual Novel,t,2015-07-30,3
9515,Sakura Wars,Adventure,t,1996-09-27,3
11071,Tales Of Destiny Ii,Role-Playing,t,2001-09-10,3
4707,Hearts Of Iron Iii,Strategy,f,2009-08-11,3
3693,Fighting Force 64,Action,t,1999-04-30,3
406,Angry Birds: Rio,Puzzle,f,2011-11-25,3
13070,Xiii,Shooter,f,2003-11-18,3
6723,Men In Black: The Series,Shooter,t,2001-09-01,3
2190,Dance Dance Revolution 2nd Remix,Simulation,t,1999-08-26,3
553,Army Men: Rts,Strategy,t,2002-03-27,3
8655,Power Rangers Zeo Full Tilt Battle Pinball,Misc,t,1996-09-30,3
10758,Sumikko Gurashi Atsumare Sumikko Town,Misc,t,2018-10-04,3
134,A.C.E.: Another Century'S Episode,Simulation,t,2005-01-27,3
1930,Conflict: Vietnam,Shooter,f,2004-10-05,3
46,18 Wheels Of Steel: Triple Pack,Racing,f,2011-01-28,3
4779,Hidden Mysteries: Vampire Secrets,Adventure,f,2010-08-20,3
5544,Jyuzaengi Engetsu Sangokuden 2,Visual Novel,t,2014-04-17,3
8929,Rabbids Land,Party,t,2012-11-18,3
1200,Bomberman: Act Zero,Puzzle,t,2006-08-29,3
3477,Fallout 3 Game Add-On Pack: Broken Steel And Point Lookout,Role-Playing,f,2009-08-25,3
43,18 Wheels Of Steel: Extreme Trucker,Racing,f,2009-10-02,3
2228,Dancing Blade Ii: Tears Of Eden,Adventure,t,1999-03-18,3
11955,Tom Clancy'S Ghost Recon: Island Thunder,Shooter,t,2003-08-06,3
13038,X-Men: Mutant Academy 2,Fighting,t,2001-09-17,3
5612,Kanzen Chuuki Pro Yakyuu Greatest Nine,Sports,t,1995-05-26,3
11987,Tomb Raider Iii: Adventures Of Lara Croft,Adventure,t,1998-11-21,3
9183,Revolution: 25th Anniversary Collection,Adventure,f,2016-03-18,3
2335,Dead Or Alive 5,Fighting,t,2012-09-25,3
11462,The King Of Fighters '98: Dream Match Never Ends,Fighting,t,1999-03-25,3
10353,South Park,Shooter,t,1998-12-12,3
8887,Quake,Shooter,t,1998-03-24,3
530,Armored Core: Formula Front Extreme Battle,Simulation,t,2005-12-15,3
7680,Necrovision: Lost Company,Shooter,f,2010-02-19,3
5346,Jewel Quest 6: The Sapphire Dragon,Adventure,f,2012-03-23,3
9159,Resident Evil: Survivor,Shooter,t,2000-08-30,3
9075,Realsports Football,Sports,t,1982-01-01,3
11529,The Legend Of Zelda: Oracle Of Ages,Adventure,t,2001-05-13,3
12656,Warriors Orochi 3,Action,t,2012-07-19,3
5246,Jade Rousseau,Adventure,f,2011-05-11,3
657,Atlantic Quest,Puzzle,f,2011-11-25,3
2835,Doukoku Shoshite...,Adventure,t,1998-02-26,3
1893,Command & Conquer,Strategy,t,1997-02-28,3
5654,Katekyoo Hitman Reborn! Kizuna No Tag Battle,Fighting,t,2010-02-25,3
7966,Nobunaga'S Ambition: Sphere Of Influence,Strategy,t,2015-09-01,3
2578,Dino Master: Dig Discover Duel,Strategy,t,2006-05-25,3
8041,Off-Road Drive,Racing,f,2011-09-29,3
1485,Call Of Juarez,Shooter,f,2007-06-12,3
4168,Gex 3: Deep Cover Gecko,Platform,t,1999-08-31,3
10515,Star Fox Command,Shooter,t,2006-08-28,3
3072,Dune 2000,Strategy,t,2000-02-11,3
11977,Tom Clancy'S Splinter Cell: Chaos Theory,Action,f,2005-03-28,3
12608,War Gods,Fighting,t,1997-05-21,3
6652,Mega Man Maverick Hunter X,Platform,t,2006-01-31,3
2161,Daikaijyuu Monogatari,Role-Playing,t,1994-12-22,3
1476,Call Of Duty: Modern Warfare Remastered,Shooter,t,2017-06-27,3
9811,Shadow Man,Action,t,1999-08-24,3
11676,The Sims 4: Luxury Party Stuff,Simulation,f,2015-05-19,3
12227,True Pinball,Misc,t,1996-09-01,3
2290,Darkstar One,Simulation,f,2006-08-14,3
6015,Legend Of Legaia,Role-Playing,t,1999-03-17,3
12139,Trainz Simulator 12,Simulation,f,2011-03-17,3
1892,Command & Conquer,Strategy,t,1999-05-31,3
11682,The Sims: Hot Date,Simulation,f,2001-11-21,3
10697,Strider (2014),Platform,t,2014-02-19,3
1682,Chessmaster Ii,Strategy,t,1999-05-31,3
6501,Marvel Super Heroes Vs. Street Fighter,Fighting,t,1999-02-23,3
11241,That'S So Raven 2: Supernatural Style,Adventure,t,2005-08-21,3
3681,Fight Night Round 3,Fighting,t,2006-02-23,3
10878,Super Robot Taisen Impact,Strategy,t,2002-03-28,3
1273,Breath Of Fire Iii,Role-Playing,t,1998-04-30,3
2711,Dissidia Final Fantasy Nt,Fighting,t,2018-01-30,3
9813,Shadow Master,Adventure,t,1997-12-31,3
12589,Walt Disney'S The Jungle Book: Rhythm N'Groove,Misc,t,2003-02-04,3
11886,Toca Race Driver 2: Ultimate Racing Simulator,Racing,t,2004-04-13,3
13231,Zen-Nippon Pro Wrestling: Ouja No Kon,Fighting,t,1999-04-08,3
9513,"Sakura Taisen 2 - Kimi, Shinitamou Koto Nakare",Adventure,t,1998-04-04,3
299,Alien Trilogy,Shooter,t,1997-09-01,3
4929,Hotel Giant 2,Strategy,f,2010-01-27,3
428,Anno 2205,Strategy,f,2015-11-03,3
6029,Lego Batman: The Videogame,Adventure,f,2008-09-23,3
4744,Herc'S Adventures,Adventure,t,1997-07-31,3
10151,Ski Region Simulator 2012,Simulation,f,2011-11-25,3
2549,Digimon Adventure,Role-Playing,t,2013-01-17,3
4240,God Eater 3,Role-Playing,t,2019-02-08,3
3271,Enigmatis 3: The Shadow Of Karkhala,Adventure,f,2017-06-30,3
10625,Steel Battalion: Line Of Contact,Simulation,t,2004-02-27,3
895,Battlestations: Pacific,Strategy,f,2009-05-12,3
8308,Paws & Claws: Pampered Pets 2,Simulation,t,2011-05-24,3
5270,James Bond 007: Blood Stone,Action,f,2010-11-02,3
11687,The Sims: Medieval,Simulation,f,2011-03-22,3
2098,Csi: Miami,Adventure,f,2004-11-16,3
2097,Csi: Hard Evidence,Adventure,f,2007-09-25,3
5084,Imperial Glory,Strategy,f,2005-05-17,3
7851,Nhl Powerplay 98,Sports,t,1997-08-31,3
2846,Downtown Secrets,Adventure,f,2012-03-16,3
4073,Game De Hakken!! Tamagotchi 2,Simulation,t,1997-10-17,3
4968,Hyperdimension Idol Neptunia Pp,Simulation,t,2014-06-03,3
12961,Worms: A Space Oddity,Strategy,t,2008-03-18,3
8232,Pachinko Wars Ii,Misc,t,1993-12-17,3
6487,Marker Man Adventures,Platform,t,2009-08-18,3
13029,X-Com: Ufo Defense,Strategy,t,1995-10-25,3
10288,Sonic Adventure,Platform,t,1999-09-09,3
10540,Star Wars Battlefront Ii (2017),Shooter,f,2017-11-17,3
442,Aokana: Four Rhythm Across The Blue,Visual Novel,t,2016-02-25,3
6986,Mobile Suit Z-Gundam,Action,t,1997-12-11,3
13285,Zone Of The Enders: The Fist Of Mars,Role-Playing,t,2002-03-03,3
2987,Dream C Club: Gogo.,Simulation,t,2014-04-10,3
6259,"Lunar 2: Eternal Blue(Sales, But Wrong System)",Role-Playing,t,1994-12-22,3
11904,Tokimeki Memorial: Forever With You,Simulation,t,1995-10-13,3
10008,Shrek Super Party,Misc,t,2003-05-30,3
9826,Shadowrun (2007),Shooter,f,2007-05-29,3
4076,Game No Kanzume Vol 2,Misc,t,1994-03-18,3
12747,Wild Arms 2,Role-Playing,t,2000-04-30,3
29,1001 Crosswords,Puzzle,t,2012-11-02,3
11460,The King Of Fighters '97,Fighting,t,1998-05-28,3
12446,Va-11 Hall-A,Visual Novel,t,2017-11-14,3
816,Bastard!! Utsuro Naru Kamigami No Utsuwa,Role-Playing,t,1996-12-28,3
254,Airline Tycoon 2,Simulation,f,2011-10-11,3
10636,Steins;Gate: Darling Of Loving Vows,Visual Novel,t,2011-06-16,3
9706,Secret Weapons Over Normandy,Simulation,f,2003-11-18,3
3207,Einhänder,Shooter,t,1998-05-05,3
12815,Wipeout 3 The Game,Party,t,2012-11-18,3
7133,"Moshi, Kono Sekai Ni Kami-Sama Ga Iru To Suru Naraba.",Visual Novel,t,2016-02-25,3
8422,Phantasy Star Online Ver. 2,Role-Playing,t,2001-09-24,3
1924,Conflict Zone,Strategy,t,2002-10-19,3
2402,Deep Fear,Adventure,t,1998-11-01,3
11577,The Next Big Thing,Adventure,f,2011-04-21,3
5699,Kenyuu Densetsu Yaiba,Role-Playing,t,1994-03-25,3
10939,Superstars V8 Next Challenge,Racing,f,2011-01-25,3
3948,From Tv Animation One Piece: Tobidase Kaizokudan!,Role-Playing,t,2001-08-02,3
3632,Fifa 16,Sports,f,2015-09-22,3
10990,Syberia,Adventure,f,2002-09-01,3
3339,Euro Truck Simulator 2: Scandinavia,Simulation,f,2015-05-08,3
7539,Naval War: Arctic Circle,Strategy,f,2012-04-10,3
11530,The Legend Of Zelda: Oracle Of Seasons,Adventure,t,2001-05-13,3
6665,Mega Man X2,Platform,t,1994-01-01,3
12214,Tropico 3: Gold Edition,Strategy,f,2010-10-01,3
10849,Super Monkey Ball Jr.,Puzzle,t,2002-11-19,3
1135,Bloody Roar 3,Fighting,t,2001-06-25,3
1642,Championship Manager 2007,Sports,f,2006-10-13,3
12352,Ultra Street Fighter Ii: The Final Challengers,Fighting,t,2017-05-26,3
11129,Teddy Together,Simulation,t,2016-07-01,3
5093,In The Hunt,Shooter,t,1996-03-01,3
396,Angel Blade: Neo Tokyo Guardians,Role-Playing,t,1997-07-03,3
1487,Call Of Juarez: The Cartel,Shooter,f,2011-09-13,3
13035,X-Men Vs. Street Fighter,Fighting,t,1998-01-01,3
8513,Pitfall: The Mayan Adventure,Platform,t,2001-06-10,3
9103,Red Orchestra 2: Heroes Of Stalingrad,Shooter,f,2011-09-13,3
3959,Frontlines: Fuel Of War,Shooter,f,2008-02-25,3
7837,Nhl Breakaway 98,Sports,t,1997-09-30,3
8186,Overblood 2,Action,t,2001-04-13,3
8762,Pro Pinball,Misc,t,1996-09-30,3
11727,The Treasures Of Mystery Island 3 Pack - Save Mystery Island!,Puzzle,f,2011-09-13,3
2419,Defender Of The Crown,Strategy,f,2002-09-26,3
11491,The Last Guardian,Action-Adventure,t,2016-12-06,3
4085,Gameboy Gallery,Misc,t,1995-04-27,3
2320,Ddrmax2: Dance Dance Revolution,Simulation,t,2003-09-23,3
3506,Famicom Remix Best Choice,Misc,t,2015-08-27,3
5038,Illusion Of Gaia,Role-Playing,t,1994-09-01,3
8763,Pro Pinball: Big Race Usa,Misc,t,2000-07-26,3
2903,Dragon Ball Z: Shin Butouden,Fighting,t,1995-11-17,3
10874,Super Robot Taisen D,Strategy,t,2003-08-08,3
12950,Worldwide Soccer Manager 2007,Sports,f,2006-10-01,3
6547,Max: The Curse Of Brotherhood,Action-Adventure,t,2018-04-24,3
9784,Sentimental Graffiti,Adventure,t,1998-01-22,3
9910,Shin Sangoku Musou 4 Special,Action,t,2005-12-22,3
1356,Burning Rangers,Platform,t,1998-05-31,3
6636,Mega Man Battle Network,Role-Playing,t,2001-10-30,3
11547,The Lord Of The Rings: War In The North,Role-Playing,f,2011-11-01,3
4359,Greed: Forbidden Experiments,Adventure,f,2017-06-30,3
9535,Samantha Swift And The Hidden Roses Of Athena,Adventure,f,2008-10-08,3
7400,Namco Museum Vol.2,Misc,t,1996-09-30,3
7538,Naval Ops: Warship Gunner,Simulation,t,2003-06-25,3
1205,Bookworm,Puzzle,t,2004-06-30,3
1513,Capcom Vs. Snk: Millennium Fight 2000 Pro,Fighting,t,2001-06-14,3
8122,Order Of War,Strategy,f,2009-09-22,3
9073,Realsports Baseball,Sports,t,1982-01-01,3
3834,Football Manager 2019,Simulation,f,2018-11-02,3
10999,Syndicate Wars,Strategy,t,1997-07-31,3
1877,Colony Wars,Simulation,t,1997-11-04,3
7892,Nightfall Mysteries: Curse Of The Opera,Puzzle,f,2010-11-12,3
1079,Blazing Angels: Squadrons Of Wwii,Simulation,f,2006-03-28,3
3917,Freelancer,Simulation,f,2003-03-03,3
3796,Flatout 4: Total Insanity,Racing,t,2017-05-05,3
7719,Neo Atlas 1469,Simulation,t,2018-04-19,3
4646,Harvest Moon: A Wonderful Life,Role-Playing,t,2004-03-16,3
8092,Oni,Action,t,2001-01-29,3
3431,F1 2011,Racing,f,2011-09-19,3
1349,Bully: Scholarship Edition,Action,f,2008-10-21,3
5034,Il-2 Sturmovik: Battle Of Stalingrad,Action,f,2014-11-25,3
5669,Keiba Eight Special,Sports,t,1993-12-10,3
12965,Wow! 6 Games Simulations Collection,Simulation,f,2015-05-01,3
10697,Strider (2014),Platform,t,2014-02-18,3
4545,Halo 2,Shooter,f,2007-05-31,3
3569,Farming Simulator 19,Simulation,f,2018-11-20,3
872,Battle Stations,Strategy,t,1997-03-31,3
11299,The Club,Shooter,f,2008-02-19,3
8755,Pro Evolution Soccer 2016,Sports,f,2015-09-15,3
891,Battleship / Connect Four / Sorry! / Trouble,Puzzle,t,2006-08-17,3
1154,Board Game: Top Shop,Misc,t,1999-07-21,3
3174,Earthworm Jim,Platform,t,2001-06-10,3
1484,Call Of Duty: Wwii,Shooter,f,2017-11-03,3
6184,Looney Tunes Duck Dodgers Starring: Daffy Duck,Platform,t,2000-09-16,3
10248,So Blonde,Adventure,f,2008-10-10,3
10305,Sonic Riders,Racing,f,2006-11-17,3
11717,The Three Kingdoms Love Story ~ The Art Of Otome!,Visual Novel,t,2011-06-16,3
5940,Kurukuru Kururin,Puzzle,t,2001-06-22,3
4615,Harry Potter And The Half-Blood Prince,Action,f,2009-06-30,3
2442,Dennou Senki Virtual-On Force,Fighting,t,2010-12-22,3
8454,Photo Phantasy,Puzzle,t,2011-02-01,3
44,18 Wheels Of Steel: Extreme Trucker 2,Racing,f,2011-01-06,3
2904,Dragon Ball Z: Supersonic Warriors,Fighting,t,2004-06-22,3
11996,Tomba!,Platform,t,1998-06-30,3
9415,Rugby Union Team Manager 2015,Action,f,2014-12-03,3
8440,Philosoma,Shooter,t,1996-02-26,3
7118,Mortal Kombat Mythologies: Sub-Zero,Platform,t,1997-10-01,3
1213,Borderlands,Shooter,f,2009-10-20,3
7064,Monster Jam,Racing,f,2007-11-13,3
8691,Pride Of Nations,Strategy,f,2011-06-07,3
3243,Emergency 2016,Simulation,f,2015-10-16,3
9198,Rick & Morty Virtual Rick-Ality,Simulation,t,2018-04-24,3
1780,Civilization Iv: The Complete Edition,Strategy,f,2009-05-12,3
6588,Medabots: Infinity,Role-Playing,t,2003-12-14,3
3695,Fighting Vipers 2,Fighting,t,2001-01-01,3
11745,The Weakest Link,Misc,t,2001-09-24,3
13023,Wwf War Zone,Fighting,t,1998-08-11,3
4125,Geist,Adventure,t,2005-08-15,3
6975,Mobile Suit Gundam: Giren No Yabou- Zeon No Keifu,Strategy,t,2000-02-10,3
9581,San Francisco Rush: Extreme Racing,Racing,t,1998-02-28,3
1316,Bubble Bobble Also Featuring Rainbow Islands,Puzzle,t,1996-09-06,3
7391,Namco Museum,Misc,t,2001-06-10,2
9242,Rival Schools: United By Fate,Fighting,t,1998-09-30,2
12451,Valhalla Hills: Definitive Edition,Strategy,t,2017-04-25,2
2309,Dawn Of Discovery,Simulation,f,2009-06-25,2
10055,Silhouette Mirage,Platform,t,1999-12-31,2
325,All Points Bulletin,Action,f,2010-06-29,2
11790,Threads Of Fate,Role-Playing,t,2000-07-14,2
2450,Densha De Go! 64,Simulation,t,1999-07-30,2
1720,Choro Q2,Racing,t,1997-02-21,2
8810,Project: Snowblind,Action,f,2005-03-17,2
9962,Ship Simulator 2006,Simulation,f,2006-08-21,2
5943,Kurushi Final: Mental Blocks,Puzzle,t,1999-08-01,2
5704,Kessen Ii,Strategy,t,2001-09-26,2
7086,Monster Truck Madness 64,Racing,t,1999-06-30,2
6522,Mass Effect 2,Role-Playing,f,2010-01-26,2
7982,Nobunaga No Yabou: Tenshoki,Strategy,t,1995-09-29,2
11703,The Suffering,Action,f,2004-06-08,2
1777,Civilization Beyond Earth: Rising Tide,Strategy,f,2015-10-09,2
13300,Zoo Tycoon: Complete Collection,Strategy,f,2003-08-11,2
3082,Dungeon Siege: Legends Of Aranna,Role-Playing,f,2003-11-11,2
5765,Kinect Rush: A Disney Pixar Adventure,Platform,t,2012-03-20,2
7146,Moto Racer Ds,Racing,t,2010-07-03,2
12746,Wild Arms,Role-Playing,t,1997-04-30,2
133,A. Iv Evolution: A Ressha De Ikou 4,Strategy,t,1994-12-03,2
6787,Metro 2033,Shooter,f,2010-03-16,2
6568,Mdk2,Shooter,f,2000-05-31,2
11979,Tom Clancy'S Splinter Cell: Double Agent,Action,f,2006-11-07,2
2605,Discworld Ii: Mortality Bytes!,Adventure,t,1997-09-24,2
5140,Interactive Sampler Disc 6,Misc,t,1998-01-01,2
1627,Challenge Me: Word Puzzles,Puzzle,t,2011-05-03,2
5826,Kirby'S Star Stacker,Puzzle,t,1997-01-24,2
8751,Pro Evolution Soccer 2012,Sports,t,2012-06-01,2
10062,Simcity 2000,Simulation,t,1996-11-01,2
1142,Blue Breaker: Ken Yorimo Hohoemi O,Role-Playing,t,1996-09-27,2
3756,Fire Emblem: The Sacred Stones,Strategy,t,2005-05-23,2
980,Big Buck Hunter Arcade,Shooter,t,2017-01-17,2
8936,Racing Gears Advance,Racing,t,2005-02-08,2
3714,Final Fantasy Legend Iii,Role-Playing,t,1993-09-29,2
13045,X2: The Threat,Simulation,f,2003-12-02,2
2474,Descent Maximum,Shooter,t,1997-04-30,2
13196,Yu Yu Hakusho: Tournament Tactics,Strategy,t,2004-11-18,2
8807,Project Versus J,Misc,t,2015-06-30,2
10049,Silent Hunter Iii,Simulation,f,2005-03-18,2
1655,Chaos Legion,Action,f,2003-12-18,2
2351,Dead Space 2,Shooter,f,2011-01-25,2
5185,Iron Soldier 3,Simulation,t,2000-06-20,2
2376,Death End Re;Quest,Role-Playing,t,2019-12-01,2
4337,Grand Theft Auto: Vice City,Action,f,2003-05-12,2
1767,Cities: Skylines Snowfall,Simulation,f,2016-02-18,2
2994,Dream Pinball 3d,Misc,f,2008-02-12,2
9205,Ridge Racer,Racing,t,1995-09-09,2
6841,Might & Magic Heroes Vi,Role-Playing,f,2011-10-13,2
6344,Mage Knight: Destiny'S Soldier,Strategy,t,2006-09-26,2
1820,Clock Tower Ii: The Struggle Within,Adventure,t,1999-10-31,2
9459,S.T.A.L.K.E.R.: Clear Sky,Shooter,f,2008-09-15,2
3384,Exhibition Volume 03,Misc,t,2003-07-17,2
8559,Pokémon Card Gb2: Grdan Sanjou,Strategy,t,2001-03-28,2
1456,Call Of Atlantis,Puzzle,t,2020-12-31,2
11860,Titanfall 2,Shooter,f,2016-10-28,2
6978,Mobile Suit Gundam: Journey To Jaburo,Simulation,t,2001-08-06,2
10093,Simpsons Wrestling,Fighting,t,2001-04-12,2
45,18 Wheels Of Steel: Haulin',Racing,f,2006-12-08,2
9764,Sengoku Hime 4: Souha Hyakkei Hanamamoru Chikai,Adventure,t,2014-06-19,2
2587,Dirt 3,Racing,f,2011-05-24,2
11050,Tail Of The Sun,Role-Playing,t,1997-04-30,2
1368,Bus Driver,Simulation,f,2008-05-30,2
9949,Shinseiki Evangelion- Eva: Yukai Na Nakama Tachi,Misc,t,1998-07-23,2
9853,Shellshock 2: Blood Trails,Shooter,f,2009-02-24,2
3798,Flatout: Ultimate Carnage,Racing,f,2008-09-02,2
5782,King Arthur Collection,Strategy,f,2011-05-24,2
8434,Pharaoh,Strategy,f,1999-10-31,2
1447,Cake Mania 3,Simulation,f,2008-09-01,2
445,Apb Reloaded,Role-Playing,f,2011-12-01,2
819,Batman & Robin,Action,t,1998-07-31,2
10020,Shutsugeki! Otometachi No Senjou 2: Ikusabana No Kizuna,Strategy,t,2011-06-30,2
5281,Jampack Summer 2001,Misc,t,2001-07-11,2
10806,Super Bomberman 4,Puzzle,t,1996-04-26,2
2683,Disney Infinity 2.0: Marvel Super Heroes,Action-Adventure,t,2015-05-09,2
8509,Pitfall 3d: Beyond The Jungle,Platform,t,1998-02-28,2
8300,Patrician Iv: Gold Edition,Misc,f,2011-08-30,2
8583,Policenauts,Adventure,t,1995-09-29,2
6621,Medievil,Adventure,t,1998-10-01,2
1068,Blazblue: Chrono Phantasma,Fighting,t,2014-06-24,2
7113,Mortal Kombat Advance,Fighting,t,2001-12-12,2
8182,Over G Fighters,Simulation,t,2006-06-27,2
1679,Chess,Strategy,t,2001-12-04,2
3140,Dynasty Warriors: Godseekers,Strategy,t,2017-01-31,2
10537,Star Wars Battlefront,Shooter,f,2004-09-20,2
1266,Breach,Shooter,f,2011-01-26,2
11643,The Sims 2: Family Fun Stuff,Simulation,f,2006-04-11,2
9663,Sd Gundam G Generation Genesis,Strategy,t,2018-04-26,2
12221,Truckin' Collection,Simulation,f,2014-09-26,2
13303,Zoocube,Puzzle,t,2002-05-05,2
13192,Yu-Gi-Oh! World Championship Tournament 2004,Misc,t,2004-02-10,2
8378,Petz Fantasy 3d,Simulation,t,2011-06-21,2
1285,Brink,Shooter,f,2011-05-10,2
7180,Motto! Sonicomi,Simulation,t,2014-03-20,2
8247,Painkiller,Shooter,f,2004-04-12,2
11692,The Sly Collection,Platform,t,2010-11-09,2
6819,Middle-Earth: Shadow Of Mordor,Action,f,2014-09-30,2
12178,Trevor Chan'S Capitalism 2,Strategy,f,2002-12-16,2
8112,Operation Flashpoint: Dragon Rising,Shooter,f,2009-10-06,2
1450,Cake Mania: Main Street,Simulation,t,2011-05-17,2
7505,Nascar 98,Racing,t,1997-01-01,2
8822,Psycho-Pass: Mandatory Happiness,Visual Novel,t,2016-09-13,2
4760,Heroes Vs,Fighting,t,2013-02-07,2
6054,Lego Ninjago: Shadow Of Ronin,Action-Adventure,t,2015-03-24,2
1534,Carnage Heart,Strategy,t,1997-01-31,2
3377,Ex Monopoly,Misc,t,2001-07-13,2
10358,Soviet Strike,Simulation,t,1996-10-31,2
9851,Sheep,Strategy,t,2000-11-06,2
4617,Harry Potter And The Prisoner Of Azkaban,Adventure,t,2004-05-25,2
4169,Gex 3: Deep Cover Gecko,Platform,t,1999-03-01,2
4049,Galaxy Racers,Racing,t,2010-07-27,2
9458,S.T.A.L.K.E.R.: Call Of Pripyat,Shooter,f,2010-02-02,2
7928,Ninki Seiyuu No Tsukurikata,Adventure,t,2018-01-25,2
7102,Moon Patrol,Shooter,t,1983-01-01,2
6401,Majin Tensei,Role-Playing,t,1994-01-28,2
11642,The Sims 2: Celebration Stuff,Simulation,f,2007-04-03,2
2826,Doraemon: Shin Nobita No Nihon Tanjou,Misc,t,2016-03-03,2
9632,Scooby-Doo And The Cyber Chase,Adventure,t,2001-12-31,2
2149,Dai-2-Ji Super Robot Taisen Og,Strategy,t,2012-11-29,2
8033,Oddworld: Abe'S Exoddus,Platform,t,1998-11-17,2
10799,Super Baseball,Sports,t,1988-01-01,2
1167,Boku No Natsuyasumi,Adventure,t,2000-06-22,2
1904,Command & Conquer: Red Alert 3,Strategy,f,2008-10-28,2
7592,Nba Jam Tournament Edition,Sports,t,1995-05-30,2
12976,Wreckin Crew,Racing,t,1998-01-18,2
11970,Tom Clancy'S Rainbow Six: Siege,Shooter,f,2015-12-01,2
4594,Happinesscharge Precure! Kawarun Collection,Misc,t,2014-07-31,2
3591,Fatal Frame: Maiden Of Black Water,Misc,t,2015-10-22,2
6523,Mass Effect 3,Role-Playing,f,2012-03-06,2
5779,King'S Quest Collection,Adventure,f,2006-09-15,2
6542,Max & The Magic Marker,Platform,t,2011-07-30,2
8704,Prince Of Persia: Warrior Within,Adventure,f,2004-11-30,2
12137,Trainz,Simulation,f,2002-02-10,2
9346,Romance Of The Three Kingdoms 13 With Power-Up Kit,Misc,t,2017-05-25,2
6721,Men In Black Ii: Alien Escape,Shooter,t,2002-06-27,2
345,Alundra,Role-Playing,t,1997-12-31,2
13303,Zoocube,Puzzle,t,2002-05-14,2
980,Big Buck Hunter Arcade,Shooter,t,2018-10-16,2
7682,Need For Speed (2015),Racing,f,2016-03-17,2
10831,Super Formation Soccer 94,Sports,t,1994-06-17,2
12633,Warhammer: Shadow Of The Horned Rat,Strategy,t,1996-11-01,2
3562,Farming Simulator,Simulation,f,2009-08-28,2
12614,Warcraft Ii: The Dark Saga,Strategy,t,1997-08-31,2
11116,Team Fortress 2,Shooter,f,2008-04-08,2
9684,Sea Trader: Rise Of Taipan,Simulation,t,2003-01-03,2
12732,Who Wants To Be A Millionaire,Misc,t,2000-09-29,2
1175,Bombastic,Puzzle,t,2003-08-27,2
11243,That'S You!,Party,t,2017-10-24,2
3278,Enter The Matrix,Action,f,2003-05-14,2
9383,Royal Detective 2: The Lord Of Statues,Puzzle,f,2015-05-08,2
9495,Saints Row 2,Action,f,2009-01-05,2
4335,Grand Theft Auto: San Andreas,Action,f,2005-06-07,2
9243,Riven: The Sequel To Myst,Adventure,t,1997-11-30,2
10943,Supreme Commander,Strategy,f,2007-02-20,2
6297,Macross Digital Mission Vf-X,Simulation,t,1997-02-28,2
10386,Spawn The Eternal,Action,t,1997-12-01,2
4616,Harry Potter And The Order Of The Phoenix,Adventure,f,2007-06-25,2
2894,Dragon Ball Z: Chou Saiya Densetsu,Role-Playing,t,1992-01-25,2
3554,Far East Of Eden Shinden,Fighting,t,1995-07-28,2
8022,Obscure,Adventure,t,2005-04-06,2
12217,Tropico 5,Simulation,t,2014-11-11,2
10223,Sniper Elite,Shooter,t,2010-12-14,2
1439,Caesars Palace 2000: Millennium Gold Edition,Misc,t,2000-06-29,2
2220,Dance With Devils,Visual Novel,t,2016-03-24,2
10232,"Snipperclips Plus: Cut It Out, Together!",Puzzle,t,2017-03-03,2
9677,Sd Gundam: Over Galaxian,Shooter,t,1996-06-28,2
12321,Ufo: Extraterrestrials,Strategy,f,2007-05-30,2
5831,Kiss Pinball,Action,t,2001-04-25,2
10368,Space Hulk,Strategy,t,2015-10-23,2
11655,The Sims 2: University,Simulation,f,2005-02-28,2
6629,Mega Man 5,Platform,t,1992-12-01,2
9659,Sd Gundam G Generation-F,Strategy,t,2000-08-03,2
5825,Kirby'S Dream Land 3,Platform,t,1997-11-27,2
11770,Theme Park Roller Coaster,Strategy,t,2000-12-04,2
1708,Chocobo No Fushigi Dungeon For Wonderswan,Role-Playing,t,1999-03-04,2
4855,Hogs Of War,Role-Playing,t,2000-08-05,2
6147,Littlebigplanet Ps Vita,Platform,t,2012-09-25,2
8917,R.B.I. Baseball,Sports,t,1988-01-01,2
11316,The Dark Hills Of Cherai,Puzzle,f,2009-12-05,2
11146,Teenage Mutant Ninja Turtles: Tournament Fighters,Fighting,t,1993-12-01,2
11388,The Great Unknown: Houdini'S Castle,Puzzle,f,2014-11-19,2
4614,Harry Potter And The Goblet Of Fire,Adventure,f,2005-11-08,2
10947,Supreme Ruler: Cold War,Strategy,f,2011-07-19,2
3069,Duke Nukem: Zero Hour,Shooter,t,1999-08-01,2
5703,Kessen,Strategy,t,2000-11-13,2
9796,Sesame Street: Cookie'S Counting Carnival,Misc,f,2010-10-20,2
570,Art Of Murder: Fbi Confidential,Adventure,f,2008-07-29,2
9438,Rune Factory 4,Role-Playing,t,2013-10-01,2
12439,Utawarerumono: Mask Of Truth,Visual Novel,t,2016-09-21,2
8723,"Prinny 2: Dawn Of Operation Panties, Dood!",Platform,t,2011-01-11,2
3149,E0: Enemy Zero,Adventure,t,1997-10-31,2
3214,Ejay Clubworld,Misc,t,2003-07-30,2
1662,Chaos;Head Dual,Visual Novel,t,2014-08-21,2
3763,Fireblade,Simulation,t,2002-06-16,2
8685,Pretty Rhythm: My Deco Rainbow Wedding,Simulation,t,2013-03-20,2
1306,Brothers In Arms: Road To Hill 30,Shooter,f,2005-03-15,2
8338,Penny Racers,Racing,t,1999-02-10,2
10935,Superman: The New Superman Adventures,Action,t,1999-05-31,2
6224,Lost: Via Domus,Action,f,2008-02-26,2
8718,Princess Maker: Yumemiru Yosei,Strategy,t,1997-01-24,2
1821,Clock Tower: The First Fear,Adventure,t,1997-07-17,2
8683,Pretty Cure All Stars Everyone Gather? Let'S Dance!,Music,t,2013-03-28,2
9420,Rugrats Studio Tour,Adventure,t,1999-11-10,2
9306,Rocket League,Sports,t,2018-01-16,2
5138,Intellivision Lives!,Misc,t,2004-02-02,2
11212,Test Drive Unlimited 2,Racing,f,2011-02-08,2
10156,Skullmonkeys,Platform,t,1998-01-31,2
3478,Fallout 3 Game Add-On Pack: The Pitt And Operation: Anchorage,Role-Playing,f,2009-05-26,2
4402,Gtr Evolution,Racing,f,2008-08-26,2
4044,Galaxian,Shooter,t,1983-01-01,2
3773,Fishdom 2 Deluxe,Puzzle,f,2010-11-03,2
2553,Digimon Digital Card Battle,Strategy,t,2001-06-28,2
4880,Hooligans,Strategy,f,2002-05-28,2
1048,Blade Arcus From Shining Ex,Fighting,t,2015-11-26,2
11686,The Sims: Makin' Magic,Simulation,f,2003-10-28,2
1331,Bugs Bunny: Lost In Time,Platform,t,1999-05-31,2
7891,Nightfall Mysteries: Asylum Conspiracy,Puzzle,f,2011-12-31,2
3009,Dreamworks Madagascar 3: The Video Game,Adventure,t,2012-06-05,2
9136,République,Action-Adventure,t,2016-03-22,2
2264,Dark Rift,Fighting,t,1997-06-30,2
1074,Blazblue: Continuum Shift Ii,Fighting,t,2011-05-31,2
1268,Breakaway Iv,Puzzle,t,1978-01-01,2
11226,Tetris Ultimate,Puzzle,t,2014-11-11,2
917,Beatmania Append 4thmix: The Beat Goes On,Simulation,t,1999-09-09,2
7722,Neon Genesis Evangelion,Action,t,1999-06-25,2
12129,Trackmania Turbo,Racing,f,2016-03-22,2
11766,Theatrhythm Final Fantasy: Curtain Call,Music,t,2014-09-16,2
6579,Mechwarrior 2: 31st Century Combat,Simulation,t,1997-02-28,2
10905,Super Robot Wars Og: The Moon Dwellers,Misc,t,2016-06-30,2
8119,Option Tuning Car Battle,Racing,t,1998-01-15,2
1179,Bomberman,Puzzle,t,2005-06-21,2
3483,Fallout Trilogy,Role-Playing,f,2009-04-30,2
2773,Donkey Kong,Platform,t,2011-06-16,2
11594,The Political Machine 2008,Simulation,f,2008-06-24,2
4314,Grand Ages: Medieval,Strategy,t,2015-09-29,2
1472,Call Of Duty: Infinite Warfare,Shooter,f,2016-11-04,2
5679,Ken Griffey Jr.'S Slugfest,Sports,t,1999-05-10,2
6976,Mobile Suit Gundam: Giren No Yabou Zeon Dokuritsu Sensouden,Strategy,t,2002-05-02,2
7740,Never Tales: Legends,Adventure,f,2016-05-11,2
934,Bejeweled Twist,Puzzle,f,2008-10-27,2
8550,Poi,Platform,t,2017-02-01,2
6999,Mojo!,Puzzle,t,2003-08-26,2
3341,Europa Universalis Iii,Strategy,f,2007-01-23,2
332,Allied General,Strategy,t,1996-09-30,2
6562,Maze Craze: A Game Of Cops 'N Robbers,Action,t,1978-01-01,2
4568,Hanagumi Taisen Columns,Puzzle,t,1997-03-28,2
9356,Romance Of The Three Kingdoms X,Strategy,t,2005-06-21,2
5589,Kamen Rider: Climax Scramble Zi-O,Fighting,t,2018-11-29,2
2058,Crimson Tears,Role-Playing,t,2004-07-21,2
1885,Combat Flight Simulator 3: Battle For Europe,Simulation,f,2002-10-25,2
5606,Kannou Mukashibanashi Portable,Visual Novel,t,2012-01-20,2
1095,Bleach: Heat The Soul 5,Fighting,t,2008-05-15,2
9669,Sd Gundam G Generation Zero,Strategy,t,1999-08-12,2
9020,Ray Tracers,Racing,t,1997-12-31,2
11390,The Grinch,Adventure,t,2000-01-01,2
11998,Tomodachi Collection: New Life,Simulation,t,2013-04-13,2
4417,Guilty Gear X: Advance Edition,Fighting,t,2002-08-29,2
7692,Need For Speed: Hot Pursuit 2,Racing,f,2002-10-21,2
11335,The Elder Scrolls Online: Morrowind,Mmo,f,2017-06-06,2
1629,Chameleon Twist,Platform,t,1997-11-30,2
12570,Vmx Racing,Racing,t,1997-06-30,2
9618,Scarface: The World Is Yours,Adventure,f,2006-10-08,2
2927,Dragon Force,Strategy,t,1996-11-30,2
5135,Inspector Gadget: Gadget'S Crazy Maze,Puzzle,t,2001-08-15,2
11164,Tenchi Muyou! Ryoukouki Gokuraku,Adventure,t,1995-09-29,2
8462,Picross 3d Round 2,Puzzle,t,2016-09-01,2
3564,Farming Simulator 15 Expansion Pack,Simulation,f,2015-10-29,2
9648,Screamride,Simulation,t,2015-03-03,2
1565,Casino Chaos With Las Vegas Players Collection,Misc,f,2011-09-13,2
9670,Sd Gundam G Generation: Gather Beat 2,Strategy,t,2001-06-14,2
2855,Dracula: Origin,Adventure,f,2008-06-02,2
7709,Negima!? Dream Tactic Yumemiru Otome Princess,Strategy,t,2007-04-27,2
11841,Time Travelers,Adventure,t,2012-07-12,2
7388,Nail'D,Racing,f,2010-11-30,2
762,Ballistic,Puzzle,t,1999-10-31,2
12209,Tron: Evolution,Action,f,2010-12-07,2
7537,Naval Ops: Commander,Simulation,t,2004-03-09,2
10970,Swat 4,Shooter,f,2005-04-05,2
11440,The Incredible Hulk: The Pantheon Saga,Action,t,1997-02-28,2
8756,Pro Evolution Soccer 2017,Sports,f,2016-09-13,2
4884,Hoppie,Platform,t,2011-09-07,2
3139,Dynasty Warriors: Eiketsuden,Strategy,t,2016-08-03,2
9855,Shellshock: Nam 67,Shooter,f,2004-09-14,2
9343,Rollercoaster Tycoon: Gold Edition,Strategy,f,2002-05-30,2
531,Armored Core: Last Raven,Simulation,t,2006-06-13,2
10736,Sudeki,Role-Playing,t,2004-07-20,2
5111,Indigo Prophecy,Adventure,f,2005-10-02,2
9617,Scarface: Money. Power. Respect.,Strategy,t,2006-10-08,2
7963,Nobunaga'S Ambition Ii,Strategy,t,2015-08-06,2
3698,Final Cut: Death On The Silver Screen,Puzzle,f,2014-11-28,2
1715,Chopper Attack,Action,t,1998-06-17,2
3181,Ebikore Photo Kano Kiss,Simulation,t,2015-02-05,2
8191,Overlord,Adventure,f,2007-06-26,2
3099,Durarara!! 3way Standoff: Alley,Adventure,t,2014-06-19,2
10588,Starblade Α,Shooter,t,1996-02-01,2
4427,Guitar Freaks,Simulation,t,1999-07-29,2
8581,Pole Position,Racing,t,1983-01-01,2
12516,Vikings: Wolves Of Midgard,Action,f,2017-03-28,2
7970,Nobunaga'S Ambition: Tenshouki With Power-Up Kit Hd Version,Strategy,t,2015-11-12,2
8415,Phantasy Star Online,Role-Playing,t,2001-01-29,2
1609,Cave Story+,Platform,t,2017-06-20,2
7100,Moon,Role-Playing,t,1997-10-16,2
6580,Mechwarrior 4: Mercenaries,Simulation,f,2002-11-07,2
10885,Super Robot Taisen Og Infinite Battle,Strategy,t,2013-11-28,2
9699,Secret Files: Tunguska,Adventure,f,2006-10-30,2
2596,Discover Europe,Simulation,f,2016-02-02,2
2238,Danganronpa: Trigger Happy Havoc,Adventure,t,2014-02-11,2
7441,Naruto Powerful Shippuden,Action-Adventure,t,2013-03-05,2
5096,Inazuma Eleven 3: Lighting Bolt / Bomb Blast,Role-Playing,t,2013-09-27,2
8327,Peak Performance,Racing,t,1997-03-31,2
4236,Goblin Commander: Unleash The Horde,Strategy,t,2003-12-16,2
10709,Strikers 1945,Shooter,t,1996-06-28,2
12450,Valentino Rossi: The Game,Racing,t,2016-07-26,2
7861,Nichibutsu Arcade Classics,Misc,t,1995-05-26,2
11255,The Adventures Of Tintin: The Game,Adventure,f,2011-12-06,2
397,Angel Cat Sugar,Misc,f,2009-10-16,2
10613,State Of Decay: Year One Survival Edition,Action-Adventure,t,2015-04-28,2
8701,Prince Of Persia: The Forgotten Sands,Action,f,2010-05-18,2
8013,Nuclear Dawn,Misc,f,2011-09-26,2
3017,Driver,Action,t,1999-06-30,2
1019,Birthdays The Beginning,Misc,t,2017-05-09,2
7983,Nobunaga?S Ambition: Sphere Of Influence ? Ascension,Strategy,t,2016-03-24,2
11648,The Sims 2: Ikea Home Stuff,Simulation,f,2008-06-23,2
8493,Pippa Funnell: The Stud Farm Inheritance,Simulation,f,2005-03-25,2
4216,Glover,Platform,t,1998-10-31,2
11628,The Silver Case,Visual Novel,t,2017-04-18,2
6267,Lunatic Dawn Tempest,Role-Playing,t,2001-02-08,2
4130,Gekido,Fighting,t,2000-05-18,2
6144,Littlebigplanet 2,Platform,t,2011-01-18,2
8586,Pong: The Next Level,Puzzle,t,1999-10-31,2
2502,Detective Barbie: The Mystery Cruise,Adventure,t,2000-01-01,2
5857,Knowledge Is Power,Party,t,2017-10-24,2
8453,Photo Kano Kiss,Simulation,t,2013-04-25,2
11309,The Crow: City Of Angels,Action,t,1997-02-28,2
10238,Snood,Puzzle,t,2001-09-28,2
2872,Dragon Age: Origins,Role-Playing,f,2009-11-03,2
1036,Black Jack Vs. Matsudajun,Misc,t,2000-08-10,2
3074,Dungeon Keeper 2,Strategy,f,1999-06-30,2
12636,Wario Land Ii (Gbc),Platform,t,1999-03-02,2
7365,Mystery P.I.: The Lottery Ticket,Puzzle,f,2007-07-18,2
4422,Guilty Gear Xrd: Sign,Fighting,t,2014-12-16,2
3684,Fighter Maker,Fighting,t,1999-06-16,2
7968,Nobunaga'S Ambition: Sphere Of Influence With Power-Up Kit,Strategy,t,2017-03-03,2
2795,Doom Vfr,Shooter,f,2017-12-01,2
11755,The Witness,Misc,t,2016-01-26,2
2986,Dream C Club Zero,Simulation,t,2013-01-17,2
6668,Mega Man X5,Platform,t,2001-02-01,2
2508,Deus Ex,Shooter,f,2000-06-26,2
11385,The Great Battle Gaiden 2: Matsuri Da Wasshoi,Action,t,1994-01-28,2
2010,Crash Time 4: The Syndicate,Racing,f,2010-12-23,2
8407,Pga Tour 96,Sports,t,1995-09-01,2
11428,The Idolm@Ster: One For All,Simulation,t,2014-05-15,2
10538,Star Wars Battlefront (2015),Shooter,f,2015-11-17,2
9652,Scribblenauts: Unlimited,Puzzle,t,2012-11-18,2
6117,Lionheart: Kings' Crusade,Strategy,f,2010-10-08,2
11986,Tomb Raider Ii,Adventure,t,1997-10-31,2
606,Assassin'S Creed: Revelations,Action,f,2011-11-29,2
10870,Super Robot Taisen A,Strategy,t,2001-09-21,2
10810,Super Breakout,Puzzle,t,1978-01-01,2
10658,Story Of Seasons: Trio Of Towns,Simulation,t,2017-02-28,2
1255,Bratz: Super Babyz,Action,f,2008-02-25,2
6852,Million Arthur: Arcana Blood,Fighting,t,2018-11-29,2
11841,Time Travelers,Adventure,t,2012-07-19,2
11091,Tamagotchi No Doki Doki Dream Omisecchi,Simulation,t,2013-05-23,2
8821,Psycho-Pass: Mandatory Happiness,Visual Novel,t,2015-01-01,2
2042,Create,Misc,f,2010-11-16,2
534,Armored Core: Nexus,Simulation,t,2004-09-28,2
1058,Blast Corps,Action,t,1997-02-28,2
9169,Restaurant Empire Ii,Simulation,f,2009-06-23,2
9340,Rollercoaster Tycoon 2: Triple Thrill Pack,Strategy,f,2003-08-01,2
7683,Need For Speed Carbon,Racing,f,2006-10-31,2
9785,Sentimental Graffiti 2,Adventure,t,2000-07-27,2
1320,Bubble Bobble: Old & New,Puzzle,t,2004-09-28,2
1928,Conflict: Desert Storm Ii - Back To Bagdhad,Shooter,t,2004-01-07,2
4023,Gaia Saver Hero Saidai No Sakusen,Role-Playing,t,1994-01-28,2
3342,Europa Universalis Iii Complete,Strategy,f,2008-10-28,2
33,101-In-1 Sports Party Megamix,Sports,t,2011-01-11,2
5245,Jade Empire: Special Edition,Role-Playing,f,2007-02-26,2
1759,Circus Atari,Action,t,1978-01-01,2
2510,Deus Ex: Human Revolution,Shooter,f,2011-08-23,2
10779,Summon Night 3,Role-Playing,t,2003-08-07,2
10552,Star Wars Jedi Knight Ii: Jedi Outcast,Shooter,f,2002-03-26,2
4301,Gotouchi Tetsudou: Gotouchi Kyara To Nihon Zenkoku No Tabi,Puzzle,t,2014-11-27,2
4559,Hamster Heroes,Puzzle,t,2020-12-31,2
2106,Cubic Ninja,Platform,t,2011-06-14,2
12268,Tv Anime Idolm@Ster: Cinderella Girls G4u! Pack Vol.9,Simulation,t,2016-02-25,2
1625,Challenge Me: Brain Puzzles 2,Puzzle,f,2010-10-26,2
10641,Still Life,Adventure,t,2005-06-06,2
9508,Saki: Zenkoku-Hen,Misc,t,2015-09-17,2
3927,Fritz Chess,Strategy,t,2009-07-31,2
5823,Kirby'S Dream Collection: Special Edition,Platform,t,2012-09-16,2
4912,Hot Shots Golf: World Invitational,Sports,t,2013-07-23,2
11990,Tomb Raider: Legend,Action,f,2006-04-11,2
11821,Tiger Woods Pga Tour 2005,Sports,f,2004-09-20,2
11259,The Amazing Spider-Man (2012),Action-Adventure,t,2013-03-05,2
6867,Minds And Mystery: 5 Game Pack,Action,f,2014-09-26,2
7685,Need For Speed Iii: Hot Pursuit,Racing,t,1998-03-25,2
1233,Brahma Force: The Assault On Beltlogger 9,Shooter,t,1997-04-09,2
9797,Sesame Street: Elmo'S A-To-Zoo Adventure,Misc,f,2010-10-20,2
12224,True Crime: Streets Of La,Action,f,2004-05-11,2
3789,Flag Capture,Action,t,1978-01-01,2
2745,Dogz 5,Simulation,f,2002-11-18,2
4639,Harvest Moon 64,Simulation,t,1999-11-30,2
9008,Ratchet & Clank: Size Matters,Platform,t,2007-02-13,2
3801,Flipnic: Ultimate Pinball,Misc,t,2005-07-13,2
91,4x4 Hummer,Racing,f,2009-06-15,2
7769,Nexus: The Jupiter Incident,Strategy,f,2005-02-24,2
11473,The King Of Fighters Kyo,Fighting,t,1998-08-27,2
72,3d Lemmings,Puzzle,t,1995-11-01,2
10624,Steel Battalion: Heavy Armor,Simulation,t,2012-06-19,2
1182,Bomberman 64,Puzzle,t,1997-12-02,2
7044,Monster Guardians,Role-Playing,t,2001-03-21,2
374,American Truck Simulator,Simulation,f,2016-02-02,2
9652,Scribblenauts: Unlimited,Puzzle,t,2012-11-13,2
2472,Descent,Shooter,t,1996-03-12,2
7274,Mxgp 2,Racing,f,2016-04-08,2
2191,Dance Dance Revolution 3rdmix,Simulation,t,2000-06-01,2
10838,Super Mahjong 2: Honkaku 4jin Uchi,Misc,t,1993-12-02,2
9022,Rayman,Platform,t,1995-09-01,2
2952,Dragon Slayer: Eiyuu Densetsu,Role-Playing,t,1992-02-14,2
10466,Spore Galactic Adventures,Strategy,f,2009-06-23,2
9068,Real Sound: Kaze No Riguretto,Adventure,t,1997-07-18,2
1350,Bump 'N' Jump,Racing,t,1983-01-01,2
2869,Dragon Age Ii,Role-Playing,f,2011-03-08,2
9837,Shantae: Half-Genie Hero,Platform,t,2016-12-20,2
8618,Porsche Challenge,Racing,t,1997-06-30,2
9665,Sd Gundam G Generation Neo,Strategy,t,2002-11-28,2
1721,Choro Q3,Racing,t,1998-02-19,2
13085,Yakuza: Ishin,Adventure,t,2014-02-22,2
6372,Mahjong 3d: Warriors Of The Emperor,Misc,t,2020-12-31,2
13207,Yuu Yuu Hakusho: Makyo Toitsusen,Fighting,t,1994-09-30,2
11328,The Elder Scrolls Iii: Morrowind Game Of The Year Edition,Role-Playing,f,2003-10-31,2
5518,Just Dance 2014,Music,t,2013-11-22,2
9917,Shin Super Robot Taisen,Strategy,t,1996-12-27,2
13054,Xcom 2,Strategy,f,2015-11-30,2
4656,Harvest Moon: Light Of Hope,Simulation,t,2018-05-29,2
5241,Jacqueline Wilson'S Tracy Beaker: The Game,Misc,f,2009-10-16,2
12397,Unreal Tournament 2004,Shooter,f,2004-03-16,2
6311,Madden Nfl 08,Sports,f,2007-08-14,2
2068,Crossroad Crisis,Puzzle,t,2001-08-15,2
7561,Nba 2k17,Sports,f,2016-09-16,2
8824,Pucca Power Up,Platform,t,2011-09-13,2
12792,Winning Post 8 2017,Misc,t,2017-09-14,2
8733,Prison Break: The Conspiracy,Adventure,f,2010-03-30,2
2511,Deus Ex: Invisible War,Shooter,f,2003-12-02,2
11659,The Sims 3: Create-A-Sim,Simulation,f,2010-03-26,2
1006,Bio Freaks,Action,t,1998-05-31,2
8858,Puyo Puyo Sun,Puzzle,t,1997-02-14,2
5899,Kotoba No Puzzle: Mojipittan Daijiten,Puzzle,t,2004-12-16,2
4208,Gladiator: Sword Of Vengeance,Action,f,2003-11-18,2
12554,Virus,Adventure,t,1997-08-22,2
9488,Sailor Moon,Action,t,1994-01-01,2
13027,X-Blades,Action,f,2009-02-10,2
12077,Totally Spies! Totally Party,Misc,f,2008-02-14,2
1339,Bujingai: The Forsaken City,Fighting,t,2004-07-25,2
11717,The Three Kingdoms Love Story ~ The Art Of Otome!,Visual Novel,t,2016-02-04,2
972,Beyond The Legend - Mysteries Of Olympus,Adventure,f,2016-05-20,2
12212,Tropico 2: Pirate Cove,Simulation,f,2003-04-08,2
8042,Off-World Interceptor Extreme,Racing,t,1995-09-29,2
2486,Destiny 2,Shooter,f,2017-10-23,2
4478,Gungriffon,Simulation,t,1996-01-01,2
10310,Sonic The Hedgehog 3,Platform,t,1994-01-23,2
7686,Need For Speed Rivals,Racing,t,2013-11-15,2
4681,Hatsune Miku: Project Mirai Dx,Misc,t,2015-09-08,2
1976,Cossacks Ii: Napoleonic Wars,Strategy,f,2005-04-27,2
3854,Ford Racing Off Road,Racing,f,2008-09-23,2
13178,Yu-Gi-Oh! Monster Capture Gb,Role-Playing,t,2000-04-13,2
4450,Gummy Bears Magical Medallion,Platform,t,2011-06-21,2
10830,Super Football,Sports,t,1988-01-01,2
9004,Ratchet & Clank Collection,Platform,t,2012-08-28,2
1989,Cradle Double Pack,Puzzle,t,2011-04-28,2
9481,Saga: Scarlet Grace,Role-Playing,t,2019-12-03,2
6027,Lego Batman 2: Dc Super Heroes,Action-Adventure,t,2013-05-21,2
5197,Itadaki Street 2: Neon Sign Wa Bara Iro Ni,Misc,t,1994-02-26,2
447,Ape Escape,Platform,t,1999-05-31,2
9810,Shadow Madness,Role-Playing,t,1999-04-30,2
10590,Starcraft 64,Strategy,t,2000-06-13,2
2091,Csi: 3 Dimensions Of Murder,Adventure,f,2006-03-14,2
5355,Jewel Quest V: The Sleepless Star,Puzzle,f,2010-12-06,2
1818,Clock Tower,Adventure,t,1997-09-30,2
9339,Rollercoaster Tycoon 2,Strategy,f,2002-10-15,2
12022,Tony Hawk'S Underground 2,Sports,f,2004-10-04,2
96,64 De Hakken! Tamagotchi Minna De Tamagotchi World,Misc,t,1997-12-19,2
13230,Zen-Nippon Gt Senshuken,Racing,t,1995-09-29,2
10591,Starcraft Battle Chest,Strategy,f,1999-10-24,2
11557,The Magical Quest Starring Mickey Mouse (Weekly Jp Sales),Platform,t,1992-12-01,2
5803,Kingdom Under Fire: The Crusaders,Strategy,t,2004-10-12,2
1467,Call Of Duty: Black Ops 3,Shooter,f,2015-11-06,2
13304,Zoop,Puzzle,t,1995-10-31,2
2423,Deformers,Action,f,2017-04-21,2
1026,Bit.Trip Saga,Platform,t,2011-09-13,2
1878,Colony Wars Iii: Red Sun,Simulation,t,2000-06-02,2
5609,Kanon,Adventure,t,2000-09-14,2
1911,Commandos 2: Men Of Courage,Strategy,t,2002-08-28,2
9470,Sacred 3,Role-Playing,t,2014-01-01,2
11634,The Sims,Simulation,t,2003-01-12,2
11645,The Sims 2: Glamour Life Stuff,Simulation,f,2006-08-28,2
11764,Theatre Of War,Strategy,f,2008-05-19,2
5149,International Superstar Soccer,Sports,t,1995-06-01,2
13054,Xcom 2,Strategy,t,2016-09-27,2
1768,City Builder,Strategy,t,2010-06-08,2
12852,Wonder Project J2: Koruro No Mori No Josette,Simulation,t,1996-11-22,2
3157,Ea Sports Ufc,Fighting,t,2014-06-17,2
2280,Darkness And Sorrow: 5 Game Pack,Adventure,f,2014-09-26,2
2445,Densetsu No Stafi 3,Platform,t,2004-08-05,2
6199,Lord Of The Rings: Battle For Middle-Earth,Strategy,t,2006-07-05,2
6442,Manhunt,Action,f,2004-04-20,2
10605,Starshot: Space Circus Fever,Platform,t,1999-06-30,2
2899,Dragon Ball Z: Idainaru Dragon Ball Densetsu,Fighting,t,1996-05-31,2
8073,One Piece Unlimited World: Red,Action-Adventure,t,2014-07-31,2
3254,Empire Earth Ii,Strategy,f,2005-04-26,2
8947,Rage Racer,Racing,t,1997-04-30,2
4171,Gex: Enter The Gecko,Platform,t,1998-01-31,2
773,Banjo-Pilot,Racing,t,2005-01-12,2
8282,Parlor! Mini 4,Misc,t,1996-11-29,2
9520,Sakura Wars Gb,Adventure,t,2000-07-28,2
5462,Jojo'S Bizarre Adventure: Eyes Of Heaven,Fighting,t,2015-12-17,2
537,Armored Core: Silent Line,Simulation,t,2003-07-17,2
8582,Police Simulator 2 Law And Order,Simulation,f,2012-03-23,2
1138,Bloody Roar Ii,Fighting,t,1999-04-30,2
8924,R/C Stunt Copter,Simulation,t,1999-10-05,2
6550,Maximum Capacity: Hotel Giant,Strategy,f,2002-06-24,2
874,Battle Worlds: Kronos,Strategy,t,2016-05-10,2
2641,Disney'S Kim Possible: Global Gemini,Platform,t,2007-02-13,2
13048,X3: Terran War Pack,Strategy,f,2012-03-09,2
3661,Fifa Soccer 2005,Sports,f,2004-10-12,2
7807,Nhl 08,Sports,f,2007-09-11,2
8591,Poochy & Yoshi'S Woolly World,Platform,t,2017-02-03,2
5694,Kenka Banchou 6: Soul & Blood,Fighting,t,2015-01-15,2
1747,Chuchu Rocket!,Puzzle,t,2001-06-10,2
250,Airborne Troops: Countdown To D-Day,Shooter,t,2005-01-07,2
383,Amnesia World,Visual Novel,t,2014-05-22,2
5723,Kidou Senshi Gundam: Shin Gihren No Yabou,Strategy,t,2011-08-25,2
8211,Pac-Man Collection,Puzzle,t,2001-07-12,2
11981,Tom Clancy'S Splinter Cell: Pandora Tomorrow,Action,f,2004-03-23,2
3265,Enduro,Racing,t,1983-01-01,2
13131,You Don'T Know Jack,Misc,t,1999-09-20,2
3563,Farming Simulator 14,Simulation,t,2014-06-24,2
3399,Extreme Pinball,Misc,t,1996-03-28,2
9795,Serious Sam: The Second Encounter,Shooter,f,2002-02-04,2
11622,The Settlers: Heritage Of Kings,Strategy,f,2005-02-24,2
10304,Sonic Pc Collection,Misc,f,2009-09-30,2
3337,Euro Fishing,Simulation,f,2015-11-02,2
11542,The Lord Of The Rings: The Battle For Middle-Earth Ii,Strategy,t,2006-07-05,2
4584,Hangman,Puzzle,t,1978-01-01,2
6693,Megpoid The Music#,Music,t,2013-03-28,2
6611,Medarot 4: Kabuto / Kuwagata Version,Role-Playing,t,2001-03-23,2
10527,Star Trek Online,Role-Playing,f,2010-02-02,2
1775,City Shrouded In Shadow,Action-Adventure,t,2017-10-19,2
5032,Il-2 Sturmovik Series: Complete Edition,Simulation,f,2006-03-31,2
8621,Portable Island: Tenohira Resort,Simulation,t,2006-07-20,2
7940,Nisekoi: Yomeiri!?,Visual Novel,t,2015-01-01,2
8274,Parappa The Rapper 2,Misc,t,2002-01-23,2
7243,Musiic Party: Rock The House,Misc,t,2020-12-31,2
12067,Total Annihilation: Kingdoms,Strategy,f,1999-05-31,2
10529,Star Trek: Bridge Commander,Simulation,f,2002-02-27,2
10236,Snk Vs. Capcom Card Fighters Ds,Strategy,t,2007-04-24,2
10761,Sumikko Gurashi: Mura O Tsukurundesu,Misc,t,2016-07-21,2
2550,Digimon Adventure: Anode Tamer,Role-Playing,t,1999-12-16,2
1535,Carnage Heart Exa,Strategy,t,2013-03-19,2
1742,Chronicles Of Mystery: The Tree Of Life,Puzzle,f,2009-12-10,2
10883,Super Robot Taisen Mx Portable,Strategy,t,2005-12-29,2
10162,Skylanders Imaginators,Platform,t,2017-03-03,2
269,Akb1/48: Idol To Guam De Koishitara...,Visual Novel,t,2011-10-06,2
3738,Final Fantasy Xiv Online Complete Edition,Mmo,f,2017-06-20,2
12357,Um Jammer Lammy,Misc,t,1999-07-31,2
5317,Jeopardy! 2nd Edition,Misc,t,2000-09-28,2
9595,Saru! Get You! Million Monkeys,Platform,t,2016-12-30,2
8884,Q*Bert,Puzzle,t,1999-11-30,2
232,Aidyn Chronicles: The First Mage,Role-Playing,t,2001-03-14,2
3760,Fire Prowrestling G,Fighting,t,1999-06-24,2
11356,The Fast And The Furious,Racing,t,2007-04-24,2
11111,Tatsunoko Vs. Capcom: Ultimate All-Stars,Fighting,t,2010-01-26,2
6842,Might & Magic X: Legacy,Role-Playing,f,2014-04-01,2
11,.Hack: Sekai No Mukou Ni + Versus,Fighting,t,2012-06-28,2
8135,Oretachi No Sabage Portable,Shooter,t,2008-12-25,2
9607,Saw,Action,f,2009-10-31,2
9966,Shippuu Mahou Daisakusen: Kingdom-Grandprix,Shooter,t,1996-06-14,2
205,Agatha Christie: And Then There Were None,Adventure,f,2005-10-30,2
12638,Wario: Master Of Disguise,Platform,t,2007-03-05,2
9333,Rogue Warrior,Shooter,f,2009-12-01,2
11910,Tokimeki No Houkago,Misc,t,1998-07-16,2
10059,Sim Theme Park,Strategy,f,1999-10-31,2
6459,Marie No Atelier: Salburg No Renkinjutsushi,Role-Playing,t,1997-05-23,2
6197,Lord Of Darkness,Strategy,t,1994-01-01,2
1899,Command & Conquer Renegade,Shooter,f,2002-02-25,2
1591,Castlevania: Lords Of Shadow - Mirror Of Fate,Action-Adventure,t,2013-03-05,2
4663,Harvest Moon: The Lost Valley,Simulation,t,2014-11-04,2
11496,The Legend Of Dragoon,Role-Playing,t,2000-06-11,2
1896,Command & Conquer 3: Tiberium Wars,Strategy,f,2007-03-26,2
10531,Star Trek: Invasion,Simulation,t,2000-08-23,2
9024,Rayman 2: Revolution,Platform,t,2001-01-30,2
567,Art Academy: Home Studio,Misc,t,2015-06-25,2
5466,Jolly Rover,Adventure,f,2010-06-07,2
5437,Jissen Pachi-Slot Hisshouhou,Misc,t,1993-11-26,2
3128,Dynasty Warriors 8: Empires,Misc,t,2015-01-24,2
12956,Worms Armageddon,Strategy,f,1999-05-31,2
10701,Strike Point,Simulation,t,1996-09-01,2
10592,Starcraft Ii: Legacy Of The Void,Strategy,f,2015-11-10,2
6101,Lethal Enforcers I & Ii,Shooter,t,1997-01-01,2
575,Artifacts Of The Past Ancient Mysteries,Puzzle,f,2015-05-08,2
4856,Hogs Of War / Worms,Strategy,t,2002-11-22,2
7757,New Little King'S Story,Strategy,t,2012-03-29,2
3962,Fuel,Racing,f,2009-06-23,2
11844,Timeshock! Pro Pinball,Misc,t,1998-08-31,2
6214,Lost In Shadow,Platform,t,2011-01-04,2
898,Battlezone,Shooter,t,1983-01-01,2
9954,Shinseiki Evangelion: Koutetsu No Girlfriend,Adventure,t,1998-04-16,2
6600,Medal Of Honor: Frontline,Shooter,t,2002-05-28,2
8309,Paws & Claws: Pet Resort,Simulation,t,2006-02-13,2
4560,Hamster Tarou,Simulation,t,1999-10-29,2
9647,Scratches,Adventure,f,2006-03-08,2
2521,Devil Summoner: Soul Hackers,Role-Playing,t,1997-11-13,2
2827,Doramoji: Nobita No Kanji Daisakusen,Misc,t,2015-02-26,2
4668,Hasbro Family Fun Pack,Misc,t,2015-10-20,2
5911,Krazy Ivan,Simulation,t,1996-01-01,2
1561,Cartoon Network: Punch Time Explosion,Fighting,t,2011-06-02,2
10808,Super Bomberman R,Puzzle,t,2017-03-03,2
9586,San Goku Shi V,Strategy,t,1996-09-27,2
12246,Tumblebugs 2,Puzzle,f,2008-10-21,2
3015,Driveclub Vr,Racing,t,2016-10-13,2
4713,Heavy Fire: Afghanistan,Shooter,f,2011-11-22,2
3359,Everquest Ii: Destiny Of Velious,Role-Playing,f,2011-02-22,2
9451,Rush Hour,Racing,t,1997-04-30,2
12773,Wings Of War,Simulation,t,2004-08-30,2
11370,The Godfather,Action,f,2006-03-21,2
11972,Tom Clancy'S Rainbow Six: Vegas 2,Shooter,f,2008-04-15,2
6360,Magician'S Quest: Town Of Magic,Misc,t,2012-12-20,2
9473,Sacrifice,Strategy,f,2000-11-16,2
3356,Everblue 2,Adventure,t,2003-02-24,2
12718,Wheel Of Fortune,Misc,t,1998-12-15,2
224,Age Of Pirates 2: City Of Abandoned Ships,Role-Playing,f,2009-05-26,2
9358,Romance Of The Three Kingdoms Xii,Strategy,t,2012-12-13,2
2527,Diablo,Role-Playing,t,1998-01-01,2
4943,Htol #Niq: Hotaru No Nikki,Misc,t,2015-02-24,2
8860,Puyo Puyo Sun Ketteiban,Puzzle,t,1997-11-27,2
9222,Ring Of Red,Strategy,t,2001-03-12,2
6175,Lode Runner 3-D,Action,t,1999-01-01,2
12223,True Crime: New York City,Action,f,2006-03-24,2
121,A Bug'S Life,Platform,t,1998-10-31,2
5249,Jagged Alliance: Rage!,Strategy,t,2018-12-07,2
10197,Small Town Terrors - Galdor'S Bluff,Adventure,f,2016-05-20,2
3159,Ea Sports Ufc 3,Sports,t,2018-02-02,2
10535,Star Trek: The Game,Action-Adventure,t,2013-04-23,2
11795,Thunder Force V: Perfect System,Shooter,t,1998-08-31,2
10574,Star Wars: Knights Of The Old Republic,Role-Playing,f,2003-11-18,2
10896,Super Robot Taisen Α,Strategy,t,2000-05-25,2
894,Battlestations: Midway,Strategy,f,2007-01-30,2
7924,Ninja Warriors,Action,t,1994-01-01,2
2473,Descent 3,Shooter,f,2000-06-14,2
10028,Sid Meier'S Civilization Vi,Strategy,t,2018-11-16,2
3071,Dunamis 15,Visual Novel,t,2011-09-15,2
219,Age Of Empires: Collector'S Edition,Strategy,f,2000-11-02,2
878,Battlefield 1,Shooter,f,2016-10-21,2
588,Assassin'S Creed,Action,f,2008-04-08,2
10309,Sonic The Hedgehog 2,Platform,t,1992-11-17,2
855,Battle Garegga Rev.2016,Strategy,t,2016-12-15,2
9472,Sacred Gold,Role-Playing,f,2006-08-14,2
12133,Trailblazers,Racing,t,2018-05-08,2
10897,Super Robot Taisen Α Gaiden,Strategy,t,2001-03-29,2
7359,Mystery Case Files: Ravenhearst,Puzzle,f,2007-01-08,2
8676,Pq: Practical Intelligence Quotient,Puzzle,t,2006-01-10,2
2189,Dance Dance Revolution (North America),Simulation,t,2001-05-09,2
8864,Puzzle & Action: Tant-R,Misc,t,1994-04-01,2
881,Battlefield 2142,Shooter,f,2006-10-17,2
10800,Super Baseball Simulator 1.000,Sports,t,1991-12-01,2
12760,Wildlife Park: Gold Edition,Simulation,f,2004-10-08,2
11669,The Sims 3: World Adventures,Simulation,f,2009-11-16,2
3769,First Queen: Ornic Senki,Role-Playing,t,1994-03-11,2
4558,Hamster Club 4: Shigessa Daidassou,Simulation,t,2003-07-18,2
214,Age Of Empires Iii: Complete Collection,Strategy,f,2009-09-15,2
7421,Nancy Drew: The Phantom Of Venice,Adventure,f,2008-07-11,2
2716,Divinity Ii: Ego Draconis,Role-Playing,f,2010-01-05,2
225,Age Of Pirates: Caribbean Tales,Role-Playing,f,2006-09-12,2
4494,Gyakuten Saiban 3,Adventure,t,2004-01-23,2
6394,Majesty 2: The Fantasy Kingdom Sim,Strategy,f,2009-09-15,2
6069,Lego Worlds,Misc,t,2017-09-05,2
6614,Medarot: Kabuto / Kuwagata Version,Role-Playing,t,1997-11-28,2
3572,Farming Simulator 2014,Simulation,t,2014-06-24,2
10807,Super Bomberman 5,Puzzle,t,1997-02-28,2
4297,Gothic Fiction: Dark Saga,Puzzle,f,2015-05-08,2
3763,Fireblade,Simulation,t,2002-12-29,2
9879,Shin Hayarigami,Visual Novel,t,2014-08-07,2
3333,Etrian Odyssey: Millennium Girl,Role-Playing,t,2013-10-01,2
2777,Donkey Kong Gb: Dinky Kong & Dixie Kong,Platform,t,2000-01-28,2
1338,Builder'S Block,Strategy,t,2000-07-12,2
8752,Pro Evolution Soccer 2013,Sports,f,2012-09-25,2
10410,Spice World,Action,t,1998-07-31,2
12071,Total War Collection,Strategy,f,2012-04-27,2
12649,Warriors Of Might And Magic,Adventure,t,2001-02-07,2
7353,Myst Iv: Revelation,Adventure,f,2004-09-28,2
11797,Thunder Truck Rally,Racing,t,1997-05-31,2
155,Act Of War: Direct Action,Strategy,f,2005-03-15,2
3629,Fifa 13,Sports,f,2012-09-25,2
404,Angry Birds,Puzzle,f,2011-01-04,2
6095,Let'S Sing 2018,Music,t,2017-11-24,2
6043,Lego Indiana Jones: The Original Adventures,Adventure,f,2008-06-03,2
3683,Fighter Destiny 2,Fighting,t,2000-07-14,2
1728,Chou Megami Shinkou Noire Gekishin Black Heart,Misc,t,2015-02-24,2
11658,The Sims 3: Barnacle Bay,Simulation,f,2011-03-08,2
2954,Dragon Slayer: The Legend Of Heroes,Role-Playing,t,1992-02-14,2
9216,Rift,Role-Playing,f,2011-03-01,2
11176,Tengai Makyou: Daishi No Mokushiroku - The Apocalypse Iv,Role-Playing,t,1997-01-14,2
1189,Bomberman Jetters,Puzzle,t,2004-03-10,2
9435,Runbow,Platform,t,2017-06-20,2
4241,God Eater Off Shot: Fujiki Kota-Hen Twin Pack & Animation Vol.6,Misc,t,2016-03-24,2
9739,Seinaru Kana: Orichalcum No Na No Motoni,Strategy,t,2012-04-19,2
4090,Ganbare Goemon 2: Kiteretsu Shougun Magginesu,Platform,t,1993-12-22,2
8468,Picture Puzzle Collection: The Dutch Masters,Misc,t,2020-12-31,2
11159,Telly Addicts,Misc,f,2008-02-15,2
12207,Tron 2.0,Shooter,f,2003-08-26,2
3633,Fifa 17,Sports,f,2016-09-27,2
2150,Dai-2-Ji Super Robot Taisen Z Saisei-Hen,Strategy,t,2012-04-05,2
844,Battle Arena Toshinden 3,Fighting,t,1997-03-31,2
10940,Superstars V8 Racing,Racing,f,2009-06-26,2
9009,Ratchet & Clank: Tools Of Destruction And Ratchet & Clank: A Crack In Time,Platform,t,2011-07-22,2
6610,Medarot 3: Kabuto / Kuwagata Version,Role-Playing,t,2000-07-23,2
8336,Penny-Punching Princess,Misc,t,2018-04-03,2
7592,Nba Jam Tournament Edition,Sports,t,1995-09-04,2
12155,Transformers: War For Cybertron,Action,f,2010-06-22,2
6479,Mario Party: The Top 100,Party,t,2017-11-10,2
4610,Harley-Davidson: Road Trip,Racing,t,2010-06-28,2
10865,Super Real Mahjong P V,Misc,t,1995-05-26,2
4667,Has-Been Heroes,Action,f,2017-03-28,2
2725,Dj Max Respect,Misc,t,2017-09-09,2
12787,Winning Post 7 2013,Sports,t,2013-06-20,2
12255,Turok,Shooter,f,2008-04-22,2
5315,Jeopardy!,Misc,t,1998-01-01,2
11216,Test Drive: Off Road,Racing,t,1997-02-28,2
11382,The Great Ace Attorney - The Adventures Of Ryuunosuke Naruhodou,Adventure,t,2015-07-09,2
9348,Romance Of The Three Kingdoms Ii,Strategy,t,2015-08-06,2
12606,Wanted: Weapons Of Fate,Shooter,f,2009-03-24,2
7118,Mortal Kombat Mythologies: Sub-Zero,Platform,t,1997-12-08,2
11131,Teenage Mutant Ninja Turtles,Action,f,2003-11-25,2
8734,Prisoner Of War,Adventure,f,2002-09-30,2
12391,Unreal Anthology,Shooter,f,2006-11-06,2
2194,Dance Dance Revolution Extreme,Simulation,t,2004-09-21,2
3262,Endgame,Shooter,t,2002-06-04,2
4748,Hermie Hopperhead: Scrap Panic,Platform,t,1995-09-29,2
7914,Ninja Blade,Action,f,2009-10-31,2
12267,Tv Anime Idolm@Ster: Cinderella Girls G4u! Pack Vol.8,Misc,t,2016-01-28,2
2783,Doodle Hex,Puzzle,t,2020-12-31,2
3281,Ephemeral: Fantasy On Dark,Adventure,t,2018-01-18,2
7686,Need For Speed Rivals,Racing,t,2013-11-22,2
9554,Samurai Spirits (Cd),Fighting,t,1994-09-09,2
3561,Farming 2017 - The Simulation,Simulation,t,2016-08-19,2
2293,Darkstone,Role-Playing,t,2001-01-28,2
7952,No Man'S Sky,Action-Adventure,t,2016-08-09,2
1407,C: The Contra Adventure,Shooter,t,1998-09-01,2
4946,Hulk,Action,f,2003-05-27,2
4115,Gauntlet: Dark Legacy,Action,t,2001-05-01,2
3741,Final Fantasy Xiv: Stormblood,Mmo,f,2017-06-20,2
2879,Dragon Ball Heroes: Ultimate Mission X,Misc,t,2017-04-27,2
8015,Nuclear Strike 64,Simulation,t,1999-11-30,2
1228,Boxboy! Hakobume Box,Puzzle,t,2017-02-02,2
1902,Command & Conquer: Red Alert 2,Strategy,f,2000-10-21,2
4357,Great Edo Blacksmith,Simulation,t,2014-11-27,2
2782,Dood'S Big Adventure,Platform,t,2010-11-14,2
12897,World Of Goo,Puzzle,f,2008-10-21,2
5980,Lara Gates: The Lost Talisman,Puzzle,f,2014-11-19,2
2105,Cube Creator X,Misc,t,2018-04-26,2
12964,Worms: Wmd,Strategy,t,2016-08-23,2
6105,Life Is Strange,Adventure,f,2016-01-19,2
11368,The Girl And The Robot,Action-Adventure,t,2017-09-29,2
11453,The King Of Fighters '94,Fighting,t,1994-10-01,2
7213,Ms. Pac-Man: Maze Madness,Puzzle,t,2000-11-12,2
11227,Tetris Worlds,Puzzle,t,2002-06-23,2
1580,Castlevania Dracula X,Platform,t,1995-09-01,2
12250,Turbo Trainz,Racing,t,2020-12-31,1
2060,Criticom,Fighting,t,1996-03-01,1
1766,Cities: Skylines,Simulation,t,2017-08-15,1
358,Amazing Island,Strategy,t,2004-08-25,1
2078,Crusader: No Remorse,Adventure,t,1996-12-31,1
7459,Naruto Shippuden: Ultimate Ninja Storm 4,Fighting,f,2016-02-05,1
12777,Winning Post,Sports,t,1993-09-10,1
9610,Sbk 2011: Fim Superbike World Championship,Racing,f,2011-05-11,1
5920,Kung Fu Panda,Platform,f,2008-06-03,1
4585,Hankou Shashin,Adventure,t,1996-06-14,1
7267,Mx Vs. Atv Supercross Encore,Sports,f,2015-10-27,1
99,7 Roses: A Darkness Rises,Misc,f,2015-07-31,1
101,7 Wonders Of The Ancient World,Puzzle,f,2007-02-02,1
12667,Watch Dogs,Action-Adventure,f,2014-05-27,1
1770,City Life 2008 Edition,Simulation,f,2008-07-29,1
1379,Bust-A-Move 4,Puzzle,t,1998-10-31,1
9098,Red Faction Ii,Shooter,f,2003-04-09,1
5528,Just Dance Wii 2,Music,t,2012-07-26,1
533,Armored Core: Master Of Arena,Simulation,t,2000-02-29,1
1465,Call Of Duty: Advanced Warfare,Shooter,f,2014-11-04,1
4314,Grand Ages: Medieval,Strategy,f,2015-09-29,1
6573,Mech Platoon,Strategy,t,2002-01-03,1
6103,Lethal Skies Ii,Simulation,t,2003-09-09,1
7694,Need For Speed: Most Wanted (2012),Racing,f,2012-10-30,1
6048,Lego Legends Of Chima: Laval'S Journey,Action-Adventure,t,2013-06-25,1
3648,Fifa Soccer 06,Sports,f,2005-10-04,1
7191,Mount & Blade: Warband,Role-Playing,f,2010-03-19,1
3630,Fifa 14,Sports,f,2013-09-24,1
6355,Magical Tetris Challenge,Puzzle,t,1998-01-01,1
7190,Mount & Blade Collection,Role-Playing,f,2012-03-13,1
11640,The Sims 2: Bon Voyage,Simulation,f,2007-09-04,1
8510,Pitfall Ii: Lost Caverns,Platform,t,1983-09-16,1
10586,Star Wolves,Role-Playing,f,2005-03-04,1
3128,Dynasty Warriors 8: Empires,Misc,t,2015-04-01,1
1641,Championship Manager 2006,Sports,f,2006-03-31,1
11562,The Matrix: Path Of Neo,Action,f,2005-11-07,1
2292,Darkstone,Role-Playing,f,1999-07-13,1
4096,Gangland,Strategy,f,2004-03-04,1
8313,Payday 2,Shooter,f,2013-08-13,1
4621,Harry Potter: Quidditch World Cup,Sports,f,2003-10-28,1
3792,Flatout,Racing,f,2005-07-12,1
11954,Tom Clancy'S Ghost Recon: Future Soldier,Shooter,f,2012-05-22,1
2659,Disney'S Tarzan,Platform,t,2000-02-14,1
450,Ape Escape Academy,Party,t,2006-01-17,1
2262,Dark Parables: The Exiled Prince,Puzzle,f,2011-02-25,1
1542,Carnival Games: Wild West 3d,Party,t,2011-11-21,1
11220,Tetris Attack,Puzzle,t,1996-08-01,1
5909,Koutetsu No Kishi 2: Sabaku No Rommel Shougun,Strategy,t,1994-01-28,1
12536,Virtua Racing,Racing,t,1994-03-14,1
120,A Bug'S Life,Platform,t,1999-04-30,1
1743,Chronicles Of The Sword,Adventure,t,1996-06-01,1
591,Assassin'S Creed Ii,Action,f,2010-03-09,1
11330,The Elder Scrolls Iv: Oblivion,Role-Playing,f,2009-07-07,1
10677,Street Fighter Alpha Anthology,Fighting,t,2006-06-13,1
4557,Hamster Club 3,Simulation,t,2002-03-29,1
12586,Wall-E,Platform,f,2008-06-24,1
3542,Fantavision,Puzzle,t,2000-10-25,1
4447,Guitar Hero: World Tour,Misc,f,2009-07-26,1
11725,The Train Giant,Simulation,f,2012-04-06,1
3349,Eve: Burst Error,Adventure,t,1997-01-24,1
13182,Yu-Gi-Oh! Reshef Of Destruction,Strategy,t,2004-06-29,1
11326,The Dwarves,Role-Playing,f,2016-12-01,1
3527,Famista '91,Sports,t,1990-12-21,1
1244,Brain Training For Dummies,Misc,f,2008-10-21,1
5036,Il-2 Sturmovik: Cliffs Of Dover,Simulation,f,2011-04-26,1
10300,Sonic Jam,Platform,t,1997-07-31,1
555,Army Men: Sarge'S Heroes,Shooter,t,2000-01-01,1
8999,Rare Replay,Misc,t,2015-08-04,1
8957,Rail Simulator,Simulation,f,2008-01-16,1
8185,Overblood,Action,t,1997-05-22,1
290,Alice In Wonderland,Adventure,f,2010-03-02,1
6127,Little Battlers Experience: Wars,Strategy,t,2013-10-31,1
10280,Sonic & Knuckles,Platform,t,1994-10-17,1
892,Battlesport,Sports,t,1997-06-30,1
10433,Spirits And Demons: 5 Game Pack,Misc,f,2015-08-21,1
12725,White Album 2: Shiawase No Mukougawa,Visual Novel,t,2013-11-28,1
3222,Elemental Gearbolt,Shooter,t,1998-06-30,1
10638,Stella Deus: The Gate Of Eternity,Strategy,t,2005-04-26,1
2274,Dark Void,Action,f,2010-01-19,1
11053,Taishou X Alice: All In One,Visual Novel,t,2016-06-02,1
10279,Sonic & All-Stars Racing Transformed,Racing,t,2013-02-12,1
300,Alien: Isolation,Adventure,f,2014-10-07,1
1507,Capcom Fighting Evolution,Fighting,t,2005-06-14,1
9934,Shining Soul Ii,Role-Playing,t,2004-04-20,1
8859,Puyo Puyo Sun 64,Puzzle,t,1997-10-31,1
6070,Legoland,Simulation,f,1999-04-18,1
2255,Dark Fall 3: Lost Souls,Adventure,f,2010-01-01,1
8866,Puzzle & Dragons: Super Mario Bros. Edition,Puzzle,t,2015-05-22,1
11580,The Operative: No One Lives Forever,Shooter,f,2000-11-09,1
10073,Simfarm,Simulation,f,1993-01-01,1
9334,Roll Away,Puzzle,t,1998-11-30,1
557,Army Men: Sarge'S War,Shooter,t,2004-08-02,1
7691,Need For Speed: Hot Pursuit,Racing,f,2010-11-16,1
11260,The Amazing Spider-Man 2 (2014),Action-Adventure,f,2014-04-29,1
4851,Hitman: Contracts,Shooter,f,2004-04-20,1
12623,"Warhammer 40,000: Eternal Crusade",Shooter,f,2017-03-16,1
12969,Wrc 5: Fia World Rally Championship,Racing,f,2015-11-24,1
8524,Plants Vs Zombies: Garden Warfare,Shooter,f,2014-02-25,1
5273,James Cameron'S Avatar: The Game,Action,f,2009-12-01,1
5969,Lagoon,Role-Playing,t,1991-12-01,1
8616,Populous: The Beginning,Strategy,t,1999-03-31,1
9836,Shantae: Half-Genie Hero,Platform,t,2016-04-01,1
11307,The Crew: Wild Run,Racing,f,2015-11-17,1
10840,Super Meat Boy,Platform,t,2016-04-29,1
3920,Freeway,Action,t,1981-01-01,1
11966,Tom Clancy'S Rainbow Six: Lockdown,Shooter,f,2006-02-16,1
12045,Top Spin 2,Sports,f,2007-06-13,1
1208,Bookworm Deluxe,Puzzle,f,2006-08-30,1
9834,Shanghai: True Valor,Puzzle,t,1999-05-31,1
1703,Child Of Light,Role-Playing,f,2014-04-30,1
9626,School Tycoon,Strategy,f,2004-01-15,1
490,Arcania: Gothic 4,Role-Playing,f,2010-10-19,1
11859,Titanfall,Shooter,f,2014-03-11,1
12070,Total War Attila: Tyrants & Kings,Strategy,f,2016-03-18,1
10372,Space Invaders,Shooter,f,1999-10-05,1
2188,Dance Dance Revolution (Japan),Simulation,t,1999-04-10,1
12928,World Soccer Winning Eleven 9,Sports,f,2006-04-28,1
1622,Chainz Galaxy,Puzzle,f,2011-01-12,1
5717,Kidou Senshi Gundam Vol.3 -A Baoa Qu-,Strategy,t,2002-05-25,1
12431,Uta No?Prince-Sama? Music 2,Music,t,2013-09-05,1
8575,Poképark 2: Wonders Beyond,Action-Adventure,t,2012-02-27,1
2585,Dirt,Racing,f,2007-06-19,1
571,Art Of Murder: Hunt For The Puppeteer,Puzzle,f,2009-02-17,1
7978,Nobunaga No Yabou: Soutensoku With Power-Up Kit,Strategy,t,2011-08-04,1
12615,Wargame: Airland Battle,Misc,f,2013-05-29,1
11341,The End Is Nigh,Platform,t,2017-12-12,1
1219,Borderlands: The Pre-Sequel,Misc,f,2014-10-14,1
9963,Ship Simulator 2008,Simulation,f,2008-01-21,1
11121,Tears To Tiara Ii: Heir Of The Overlord,Visual Novel,t,2014-10-14,1
1528,Cardfight!! Vanguard: Ride To Victory!!,Strategy,t,2013-04-11,1
1819,Clock Tower 3,Adventure,t,2003-03-18,1
4722,Hello Kitty'S Cube Frenzy,Puzzle,t,1999-03-31,1
7402,Namco Museum Vol.4,Misc,t,1997-06-30,1
4370,Grey'S Anatomy: The Video Game,Adventure,f,2009-03-04,1
2415,Defender,Shooter,t,1981-01-01,1
5749,Killing Floor 2,Shooter,t,2016-01-01,1
4714,Heavy Fire: The Chosen Few 3d,Shooter,t,2011-12-19,1
9064,Real Robots Final Attack,Shooter,t,1998-01-08,1
5007,Icewind Dale Ii,Role-Playing,f,2002-09-04,1
12478,Vandal Hearts,Role-Playing,t,1997-03-27,1
10064,Simcity 2000,Simulation,f,1993-01-01,1
12065,Torneko No Daibouken: Fushigi No Dungeon,Role-Playing,t,1993-09-19,1
12915,World Snooker Championship 2005,Sports,f,2005-04-15,1
6630,Mega Man 6,Platform,t,1994-03-01,1
9400,Rugby 08,Sports,f,2007-07-27,1
8114,Operation Flashpoint: Red River,Shooter,f,2011-06-07,1
9891,Shin Megami Tensei Ii,Role-Playing,t,1994-04-18,1
10579,Star Wars: Republic Commando,Shooter,f,2005-03-01,1
1927,Conflict: Desert Storm,Shooter,f,2002-10-01,1
8875,Puzzle Quest: Galactrix,Puzzle,f,2009-02-24,1
6667,Mega Man X4,Platform,t,1997-07-31,1
4091,Ganbare Goemon 3: Shishi Jyuurokubei No Karakuri Manji Katame,Platform,t,1994-12-16,1
7893,Nightmare Creatures,Action,t,1997-01-01,1
3364,Everybody Dance,Music,t,2011-10-18,1
8049,Oil Rush,Strategy,f,2012-01-25,1
1769,City Crisis,Simulation,t,2001-07-17,1
9414,Rugby League Team Manager 2015,Sports,f,2015-06-19,1
512,Arma Ii,Shooter,f,2009-07-07,1
1035,Black Dawn,Simulation,t,1996-09-30,1
11678,The Sims Deluxe,Simulation,f,2002-09-15,1
7747,Neverwinter Nights Diamond,Role-Playing,f,2005-11-03,1
11280,The Book Of Unwritten Tales 2,Adventure,f,2014-09-04,1
2129,Cyber Sled,Action,t,1995-10-18,1
11296,The City Of Lost Children,Adventure,t,1997-05-31,1
1773,City Of Villains,Role-Playing,f,2005-10-31,1
8319,Pd Ultraman Battle Collection 64,Strategy,t,1999-07-16,1
3567,Farming Simulator 17: Straw Harvest,Simulation,f,2017-11-30,1
8022,Obscure,Adventure,f,2005-04-06,1
6619,Medieval: Total War,Strategy,f,2002-08-19,1
11219,Tetris 2 + Bombliss,Puzzle,t,1991-12-13,1
4999,Ia/Vt Colorful,Music,t,2015-07-30,1
11442,The Incredibles,Action,f,2004-10-26,1
11018,Tactical Ops: Assault On Terror,Shooter,f,2002-04-24,1
2588,Dirt 4,Racing,f,2017-06-06,1
8138,Origin And Fate - 5 Game Pack,Misc,f,2014-09-26,1
9188,Rfactor,Racing,f,2005-08-31,1
11220,Tetris Attack,Puzzle,t,1996-08-04,1
8272,Paraparaparadise,Misc,t,2001-03-15,1
10672,Street Cleaning Simulator,Simulation,f,2011-07-01,1
10694,Streets Of Rage,Action,t,1990-12-31,1
12668,Watch Dogs 2,Action,f,2016-11-15,1
8964,Railworks: Tornado Edition,Simulation,f,2009-12-11,1
7974,Nobunaga No Yabou: Haouden,Strategy,t,1993-12-09,1
9605,Saturn Bomberman,Puzzle,t,1997-01-01,1
8078,One Piece: Great Pirate Colosseum,Fighting,t,2016-09-21,1
4052,Galerians: Ash,Adventure,t,2003-02-03,1
2152,Dai-2-Ji Super Robot Taisen Α,Strategy,t,2003-03-27,1
1978,Cossacks: European Wars,Strategy,f,2001-04-14,1
2956,Dragon Star Varnir,Role-Playing,t,2019-06-11,1
1645,Championship Manager 3,Sports,f,2003-11-20,1
11575,The New Tetris,Puzzle,t,1999-07-31,1
10812,Super Bust-A-Move,Puzzle,t,2000-11-26,1
7900,Nights: Journey Of Dreams,Platform,t,2007-12-18,1
5688,Kenka Bancho Otome,Visual Novel,t,2016-05-19,1
1546,Cars 2,Racing,f,2011-06-21,1
8915,R-Type Tactics Ii: Operation Bitter Chocolate,Strategy,t,2009-12-10,1
9076,Realsports Tennis,Sports,t,1983-01-01,1
12641,"Warioware, Inc.: Mega Party Game$",Puzzle,t,2004-04-06,1
1615,Centipede,Shooter,t,1999-04-30,1
6407,Major League Baseball 2k11,Sports,f,2011-03-08,1
11558,The Magician'S Handbook: Cursed Valley,Puzzle,f,2007-06-28,1
9338,Rollercoaster Tycoon,Simulation,f,1999-03-31,1
9671,Sd Gundam Gaiden: Knight Gundam Monogatari: Ooinaru Isan,Role-Playing,t,1991-12-21,1
11283,The Bureau: Xcom Declassified,Shooter,f,2013-08-20,1
10029,Sid Meier'S Civilization: Beyond Earth,Simulation,f,2014-10-24,1
8876,Puzzle Star Sweep,Puzzle,t,2001-01-03,1
6602,Medal Of Honor: Pacific Assault,Shooter,f,2004-11-04,1
5223,J-League Soccer: Prime Goal,Sports,t,1993-08-06,1
2813,Doraemon 2: Nobita No Toizurando Daibouken,Role-Playing,t,1993-12-17,1
115,A-Train 3d: City Simulator Neo,Simulation,t,2016-12-01,1
10771,Summer Challenge: Athletics Tournament,Sports,f,2011-09-02,1
2873,Dragon Age: Origins - Ultimate Edition,Role-Playing,f,2010-10-12,1
7704,Need For Speed: Undercover,Racing,f,2008-11-17,1
5783,King Arthur Ii: The Role-Playing Wargame,Strategy,f,2012-01-10,1
6795,Metroid: Samus Returns,Action-Adventure,t,2017-09-15,1
208,Agatha Christie: Murder On The Orient Express,Adventure,f,2006-11-21,1
8795,Project Cars,Racing,f,2015-05-12,1
11248,The Adventures Of Cookie & Cream,Puzzle,t,2001-04-30,1
9500,Saiyuki: Journey West,Strategy,t,2001-08-13,1
9330,Rogue Trooper,Shooter,f,2006-05-23,1
488,Arcana Heart 3,Fighting,t,2011-08-19,1
7989,Noël: Not Digital,Adventure,t,1996-07-26,1
78,4 Elements,Puzzle,f,2009-05-11,1
10971,Swat 4: The Stetchkov Syndicate,Shooter,f,2006-02-28,1
291,Alice: Madness Returns,Adventure,f,2011-06-14,1
9207,Ridge Racer 2,Racing,t,2020-12-31,1
8885,Q*Bert,Puzzle,t,1983-01-01,1
7977,Nobunaga No Yabou: Reppuuden,Strategy,t,1999-09-09,1
10645,Stoked: Big Air Edition,Sports,f,2011-03-11,1
8576,Poker For Dummies,Misc,f,2008-10-27,1
11218,Tetris 2 (Weekly Jp Sales),Puzzle,t,1993-01-01,1
1375,Bust-A-Move,Puzzle,t,1995-01-01,1
1101,Bleach: Soul Resurreccion,Fighting,t,2011-08-03,1
12396,Unreal Tournament 2003,Shooter,f,2002-09-30,1
3772,Fishdom,Puzzle,f,2008-06-21,1
1868,Colin Mcrae Rally 2005,Action,f,2004-10-28,1
9814,Shadow Of Destiny,Adventure,f,2002-07-22,1
13311,Zumba Fitness Rush,Music,t,2012-02-14,1
12775,Winning Eleven: Pro Evolution Soccer 2007,Sports,f,2007-06-01,1
4883,Hoppechan: Tsukutte! Asonde! Punipuni Town!!,Simulation,t,2013-07-25,1
12971,Wrc 6,Racing,f,2016-10-07,1
11536,The Lion King,Platform,t,1994-12-08,1
3912,Freedom Force Vs The 3rd Reich,Role-Playing,f,2005-03-08,1
11986,Tomb Raider Ii,Adventure,f,1997-10-31,1
7348,Myst,Adventure,t,1995-01-01,1
5532,Just Dance: Greatest Hits,Music,t,2012-07-26,1
1824,Clockwork Knight,Platform,t,1995-05-11,1
1987,Covert Ops: Nuclear Dawn,Action,t,2000-05-31,1
12179,Trials Fusion,Misc,f,2014-04-24,1
10418,Spider-Man: Friend Or Foe,Action,f,2007-10-02,1
5211,J-League Excite Stage '95,Sports,t,1995-04-28,1
42,18 Wheels Of Steel: Convoy,Racing,f,2005-09-01,1
12275,Twin Sector,Action,f,2010-01-23,1
10730,Sub Command,Simulation,f,2001-09-12,1
11631,The Simpsons: Hit & Run,Racing,f,2003-11-13,1
11087,Tamagotchi,Simulation,t,1997-06-26,1
5551,Kaboom!,Action,t,1981-01-01,1
2424,Delta Force 2,Shooter,f,1999-10-31,1
3634,Fifa 18,Sports,f,2017-09-29,1
1377,Bust-A-Move 2 Arcade Edition,Puzzle,t,1996-03-29,1
10026,Sid Meier'S Civilization Revolution 2+,Strategy,t,2015-12-03,1
11664,The Sims 3: Outdoor Living Stuff,Simulation,f,2011-02-01,1
11247,The Activision Decathlon,Sports,t,1983-01-01,1
6876,Mini-Yonku Gb: Let'S & Go!!,Strategy,t,1997-05-23,1
3482,Fallout Anthology,Action,f,2015-09-29,1
6256,Lunacy,Adventure,t,1997-05-31,1
5492,Jumping Flash!,Platform,t,1995-04-27,1
10551,Star Wars Galaxies: The Total Experience,Role-Playing,f,2005-05-25,1
6854,Millipede,Shooter,t,1984-01-01,1
5849,Knights Of Honor,Strategy,f,2005-06-06,1
2497,Destroyer Command,Strategy,f,2002-02-14,1
4050,Gale Racer,Racing,t,1994-12-02,1
7354,Myst V: End Of Ages,Adventure,f,2005-09-19,1
12211,Tropico,Strategy,f,2001-04-23,1
8034,Oddworld: Abe'S Oddysee,Platform,t,1997-08-31,1
2606,Discworld Noir,Adventure,f,1999-01-01,1
7169,Motor Toon Grand Prix (Japan),Racing,t,1994-12-16,1
11950,Tom Clancy'S Ghost Recon Advanced Warfighter,Shooter,f,2006-05-03,1
1859,Codename: Panzers Complete Collection,Strategy,f,2016-02-29,1
6018,Legend: Hand Of God,Role-Playing,f,2008-08-01,1
4408,Guild Wars Trilogy,Role-Playing,f,2005-04-26,1
11754,The Witcher: Enhanced Edition,Role-Playing,f,2008-09-16,1
11805,Tiger Woods Pga Tour 06,Sports,f,2005-09-20,1
1223,Boulder Dash-Xl,Action,f,2011-08-05,1
536,Armored Core: Project Phantasma,Simulation,t,1998-09-30,1
9200,Ride 2,Racing,f,2016-10-07,1
2509,Deus Ex Complete,Role-Playing,f,2009-06-26,1
10641,Still Life,Adventure,f,2005-05-04,1
6061,Lego Star Wars Ii: The Original Trilogy,Action,f,2006-09-12,1
9906,Shin Momotarou Densetsu,Role-Playing,t,1993-12-24,1
13043,X-Plane 11,Simulation,f,2017-04-06,1
7366,Mystery P.I.: The New York Fortune,Adventure,f,2009-01-14,1
11651,The Sims 2: Open For Business,Simulation,f,2006-02-28,1
1500,Capcom'S Soccer Shootout,Sports,t,1994-06-01,1
5953,L'Aigle De Guerre,Strategy,t,2001-11-21,1
8912,R-Type Delta,Shooter,t,1999-07-31,1
8552,Point Blank 2,Shooter,t,1999-04-30,1
3864,Formula One World Championship: Beyond The Limit,Racing,t,1994-04-06,1
6969,Mobile Suit Gundam Version 2.0,Action,t,1996-03-29,1
6304,Madagascar,Platform,f,2005-05-24,1
3420,F.E.A.R. 2: Project Origin,Shooter,f,2009-02-10,1
4334,"Grand Theft Auto: Mission Pack #1, London 1969",Adventure,t,1999-04-30,1
8703,Prince Of Persia: The Two Thrones,Adventure,f,2005-12-01,1
5453,John Madden Football,Sports,t,1991-11-01,1
9686,Seaman,Simulation,t,2000-08-09,1
5345,Jewel Quest 5: The Sleepless Star,Puzzle,f,2011-02-15,1
11573,The Mystery Of The Crystal Portal,Adventure,f,2010-05-28,1
11672,The Sims 4: Cats & Dogs,Simulation,f,2017-11-10,1
407,Angry Birds: Star Wars,Puzzle,t,2013-11-15,1
10032,Sid Meier'S Simgolf,Simulation,f,2002-01-23,1
11480,The King Of Fighters Xiv,Fighting,t,2016-08-23,1
1866,Colin Mcrae Rally 04,Racing,f,2004-04-02,1
6021,Legends Of Chima: Laval'S Journey,Action-Adventure,t,2013-06-25,1
10059,Sim Theme Park,Strategy,t,1999-10-24,1
7717,Neo Atlas,Strategy,t,1998-02-26,1
6255,Lumo,Puzzle,t,2016-08-30,1
5113,Indy Racing 2000,Racing,t,2000-05-30,1
4372,Grid 2,Misc,f,2013-05-28,1
12136,Train Simulator 2016,Simulation,f,2015-09-17,1
7887,Night Warriors: Darkstalkers' Revenge,Fighting,t,1996-02-22,1
1376,Bust-A-Move '99,Puzzle,t,1999-04-30,1
9660,Sd Gundam G Generation-F.I.F,Strategy,t,2001-05-02,1
5180,Iron Man,Action,f,2008-05-06,1
11614,The Saboteur,Action,f,2009-12-08,1
337,Alone In The Dark: One-Eyed Jack'S Revenge,Adventure,t,1996-08-01,1
12281,Twisted Metal,Action,t,1995-11-05,1
931,Bejeweled 2 Deluxe,Puzzle,f,2006-08-30,1
4521,Hakuoki: Warriors Of The Shinsengumi,Simulation,t,2013-02-19,1
2515,Devil Dice,Puzzle,t,1998-06-30,1
3528,Famista '92,Sports,t,1991-12-20,1
4263,Goku Makaimura Kai,Platform,t,2007-08-02,1
11673,The Sims 4: City Living,Simulation,f,2016-11-01,1
1496,Cannon Fodder 3,Action,f,2012-08-06,1
12148,Transformers: Devastation,Action,f,2015-10-06,1
2448,Densha De Go! 2,Simulation,t,1999-03-18,1
905,Beamrider,Shooter,t,1984-01-24,1
9199,Ride,Racing,f,2015-06-23,1
8872,Puzzle Kingdoms,Puzzle,f,2009-04-16,1
8526,Plants Vs. Zombies: Garden Warfare 2,Shooter,f,2016-02-23,1
6785,Meteos,Puzzle,t,2005-06-28,1
12697,We Sing 80s,Music,t,2013-02-08,1
2090,Crystar,Role-Playing,t,2019-08-27,1
11700,The Spongebob Squarepants Movie,Platform,f,2004-10-27,1
13248,Zero4 Champ Rr-Z,Racing,t,1995-11-25,1
10975,Sweet Pool,Visual Novel,t,2018-05-31,1
2589,Dirt Rally,Racing,f,2015-04-27,1
5340,Jewel Master: Cradle Of Rome 2,Puzzle,f,2011-10-21,1
12363,Un Squadron,Shooter,t,1991-09-01,1
5350,Jewel Quest Mysteries 2: Trail Of The Midnight Heart,Puzzle,f,2010-01-12,1
11137,Teenage Mutant Ninja Turtles Ii: Back From The Sewers,Action,t,1991-12-01,1
695,Azada,Adventure,f,2007-08-01,1
9551,Samurai Shodown Sen,Fighting,t,2010-03-30,1
97,7'Scarlet,Adventure,t,2018-05-25,1
10571,Star Wars: Galactic Battlegrounds,Strategy,f,2001-11-11,1
12712,Wetrix,Puzzle,t,1998-06-12,1
10532,Star Trek: Legacy,Simulation,f,2006-12-05,1
100,7 Wonders Ii,Puzzle,f,2007-08-14,1
1776,Civcity: Rome,Strategy,f,2006-07-24,1
11266,The Battle Of Yuu Yuu Hakusho: Shitou! Ankoku Bujutsukai! 120%,Fighting,t,2007-01-11,1
11982,Tom Clancy'S The Division,Shooter,f,2016-03-08,1
1577,Castlevania Bloodlines,Platform,t,1994-03-17,1
1900,Command & Conquer: Generals,Strategy,f,2003-02-10,1
3453,Fable: The Lost Chapters,Role-Playing,f,2005-09-20,1
8248,Painkiller: Gold Edition,Shooter,f,2005-04-18,1
5280,Jampack Summer '99,Misc,t,1999-06-01,1
11536,The Lion King,Platform,t,1994-10-01,1
2604,Discworld,Adventure,f,1995-01-01,1
2792,Doom Collector'S Edition,Shooter,f,2001-09-26,1
10856,Super Power League,Sports,t,1993-08-06,1
2604,Discworld,Adventure,t,1995-01-01,1
5318,Jeremy Mcgrath Supercross 2000,Racing,t,2000-07-14,1
2279,Darklight Conflict,Simulation,t,1997-06-30,1
114,A-Train 3d: City Simulator,Simulation,t,2015-04-14,1
9286,Robotron 64,Shooter,t,1998-01-06,1
10891,Super Robot Taisen R,Strategy,t,2002-08-02,1
10936,Supermarket Mania,Simulation,f,2009-05-22,1
1649,Championship Manager: Season 00/01,Sports,f,2000-01-02,1
9362,Rome: Total War Anthology,Strategy,f,2008-06-20,1
10573,Star Wars: Jedi Starfighter,Simulation,t,2002-03-10,1
280,Akuji The Heartless,Platform,t,1998-12-31,1
458,Aqua Aqua,Puzzle,t,2001-01-09,1
2708,Disneyland Adventures,Action-Adventure,t,2017-10-31,1
9193,Rhythm Heaven Fever,Music,t,2012-02-13,1
4392,Grudge Warriors,Action,t,2000-06-05,1
8357,Persona Dancing: Deluxe Twin Plus,Music,t,2018-05-24,1
6628,Mega Man 4,Platform,t,1992-01-01,1
11636,The Sims 2,Simulation,f,2004-09-14,1
7687,Need For Speed Underground,Racing,f,2003-11-17,1
8678,Praetorians,Strategy,f,2003-03-10,1
5212,J-League Excite Stage '96,Sports,t,1996-04-26,1
1354,Burgertime,Puzzle,t,1982-01-01,1
5243,Jade Cocoon: Story Of The Tamamayu,Role-Playing,t,1999-07-29,1
1647,Championship Manager 5,Sports,f,2005-03-18,1
5724,Kidou Senshi V Gundam,Action,t,1994-03-11,1
10299,Sonic Heroes,Platform,f,2004-11-17,1
7158,Motogp 08,Racing,f,2008-10-28,1
13181,Yu-Gi-Oh! Power Of Chaos: Yugi The Destiny,Strategy,f,2004-01-12,1
12297,Tyranny,Role-Playing,f,2016-11-15,1
10993,Syberia Ii,Adventure,f,2004-03-30,1
9852,Shellshock,Action,t,1998-01-01,1
9337,Rollercoaster Tycoon,Strategy,t,2003-03-25,1
10524,Star Soldier,Shooter,t,1988-01-01,1
3028,Driving Simulator 2011,Racing,f,2011-04-08,1
1489,Calvin Tucker'S Redneck Jamboree,Misc,f,2009-07-24,1
12771,Wing Commander: Prophecy,Simulation,t,2003-06-04,1
11578,The Next Tetris,Puzzle,t,1999-05-31,1
4950,Hunter X Hunter: Wonder Adventure,Action-Adventure,t,2012-09-20,1
7210,Ms. Pac-Man,Puzzle,t,1982-01-01,1
3593,Fatal Fury 2,Fighting,t,1994-04-01,1
451,Ape Escape Academy (Jp Sales),Party,t,2006-01-17,1
12189,Trine,Platform,f,2009-07-02,1
7246,Musynx,Music,t,2018-06-19,1
6609,Medarot 2: Kabuto / Kuwagata Version,Role-Playing,t,1999-07-23,1
2193,Dance Dance Revolution Extra Mix,Simulation,t,2001-06-07,1
5438,Jissen Pachi-Slot Hisshouhou! Aladdin A,Misc,t,2002-07-18,1
11045,Taiko No Tatsujin: V Version,Music,t,2015-07-09,1
9366,Roogoo,Puzzle,f,2008-06-30,1
1486,Call Of Juarez: Bound In Blood,Shooter,f,2009-06-30,1
2619,Dishonored 2,Action,f,2016-11-10,1
341,Alpha Protocol,Role-Playing,f,2010-06-01,1
3997,Future Cop L.A.P.D.,Simulation,t,1998-09-16,1
10282,Sonic & Sega All-Stars Racing Transformed,Racing,t,2013-02-12,1
12354,Ultraman All-Star Chronicle,Strategy,t,2013-03-07,1
3036,Drummania,Simulation,t,2000-03-04,1
7768,Next Hatsune Miku: Project Diva,Music,t,2013-08-27,1
1442,Cafe Cuillere,Visual Novel,t,2018-01-01,1
10277,Soni Pro,Music,t,2014-07-31,1
4613,Harry Potter And The Deathly Hallows - Part 2,Action,f,2011-07-12,1
10024,Sid Meier'S Civilization Iii,Strategy,f,2001-10-30,1
1648,Championship Manager 99/00,Sports,f,2000-01-01,1
2848,Dr. Mario 64,Puzzle,t,2001-04-08,1
10384,Spartan,Strategy,f,2004-05-28,1
9517,"Sakura Wars 2: Kimi, Shinitamou Koto Nakare",Adventure,t,2000-09-21,1
11689,The Sims: Unleashed,Simulation,f,2002-09-23,1
3857,Forever Kingdom,Role-Playing,t,2002-01-21,1
3110,Dynasty Tactics 2,Strategy,t,2003-09-23,1
281,Aladdin Magic Racer,Racing,t,2011-12-27,1
8986,Ranma 1/2: Akanekodan Teki Hihou,Role-Playing,t,1993-10-22,1
48,1942,Shooter,t,1986-11-01,1
1188,Bomberman Ii,Puzzle,t,1992-01-01,1
11138,Teenage Mutant Ninja Turtles Ii: The Arcade Game,Action,t,1990-12-01,1
12481,Vanguard: Saga Of Heroes,Role-Playing,f,2007-01-30,1
10030,Sid Meier'S Pirates!,Strategy,t,2005-07-11,1
11553,The Lost Vikings,Puzzle,t,2003-03-25,1
2715,Divine Divinity,Role-Playing,f,2002-09-22,1
10695,Streets Of Rage 3,Action,t,1994-03-17,1
6749,Metal Gear Solid,Action,f,2000-09-24,1
3022,Driver: Parallel Lines,Racing,f,2007-06-26,1
7217,Mtv Music Generator 2,Misc,t,2001-05-19,1
11660,The Sims 3: Fast Lane Stuff,Simulation,f,2010-09-07,1
6879,Mini Ninjas,Action,f,2009-09-08,1
6728,Mercenaries 2: World In Flames,Shooter,f,2008-09-03,1
11690,The Sims: Vacation,Simulation,f,2002-03-25,1
9603,Saturday Night Slam Masters,Fighting,t,1994-06-01,1
10861,Super Puzzle Fighter Ii,Puzzle,t,2003-03-31,1
2575,Dino Crisis 2,Action,f,2002-08-20,1
11959,Tom Clancy'S Hawx,Action,f,2009-03-03,1
12504,Victory Zone,Misc,t,1995-03-31,1
2874,Dragon Ball Gt: Final Bout,Fighting,t,1997-07-31,1
1284,Brigandine: The Legend Of Forsena,Strategy,t,1998-10-31,1
4901,Hospital Tycoon,Strategy,f,2007-06-05,1
4305,Gradius,Shooter,t,1986-12-01,1
8740,Pro Cycling Manager 2018,Simulation,f,2018-06-28,1
11312,The Curse Of Monkey Island,Adventure,f,1997-10-31,1
1221,Bottom Of The 9th '97,Sports,t,1997-06-01,1
12061,Torment: Tides Of Numenã©Ra,Role-Playing,f,2017-02-28,1
6596,Medal Of Honor: Allied Assault,Shooter,f,2002-01-20,1
4342,Grandia Ii,Role-Playing,t,2002-01-28,1
930,Beijing 2008,Sports,f,2008-08-04,1
10836,Super Jinsei Game 2,Misc,t,1995-09-08,1
1519,Captain Toad: Treasure Tracker,Puzzle,t,2018-07-13,1
200,Against Rome,Strategy,f,2004-05-05,1
13205,Yuu Yuu Hakusho 2: Kakutou No Sho,Fighting,t,1994-06-10,1
6581,Mechwarrior 4: Vengeance,Simulation,f,2000-11-23,1
3544,Far Cry 3,Shooter,f,2012-12-04,1
2871,Dragon Age: Inquisition,Role-Playing,f,2014-11-18,1
4186,Giants: Citizen Kabuto,Shooter,f,2000-12-06,1
1658,Chaos;Child,Visual Novel,t,2015-06-25,1
7979,Nobunaga No Yabou: Souzou,Strategy,t,2013-12-12,1
6203,Lords Of Xulima,Role-Playing,f,2014-11-14,1
10391,Spec Ops: The Line,Shooter,f,2012-06-26,1
10869,Super Robot Taisen 64,Strategy,t,1999-10-29,1
6645,Mega Man Iii,Platform,t,1992-01-01,1
5107,Indiana Jones And The Emperor'S Tomb,Action,f,2003-03-25,1
2186,Dance Central 2,Music,t,2011-10-25,1
8724,Prinny: Can I Really Be The Hero?,Platform,t,2009-02-17,1
11444,The Inner World,Adventure,f,2013-07-18,1
6650,Mega Man Legends,Adventure,t,1998-08-31,1
7702,Need For Speed: Shift 2 Unleashed,Racing,f,2011-03-29,1
11518,The Legend Of Heroes: Trails Of Cold Steel Iii,Role-Playing,t,2019-09-24,1
605,Assassin'S Creed: Brotherhood,Action,f,2011-03-22,1
1151,Blur,Racing,f,2010-05-25,1
13032,X-Men Legends Ii: Rise Of Apocalypse,Role-Playing,f,2005-09-20,1
3445,F1 Race Stars,Racing,f,2012-11-13,1
10863,Super R-Type,Shooter,t,1991-09-01,1
3794,Flatout 2,Racing,f,2006-08-01,1
3017,Driver,Action,f,2000-09-10,1
6765,Metal Gear Solid: Snake Eater 3d,Action-Adventure,t,2012-02-21,1
11951,Tom Clancy'S Ghost Recon Advanced Warfighter 2,Shooter,f,2007-07-17,1
8243,Pacific Fighters,Simulation,f,2004-10-26,1
10746,Sugoi Hebereke,Fighting,t,1994-03-11,1
10439,Split/Second,Racing,f,2010-05-18,1
12336,Ultimate Fighting Championship: Throwdown,Fighting,t,2002-07-29,1
9416,Rugby Union Team Manager 2017,Simulation,f,2016-11-25,1
3242,Emergency 2012,Simulation,f,2011-01-05,1
5914,Kuma-Tomo,Simulation,t,2013-06-20,1
11483,The King Of Fighters: Maximum Impact - Maniax,Fighting,t,2005-06-28,1
9988,Shooter: Space Shot,Shooter,t,2001-01-01,1
1240,Brain Dead 13,Adventure,t,1996-03-06,1
11699,The Spiderwick Chronicles,Adventure,f,2008-02-05,1
8974,Rally Challenge 2000,Racing,t,2000-06-30,1
11226,Tetris Ultimate,Puzzle,t,2015-06-04,1
3486,Fallout: New Vegas Ultimate Edition,Role-Playing,f,2012-02-07,1
10765,Summer Athletics,Sports,f,2008-08-15,1
6750,Metal Gear Solid 2: Substance,Action,f,2003-03-27,1
3101,Dx Game Of Life,Misc,t,1996-03-22,1
8753,Pro Evolution Soccer 2014,Sports,f,2013-09-20,1
5100,Inazuma Eleven Go Strikers 2013,Sports,t,2012-12-20,1
10657,Story Of Seasons,Misc,t,2015-03-31,1
1386,Buster Bros. Collection,Puzzle,t,1997-04-18,1
8313,Payday 2,Shooter,t,2018-02-27,1
8214,Pac-Man Party 3d,Party,t,2011-11-08,1
382,Amnesia Later,Visual Novel,t,2014-10-16,1
5822,Kirby'S Block Ball,Puzzle,t,1996-05-01,1
4637,Harvest Moon 2 Gbc,Simulation,t,2000-09-11,1
6591,Medal Of Honor Allied Assault: War Chest,Shooter,f,2004-03-02,1
883,Battlefield 4,Shooter,f,2013-10-29,1
12952,Worms 3d,Strategy,f,2004-03-12,1
11728,The Typing Of The Dead,Shooter,t,2001-01-23,1
8514,Pixeljunk Monsters Deluxe,Strategy,t,2010-04-27,1
7586,Nba Jam,Sports,t,1993-01-01,1
1576,Castlevania,Platform,t,1999-01-26,1
2122,Custom Robo,Fighting,t,2004-05-10,1
2093,Csi: Dark Motives,Adventure,f,2004-03-23,1
6062,Lego Star Wars Iii: The Clone Wars,Action,f,2011-03-22,1
5005,Ice Age: Dawn Of The Dinosaurs,Platform,f,2009-06-30,1
11425,The Idolm@Ster: Gravure For You! Vol. 9,Simulation,t,2012-06-28,1
12827,Witch Hunters: Stolen Beauty,Action,f,2015-05-08,1
4825,Hisshou 777 Fighter: Pachi Slot Eiyu Densetsu,Misc,t,1994-01-14,1
10805,Super Bomberman 3,Puzzle,t,1995-01-01,1
5088,Impossible Creatures,Strategy,f,2002-12-29,1
4098,Gangsters 2: Vendetta,Strategy,f,2001-06-05,1
866,Battle Soccer: Field No Hasha,Sports,t,1992-12-11,1
6059,Lego Rock Raiders,Strategy,t,2000-08-17,1
2314,Day Of Defeat,Shooter,f,2003-05-06,1
8757,Pro Evolution Soccer 2018,Sports,f,2017-09-12,1
4543,Hallowed Legends: Templar,Action,f,2015-05-08,1
3435,F1 2015,Racing,f,2015-07-21,1
5483,Juiced,Racing,f,2005-06-13,1
11978,Tom Clancy'S Splinter Cell: Conviction,Action,f,2010-04-27,1
6255,Lumo,Puzzle,t,2016-09-09,1
1078,Blazing Angels 2: Secret Missions Of Wwii,Simulation,f,2007-09-21,1
11667,The Sims 3: Showtime,Simulation,f,2012-03-06,1
10816,Super Collapse! Ii,Puzzle,t,2004-03-05,1
1471,Call Of Duty: Ghosts,Shooter,f,2013-11-05,1
593,Assassin'S Creed Ii: Deluxe Edition,Action,f,2010-03-09,1
6525,Mass Effect: Andromeda,Role-Playing,f,2017-03-21,1
9631,Scooby-Doo 2: Monsters Unleashed,Action,f,2004-03-11,1
2127,Cv Casting Voice,Music,t,2014-06-19,1
3080,Dungeon Siege Ii: Broken World,Role-Playing,f,2006-08-01,1
11886,Toca Race Driver 2: Ultimate Racing Simulator,Racing,f,2004-04-15,1
8972,Rallisport Challenge,Racing,f,2002-11-06,1
10860,Super Puyo Puyo 2,Puzzle,t,1995-12-08,1
10735,Sudden Strike 4,Strategy,t,2018-06-26,1
11964,Tom Clancy'S Rainbow Six Vegas,Shooter,f,2006-12-12,1
10877,Super Robot Taisen F Kanketsuhen,Strategy,t,1999-04-15,1
4289,Gone Home,Adventure,f,2013-08-15,1
12611,War Of The Vikings,Misc,f,2014-04-15,1
11493,The Last Remnant,Role-Playing,f,2009-03-24,1
5964,La Pucelle: Tactics,Role-Playing,t,2004-05-04,1
9154,Resident Evil: Operation Raccoon City,Shooter,f,2012-05-18,1
7896,Nights Into Dreams...,Platform,t,1996-08-01,1
802,Barrow Hill: Curse Of The Ancient Circle,Adventure,f,2006-08-25,1
928,Bee Movie Game,Action,f,2007-10-30,1
3833,Football Manager 2013,Sports,f,2012-11-01,1
9097,Red Faction,Shooter,f,2001-09-17,1
11952,Tom Clancy'S Ghost Recon Wildlands,Shooter,f,2017-03-07,1
11670,The Sims 4,Simulation,f,2014-09-02,1
10135,Sinking Island,Adventure,f,2008-08-21,1
6814,Micro Machines: World Series,Racing,f,2017-06-30,1
12769,Wing Commander Iii: Heart Of The Tiger,Action,t,1996-03-28,1
8922,R.B.I. Baseball 3,Sports,t,1991-01-01,1
9514,Sakura Taisen Hanagumi Tsuushin,Misc,t,1997-02-14,1
10686,Street Fighter V,Fighting,f,2016-02-16,1
2870,Dragon Age Origins: Awakening,Role-Playing,f,2010-03-16,1
5167,Inversion,Shooter,f,2012-06-30,1
6266,Lunar: Silver Star Story Complete,Role-Playing,t,1999-05-28,1
9001,Rat Attack!,Puzzle,t,1999-08-31,1
2671,Disney Art Academy,Misc,t,2016-05-13,1
9926,Shining Force Iii,Strategy,t,1998-05-31,1
11908,Tokimeki Memorial: Private Collection,Misc,t,1996-04-26,1
12149,Transformers: Fall Of Cybertron,Action,f,2012-08-21,1
12995,Wwe 2k18,Sports,t,2017-12-05,1
11196,Tennis World Tour,Sports,t,2018-07-10,1
3186,Echo Night,Adventure,t,1999-07-31,1
619,Asteroids,Shooter,t,1981-01-01,1
5357,Jewel Time Deluxe,Puzzle,f,2011-06-17,1
10357,South Park: The Stick Of Truth,Role-Playing,f,2014-03-04,1
11858,Titan Quest: Immortal Throne,Role-Playing,f,2007-03-05,1
7723,Neon Genesis Evangelion,Adventure,t,1996-03-01,1
1632,Champion Jockey Special,Simulation,t,2017-09-14,1
6055,Lego Pirates Of The Caribbean: The Video Game,Action,f,2011-05-24,1
1265,Bravo Team,Shooter,t,2018-03-06,1
4331,Grand Theft Auto: Episodes From Liberty City,Adventure,f,2010-04-13,1
10923,Super Wagyan Land,Action,t,1991-12-13,1
10912,Super Soccer,Sports,t,1992-05-01,1
2544,Dig Dug,Puzzle,t,1983-01-01,1
12382,Unison: Rebels Of Rhythm & Dance,Misc,t,2001-03-22,1
3102,Dx Game Of Life 2,Misc,t,1997-07-24,1
2814,Doraemon 3: Nobi Dai No Machi Sos!,Platform,t,2000-07-28,1
7172,Motorsport Manager (2017),Simulation,f,2017-03-27,1
3546,Far Cry 4,Shooter,f,2014-11-18,1
3721,Final Fantasy Vii International,Role-Playing,t,1997-10-02,1
7032,Monopoly Tycoon,Simulation,f,2001-09-24,1
6039,Lego Harry Potter: Years 1-4,Adventure,f,2010-06-29,1
2322,De Blob 2,Platform,t,2018-08-28,1
1287,Broken Helix,Action,t,1997-05-29,1
12892,World League Soccer,Sports,t,1992-04-01,1
12947,Worldneverland: Elnea Kingdom,Misc,t,2018-03-15,1
289,Alias,Action,f,2004-06-14,1
2972,Drakensang: The Dark Eye,Role-Playing,f,2009-02-23,1
8612,Popolocrois Monogatari Ii,Role-Playing,t,2000-01-27,1
11823,Tigershark,Simulation,t,1997-03-31,1
13282,Zone Of The Enders Hd Edition,Simulation,t,2013-07-23,1
11855,Tiny Toon Adventures: Wacky Stackers,Puzzle,t,2001-12-30,1
7355,Myst: Masterpiece Edition,Adventure,f,1999-01-01,1
11551,The Lost Crown: A Ghost-Hunting Adventure,Adventure,f,2008-03-03,1
10628,Steel Soldiers,Strategy,f,2001-06-14,1
6472,Mario Bros.,Platform,t,1983-10-01,1
6428,Mall Tycoon,Strategy,f,2002-02-03,1
9552,Samurai Shodown V,Fighting,t,2006-01-18,1
6339,Mafia,Action,f,2002-08-28,1
1977,Cossacks: Back To War,Strategy,f,2002-11-20,1
10803,Super Bomberman,Puzzle,t,1993-01-01,1
2126,Cut The Rope: Triple Treat,Puzzle,t,2014-03-25,1
4342,Grandia Ii,Role-Playing,f,2002-03-10,1
8823,Psychonauts,Platform,f,2005-04-26,1
7189,Mount & Blade,Role-Playing,f,2008-09-16,1
12758,Wildlife Park 2,Simulation,f,2006-07-17,1
8806,Project V6,Strategy,t,1998-02-26,1
896,Battletanx,Action,t,1998-12-31,1
8943,Radiant Silvergun,Shooter,t,1998-07-23,1
6171,Locoroco 2,Platform,t,2009-02-10,1
5634,Katamari Damacy,Puzzle,t,2004-09-21,1
11572,The Mystery Collection,Adventure,f,1995-01-01,1
1644,Championship Manager 2010,Sports,f,2009-09-11,1
12906,World Racing 2,Racing,f,2006-08-14,1
2417,Defender Ii,Shooter,t,1988-01-01,1
3501,Famicom Mini: Sd Gundam World Gachapon Senshi - Scramble Wars,Strategy,t,2004-08-10,1
11671,The Sims 4 Seasons,Simulation,f,2018-06-22,1
5493,Jumping Flash! 2,Platform,t,1996-08-31,1
13297,Zoo Tycoon 2: Ultimate Collection,Strategy,f,2008-12-05,1
8853,Puyo Pop Fever,Puzzle,t,2004-07-20,1
11008,System Shock 2,Role-Playing,f,1999-08-11,1
9711,Sega 3d Classics Collection,Misc,t,2016-04-26,1
1729,Chou No Doku: Hana No Kusari - Taishou Tsuyakoi Ibun,Visual Novel,t,2014-01-16,1
9029,Rayman Arena,Racing,f,2002-09-24,1
9679,Sea Dogs,Simulation,f,2000-11-24,1
1207,Bookworm Adventures Deluxe,Puzzle,f,2006-12-14,1
4622,Harukanaru Augusta 2: Masters,Sports,t,1993-09-19,1
7724,Neon Genesis Evangelion 2nd Impression,Role-Playing,t,1997-03-07,1
10698,Strider 2,Platform,t,2000-07-29,1
7186,Moujuutsukai To Oujisama: Flower & Snow,Visual Novel,t,2015-06-11,1
2881,Dragon Ball Z,Fighting,t,1999-01-01,1
7969,Nobunaga'S Ambition: Taishi,Strategy,t,2018-06-05,1
8359,Persona Q2: New Cinema Labyrinth,Role-Playing,t,2019-06-04,1
443,Apache: Air Assault,Simulation,f,2010-11-19,1
11031,Taiko Drum Master: Don And Katsu'S Space-Time Great Adventure,Music,t,2014-06-26,1
212,Age Of Conan: Rise Of The Godslayer,Role-Playing,f,2010-05-11,1
683,Auto Destruct,Action,t,1998-02-28,1
3911,Freedom Force,Role-Playing,f,2002-03-24,1
407,Angry Birds: Star Wars,Puzzle,t,2013-11-22,1
9307,Rocket League,Sports,f,2015-07-07,1
13120,Yooka-Laylee,Platform,t,2018-01-01,1
10380,Space Siege,Role-Playing,f,2008-08-12,1
4111,Garshasp: The Monster Slayer,Action,f,2011-05-09,1
5975,Langrisser V: The End Of Legend,Strategy,t,1998-06-18,1
7969,Nobunaga'S Ambition: Taishi,Strategy,t,2017-11-30,1
12341,Ultimate Marvel Vs. Capcom 3,Fighting,t,2017-03-07,0
9318,Rocksmith 2014,Music,f,2016-10-04,0
8797,Project Eden,Action,f,2001-10-08,0
7205,Mr. Driller,Puzzle,t,2000-05-09,0
3108,Dynamite Headdy,Platform,t,1994-08-04,0
8851,Puyo Pop,Puzzle,t,2002-02-11,0
1241,Brain Exercise With Dr. Kawashima,Misc,f,2009-05-29,0
2241,Dangerous Waters,Simulation,f,2006-01-13,0
7922,Ninja Hattori Kun: Ninja Wa Shuugyou Degogiru No Maki,Platform,t,1986-03-05,0
1469,Call Of Duty: Black Ops Iiii,Shooter,f,2018-10-12,0
1932,Conker'S Bad Fur Day,Platform,t,2001-03-04,0
1844,Code Name: S.T.E.A.M.,Strategy,t,2015-03-13,0
12620,"Warhammer 40,000: Dawn Of War Iii",Strategy,f,2017-04-27,0
9636,Scooby-Doo! Mystery Mayhem,Adventure,t,2003-09-10,0
1870,Colin Mcrae Rally 3,Racing,f,2003-06-13,0
6476,Mario No Super Picross,Puzzle,t,1995-09-14,0
9389,Rpg Maker Mv,Misc,t,2019-03-01,0
10789,Summoner,Role-Playing,f,2001-03-19,0
9925,Shining Force Ii,Strategy,t,1994-10-19,0
2061,Croc 2,Platform,f,2000-02-29,0
539,Armorines: Project S.W.A.R.M.,Shooter,t,2000-05-03,0
5283,Jampack Summer 2k,Misc,t,2000-05-15,0
9690,Sébastien Loeb Rally Evo,Racing,f,2016-01-29,0
2319,Dc Universe Online,Mmo,f,2011-01-11,0
9031,Rayman Gold,Platform,f,1997-01-01,0
2020,Crayon Shin-Chan: Arashi O Yobu Enji,Platform,t,1993-07-30,0
12836,Wizardry: Llylgamyn Saga,Role-Playing,t,1998-02-26,0
9673,Sd Gundam Gx,Strategy,t,1994-05-27,0
2475,Desert Falcon,Shooter,t,1987-06-14,0
9034,Rayman Raving Rabbids,Misc,f,2006-12-11,0
12831,Wizardry 8,Role-Playing,f,2001-11-14,0
10796,Super Adventure Island,Platform,t,1992-04-01,0
3096,Dungeons 2,Role-Playing,f,2015-04-24,0
4480,Gungriffon Ii,Simulation,t,1998-04-23,0
13307,Zuma'S Revenge!,Puzzle,f,2009-09-16,0
2285,Darksiders: Warmastered Edition,Action-Adventure,t,2017-05-23,0
4611,Harry Potter And The Chamber Of Secrets,Adventure,f,2002-11-14,0
7352,Myst Iii: Exile,Adventure,f,2001-05-08,0
11228,Tetris Worlds (Online Edition),Puzzle,t,2003-06-13,0
11983,Tomb Raider,Action,f,1996-11-14,0
12217,Tropico 5,Simulation,f,2015-01-01,0
11604,The Punisher,Shooter,f,2005-01-18,0
213,Age Of Empires Gold Edition,Strategy,f,1999-08-24,0
5314,Jeopardy!,Misc,t,1998-02-25,0
712,Back To The Future: The Game,Adventure,f,2010-12-23,0
6905,Mirror'S Edge Catalyst,Platform,f,2016-06-07,0
9349,Romance Of The Three Kingdoms Iii: Dragon Of Destiny,Strategy,t,1993-01-01,0
11139,Teenage Mutant Ninja Turtles Iii: The Manhattan Project,Action,t,1992-02-01,0
12385,Universe At War: Earth Assault,Strategy,f,2007-12-10,0
11259,The Amazing Spider-Man (2012),Action-Adventure,f,2012-08-10,0
8219,Pac-Man World 3,Platform,f,2005-12-08,0
4772,Hidden Expedition: The Crown Of Solomon,Adventure,f,2014-11-19,0
2878,Dragon Ball Heroes: Ultimate Mission 2,Fighting,t,2014-08-07,0
7414,Nancy Drew: Danger By Design,Adventure,f,2006-07-11,0
5016,Igi 2: Covert Strike,Shooter,f,2003-03-03,0
3727,Final Fantasy Xi: Online,Mmo,t,2004-09-21,0
10276,Song Of The Deep,Action,f,2016-07-12,0
3338,Euro Truck Simulator,Simulation,f,2013-03-08,0
11661,The Sims 3: Generations,Simulation,f,2011-05-31,0
4754,Heroes Of Might And Magic Iv,Strategy,f,2002-03-29,0
1867,Colin Mcrae Rally 2.0,Racing,f,2001-02-14,0
873,Battle Worlds: Kronos,Strategy,f,2013-11-04,0
611,Assault Rigs,Action,t,1996-02-01,0
2317,Daytona Usa,Racing,t,1995-05-11,0
1293,Broken Sword: The Serpent'S Curse,Adventure,f,2014-06-20,0
10717,Stuart Little 2,Platform,t,2002-07-12,0
4736,Hello Neighbor,Action,f,2017-12-08,0
8517,Planescape: Torment,Role-Playing,f,1999-11-30,0
2358,Deadfall Adventures,Shooter,t,2013-07-01,0
9317,Rocksmith,Misc,f,2012-05-13,0
2829,Double Dragon,Action,t,1989-07-23,0
5550,K-On! After School Live!! Hd Ver.,Music,t,2012-06-21,0
3261,End Of Nations,Strategy,f,2012-06-12,0
4617,Harry Potter And The Prisoner Of Azkaban,Adventure,f,2004-05-25,0
2400,Deemo: The Last Recital,Music,t,2019-01-29,0
10550,Star Wars Galaxies: Jump To Lightspeed,Role-Playing,f,2004-10-26,0
3178,East India Company Collection,Misc,f,2010-05-05,0
4371,Grid,Racing,f,2008-06-03,0
4288,Gon: Bakubakubakubaku Adventure,Platform,t,2012-06-14,0
7991,Nonomura Byoin No Hitobito,Adventure,t,1996-04-26,0
11334,The Elder Scrolls Online,Mmo,f,2014-04-04,0
8616,Populous: The Beginning,Strategy,f,1998-11-30,0
12008,Tony Hawk'S American Wasteland,Sports,f,2006-02-01,0
5014,Idolish7 Twelve Fantasia!,Music,t,2018-02-15,0
12491,Venetica,Role-Playing,f,2011-01-11,0
12984,Wsc Real 09: World Snooker Championship,Sports,f,2009-04-03,0
9032,Rayman Legends,Platform,f,2013-09-03,0
8059,Olliolli: Epic Combo Edition,Platform,t,2016-07-26,0
4092,Ganbare Goemon! Karakuri Douchuu,Platform,t,1986-07-30,0
2503,Detective Conan: Marionette Symphony,Adventure,t,2013-04-25,0
6100,Lethal Enforcers,Shooter,t,1994-01-01,0
2860,Dragon'S Dogma,Role-Playing,f,2016-01-15,0
1385,Bust A Groove 2,Misc,t,1999-03-31,0
9680,Sea Legends: Phantasmal Light,Misc,f,2012-01-16,0
11320,The Darkness Ii,Shooter,f,2012-02-07,0
12361,Umineko No Naku Koro Ni San: Shinjitsu To Gensou No Yasoukyoku,Visual Novel,t,2011-12-15,0
11644,The Sims 2: Freetime,Simulation,f,2008-02-26,0
1860,Codename: Panzers Phase Two,Strategy,f,2005-07-25,0
4041,Galactic Taz Ball,Platform,t,2010-08-10,0
11675,The Sims 4: Get Together,Simulation,f,2015-12-08,0
13044,X Rebirth,Simulation,f,2013-11-15,0
7543,Nazo No Murasame-Jou (Fds),Action,t,1986-04-14,0
5838,Klonoa 2: Lunatea'S Veil,Platform,t,2001-07-25,0
7686,Need For Speed Rivals,Racing,f,2013-11-19,0
3580,Fast & Furious: Showdown,Racing,t,2013-05-21,0
6120,Lips: I Love The 80s,Music,t,2010-04-02,0
12014,Tony Hawk'S Pro Skater 2,Sports,f,2000-10-31,0
8984,Rampo,Adventure,t,1995-02-24,0
1879,Colony Wars: Vengeance,Simulation,t,1998-11-04,0
3561,Farming 2017 - The Simulation,Simulation,f,2016-08-19,0
9867,Sherlock Holmes: The Awakened,Adventure,f,2007-03-01,0
5835,Klax,Puzzle,t,1990-01-01,0
6181,London Detective Mysteria,Visual Novel,t,2018-12-18,0
10875,Super Robot Taisen Ex,Strategy,t,1994-03-25,0
6285,Mace Griffin: Bounty Hunter,Shooter,f,2004-01-07,0
9180,Reveries: Seelenfänger,Puzzle,f,2015-10-07,0
1985,Country Dance: All Stars,Music,t,2012-03-27,0
10841,Super Meat Boy: Ultra Edition!,Platform,f,2011-04-05,0
9142,Resident Evil 3: Nemesis,Action,f,2001-04-16,0
8206,Pac-Man,Puzzle,t,1993-11-01,0
2930,Dragon Quest Builders 2,Adventure,t,2019-07-12,0
3348,Eve Online,Role-Playing,f,2003-05-06,0
10028,Sid Meier'S Civilization Vi,Strategy,f,2016-10-21,0
4300,Gotouchi Tetsudou For Nintendo Switch!!,Puzzle,t,2018-02-22,0
7121,Mortal Kombat X,Fighting,t,2015-04-14,0
11872,To Heart 2: Dungeon Travelers,Adventure,t,2015-04-30,0
1376,Bust-A-Move '99,Puzzle,t,1999-02-28,0
11146,Teenage Mutant Ninja Turtles: Tournament Fighters,Fighting,t,1994-02-01,0
4322,Grand Theft Auto,Action,f,1998-03-24,0
3727,Final Fantasy Xi: Online,Mmo,t,2006-04-18,0
11387,The Great Mystery Hidden Object Package 5,Adventure,f,2015-11-04,0
12846,Wolfenstein: The Old Blood,Shooter,t,2015-05-05,0
5064,Imagine: Makeup Artist,Simulation,t,2020-12-31,0
3960,Frostbite,Action,t,1983-08-14,0
3858,Forgotten Realms: Demon Stone,Action,f,2004-12-09,0
357,Amazing Adventures: The Lost Tomb,Puzzle,f,2007-11-05,0
10986,Sword Of The Stars: Complete Collection,Strategy,f,2010-05-28,0
12087,Touch Detective: Nameko Shigeru,Puzzle,t,2013-02-28,0
11336,The Elder Scrolls Online: Summerset,Mmo,t,2018-05-21,0
5769,Kinect: Disneyland Adventures,Action-Adventure,t,2011-11-15,0
2812,Doraemon,Action,t,1986-12-12,0
9707,Secrets Of The Titanic,Puzzle,f,2012-03-09,0
12440,Utawarerumono: Mask Of Truth,Visual Novel,t,2017-09-05,0
3185,Ecco: The Tides Of Time,Adventure,t,1994-08-25,0
9177,Return To Krondor,Role-Playing,f,1998-11-30,0
6904,Mirror'S Edge,Platform,f,2009-01-12,0
2885,Dragon Ball Z: Battle Of Z,Fighting,t,2014-01-28,0
8889,Quake Ii,Shooter,t,1999-06-30,0
10173,Slayers Royal 2,Role-Playing,t,1998-09-03,0
7000,Momotaro Dentetsu 2017: Tachiagare Nippon!!,Party,t,2016-12-22,0
3430,F1 2010,Racing,f,2010-09-22,0
9786,Sentimental Graffiti: First Window,Adventure,t,1997-04-11,0
9013,Raven'S Cry,Role-Playing,f,2015-01-26,0
11785,Thoroughbred Breeder,Simulation,t,1993-08-27,0
11976,Tom Clancy'S Splinter Cell: Blacklist,Action-Adventure,f,2013-08-20,0
1998,Crash Bandicoot N. Sane Trilogy,Platform,f,2018-06-29,0
5629,Karate,Fighting,t,1980-01-01,0
10853,Super Nazo Puyo: Ruruu No Ruu,Puzzle,t,1995-05-26,0
607,Assassin'S Creed: Rogue,Action,f,2015-03-10,0
9529,Sam & Max Hit The Road,Adventure,f,1993-01-01,0
7712,Nekketsu Kouha Kunio-Kun Sp Kyousoukyoku,Fighting,t,2013-08-08,0
12450,Valentino Rossi: The Game,Racing,f,2016-06-17,0
3710,Final Fantasy Ii,Role-Playing,t,1988-12-17,0
5050,Imagine: Champion Rider,Sports,f,2008-01-01,0
4179,Ghostbusters,Action,t,1985-05-10,0
6057,Lego Racers 2,Racing,f,2001-10-04,0
11230,Tetrisphere,Puzzle,t,1997-08-11,0
2717,Divinity Ii: Flames Of Vengeance,Role-Playing,f,2010-07-30,0
7121,Mortal Kombat X,Fighting,f,2015-04-14,0
4704,Heart Of Darkness,Platform,t,1998-07-31,0
2592,Disaster Report 4 Plus: Summer Memories,Action-Adventure,t,2020-04-07,0
10862,Super Puzzle Fighter Ii Turbo,Puzzle,t,1996-11-30,0
12217,Tropico 5,Simulation,t,2016-05-24,0
11677,The Sims 4: Spa Day,Simulation,f,2015-07-14,0
8919,R.B.I. Baseball 2,Sports,t,1990-01-01,0
1646,Championship Manager 4,Sports,f,2003-03-29,0
13062,Xevious,Shooter,t,1990-01-01,0
967,Beyond Divinity,Role-Playing,f,2004-04-28,0
6869,Minecraft,Sandbox,t,2018-06-21,0
10155,Skullgirls: 2nd Encore,Fighting,t,2016-04-14,0
12401,Until Dawn,Adventure,t,2014-01-01,0
12886,World End Syndrome,Visual Novel,t,2019-05-02,0
2182,Damage Inc.: Pacific Squadron Wwii,Simulation,t,2012-08-28,0
6448,Mappy,Platform,t,1984-11-14,0
11646,The Sims 2: H&M Fashion Stuff,Simulation,f,2007-06-05,0
1576,Castlevania,Platform,t,1987-05-01,0
5979,Lara Croft Tomb Raider: The Angel Of Darkness,Action,f,2003-07-01,0
6241,Lucinda Green'S Equestrian Challenge,Sports,f,2007-02-05,0
2674,Disney Epic Mickey 2: The Power Of Two,Platform,f,2012-11-18,0
6071,Leisure Suit Larry Collection,Misc,f,2006-09-15,0
5917,Kung-Fu Master,Action,t,1987-05-12,0
6462,Mario'S Picross,Puzzle,t,1995-03-01,0
12353,Ultra Street Fighter Iv,Fighting,t,2015-05-26,0
12977,Wrecking Crew,Platform,t,1985-10-01,0
7129,Mortimer Beckett And The Secrets Of Spooky Manor,Puzzle,f,2008-02-19,0
303,Aliens Versus Predator,Shooter,f,1999-04-30,0
6667,Mega Man X4,Platform,t,1997-01-01,0
1067,Blazblue: Central Fiction,Fighting,t,2016-11-01,0
11683,The Sims: House Party,Simulation,f,2001-03-26,0
9825,Shadowgate 64: Trials Of The Four Towers,Adventure,t,1999-05-31,0
6957,Mobile Suit Gundam,Action,t,1995-06-23,0
12497,Victorian Mysteries: Woman In White,Strategy,f,2010-12-17,0
1377,Bust-A-Move 2 Arcade Edition,Puzzle,t,1998-04-30,0
7094,Monsters Vs. Aliens,Platform,t,2009-03-24,0
13096,Yars' Revenge,Shooter,t,1982-05-01,0
11786,Thoroughbred Breeder Ii,Simulation,t,1994-06-08,0
11023,Tag Team Match M.U.S.C.L.E.,Fighting,t,1986-10-01,0
11217,Tetris 2,Puzzle,t,1993-10-01,0
2056,Crimson Skies,Simulation,f,2000-09-17,0
2487,Destiny 2: Forsaken,Shooter,f,2018-09-04,0
933,Bejeweled Blitz,Puzzle,f,2010-08-17,0
11820,Tiger Woods Pga Tour 2004,Sports,f,2003-09-22,0
10924,Superbeat: Xonic,Music,t,2017-06-06,0
5146,International Cricket Captain 2009,Sports,f,2009-05-05,0
1065,Blazblue: Calamity Trigger,Fighting,f,2014-02-13,0
5484,Juiced 2: Hot Import Nights,Racing,f,2008-03-20,0
10194,Sly Cooper: Thieves In Time,Platform,t,2013-02-05,0
8347,Perimeter,Strategy,f,2004-06-30,0
10430,Spirit Camera: The Cursed Memoir,Action-Adventure,t,2012-04-13,0
6647,Mega Man Legacy Collection,Platform,t,2016-02-23,0
1068,Blazblue: Chrono Phantasma,Fighting,t,2014-03-25,0
5354,Jewel Quest The Sapphire Dragon,Puzzle,t,2015-01-29,0
3767,Firepower For Microsoft Combat Flight Simulator 3,Simulation,f,2004-06-11,0
9623,Scene It? Twilight,Misc,f,2010-03-19,0
3372,Evolution Gt,Racing,f,2006-05-26,0
3191,Ecw Anarchy Rulz,Fighting,t,2000-08-18,0
11264,The Banner Saga Trilogy - Bonus Edition,Strategy,t,2018-07-27,0
595,Assassin'S Creed Iii,Action-Adventure,f,2012-11-20,0
3111,Dynasty Warriors,Action,t,1997-06-30,0
12744,Wii Sports Club,Sports,t,2014-07-25,0
10565,Star Wars: Dark Forces,Shooter,f,1995-02-28,0
10811,Super Bubble Pop,Puzzle,t,2003-01-03,0
6471,Mario & Wario,Puzzle,t,1993-08-27,0
10814,Super Castlevania Iv,Platform,t,1991-12-01,0
12714,Whacked!,Party,t,2002-10-08,0
6121,Lips: Number One Hits,Music,t,2009-10-20,0
6632,Mega Man 7,Platform,t,1995-03-23,0
10610,Startopia,Simulation,f,2001-06-16,0
11988,Tomb Raider: Anniversary,Action,f,2007-06-05,0
6408,Major League Baseball 2k12,Sports,f,2012-03-06,0
12127,Trackmania,Racing,f,2004-07-08,0
8741,Pro Cycling Manager Season 2010: Le Tour De France,Sports,f,2010-07-09,0
13016,Wwf Attitude,Fighting,t,1999-07-31,0
11000,Syphon Filter 2,Shooter,t,2000-02-29,0
8626,Post Mortem,Adventure,f,2003-02-27,0
10072,Simearth: The Living Planet,Simulation,t,1993-02-01,0
6161,Living Legends: Frozen Beauty,Action,f,2014-03-04,0
6173,Lode Runner,Puzzle,t,1987-09-01,0
4267,Gokujou Parodius,Shooter,t,1994-11-25,0
9624,Schlag Den Raab,Misc,f,2010-09-10,0
3012,Drift King Shutokou Battle '94,Racing,t,1994-05-27,0
11610,The Raven: Legacy Of A Master Thief,Adventure,f,2014-01-01,0
3462,Fade To Black,Action,t,1996-06-24,0
1120,Blood Bowl,Sports,f,2010-01-26,0
4317,Grand Knights History,Adventure,t,2012-12-31,0
11132,Teenage Mutant Ninja Turtles,Platform,t,1989-06-01,0
11698,The Snack World: Trejarers Gold,Role-Playing,t,2020-02-14,0
11657,The Sims 3: Ambitions,Simulation,f,2010-06-01,0
2096,Csi: Fatal Conspiracy,Adventure,f,2010-10-26,0
2989,Dream Club Zero Portable,Simulation,t,2011-12-17,0
11336,The Elder Scrolls Online: Summerset,Mmo,f,2018-05-21,0
13042,X-Plane 10 Global,Simulation,f,2013-10-13,0
9025,Rayman 2: The Great Escape,Platform,f,1999-10-31,0
10535,Star Trek: The Game,Action-Adventure,f,2013-04-23,0
6874,Minecraft: Story Mode - Season Two,Adventure,f,2017-09-19,0
7495,Nascar '14,Racing,t,2014-02-18,0
9303,Rock N' Roll Racing,Racing,t,1993-06-04,0
8275,Parappa The Rapper Remastered,Music,t,2017-04-04,0
4397,Gt Legends,Racing,f,2006-01-23,0
3395,Extra Bases,Sports,t,1991-04-01,0
4864,Hollywood: The Directors Cut,Puzzle,f,2012-02-03,0
10294,Sonic Classic Collection,Platform,t,2010-03-02,0
7688,Need For Speed Underground 2,Racing,f,2004-11-09,0
402,Angels And Despair: 5 Game Pack,Puzzle,f,2014-09-26,0
5905,Kouekizaidan Houjin Nihon Kanji Nouryoku Kentei Kyoukai: Kanken Training 2,Misc,t,2017-07-20,0
9778,Senran Kagura Burst Re:Newal,Action,t,2019-01-15,0
7164,Motogp 18,Racing,f,2018-03-31,0
11607,The Rabbit'S Apprentice,Adventure,f,2013-05-28,0
8739,Pro Cycling Manager 2016,Sports,f,2016-06-16,0
10148,Skeleton Warriors,Platform,t,1996-05-22,0
10298,Sonic Generations,Platform,f,2011-11-03,0
10171,Slayers,Role-Playing,t,1994-06-24,0
13034,X-Men Origins: Wolverine - Uncaged Edition,Action,f,2009-05-01,0
11896,Toki Tori 2+,Puzzle,t,2016-06-07,0
10839,Super Mario Usa,Platform,t,1992-09-14,0
8538,Playstation Move Ape Escape,Party,t,2011-07-05,0
3602,Fate/Extella Link,Action,t,2019-02-19,0
11666,The Sims 3: Seasons,Simulation,f,2012-11-13,0
2545,Dig Dug,Puzzle,t,1985-06-04,0
5993,Layton'S Mystery Journey: Katrielle And The Millionaires' Conspiracy Dx,Puzzle,t,2019-11-08,0
6625,Mega Man,Platform,t,1987-12-01,0
9074,Realsports Boxing,Sports,t,1987-01-01,0
2806,Dora The Explorer: Journey To The Purple Planet,Education,t,2006-02-09,0
2947,Dragon Quest X: All In One Package Ver.1-4,Mmo,t,2018-07-26,0
3475,Fallout 2,Role-Playing,f,1998-09-30,0
11765,Theatrhythm Dragon Quest,Music,t,2015-03-26,0
3547,Far Cry 5,Action,f,2018-02-27,0
10282,Sonic & Sega All-Stars Racing Transformed,Racing,t,2012-12-18,0
5584,Kamen Rider: Climax Fighters,Fighting,t,2017-12-07,0
6815,Microsoft Flight Simulator,Simulation,f,1996-10-31,0
11712,The Talos Principle,Puzzle,t,2015-10-13,0
5573,Kamaitachi No Yoru,Adventure,t,1994-11-25,0
12515,Vikings 4: Tribes Of The North,Action,f,2015-07-01,0
7273,Mxgp 2,Racing,t,2016-06-21,0
3740,Final Fantasy Xiv: Heavensward,Mmo,f,2015-06-23,0
9089,Record Of Lodoss War: Eiyuu Sensou,Role-Playing,t,1994-05-20,0
4349,Gravity Rush 2,Action-Adventure,t,2017-01-20,0
1517,Captain Morgane And The Golden Turtle,Adventure,f,2012-02-03,0
3092,Dungeons & Dragons: Chronicles Of Mystara,Fighting,t,2013-06-18,0
6022,Legends Of Oz: Dorothy'S Return,Puzzle,t,2014-04-29,0
12517,Vin Diesel: Wheelman,Racing,f,2009-03-24,0
7979,Nobunaga No Yabou: Souzou,Strategy,t,2014-02-22,0
9027,Rayman 3: Hoodlum Havoc,Platform,f,2003-03-24,0
4436,Guitar Hero Iii: Legends Of Rock,Misc,f,2007-11-13,0
8812,Prostroke Golf: World Tour 2007,Sports,f,2006-08-29,0
3552,Far Cry: Primal,Action-Adventure,f,2016-03-01,0
1830,Clu Clu Land,Puzzle,t,1985-10-18,0
3433,F1 2013,Racing,t,2013-10-08,0
10852,Super Nazo Puyo Tsuu: Ruruu No Tetsuwan Hanjyouki,Puzzle,t,1996-06-28,0
7524,National Geographic Challenge!,Misc,f,2011-04-08,0
4489,Gunstar Heroes,Shooter,t,1993-09-09,0
10714,Stronghold Crusader 2,Strategy,f,2014-09-23,0
10265,Solaris,Shooter,t,1986-07-13,0
6846,Mighty No. 9,Platform,t,2015-07-01,0
12815,Wipeout 3 The Game,Party,t,2012-09-25,0
3594,Fatal Fury Special,Fighting,t,1995-04-01,0
4620,Harry Potter For Kinect,Action-Adventure,t,2009-10-09,0
11649,The Sims 2: Kitchen & Bath Interior Design Stuff,Simulation,f,2008-04-15,0
7027,Monopoly,Misc,f,1995-01-01,0
7029,Monopoly For Nintendo Switch,Board Game,t,2017-10-31,0
5474,Jr. Pac-Man,Puzzle,t,1984-01-01,0
4579,Handball 16,Sports,f,2015-11-27,0
8313,Payday 2,Shooter,t,2015-06-16,0
601,Assassin'S Creed Syndicate,Action,f,2015-11-19,0
10804,Super Bomberman 2,Puzzle,t,1994-09-01,0
5515,Just Cause 3,Action-Adventure,f,2015-12-01,0
12420,Uta Kumi 575,Music,t,2014-01-23,0
7094,Monsters Vs. Aliens,Platform,f,2009-03-24,0
9929,Shining Force: Resurrection Of The Dark Dragon,Role-Playing,t,2004-06-08,0
3376,Evolve,Shooter,f,2015-02-10,0
8109,Open Season,Platform,f,2006-09-19,0
1257,Brave Fencer Musashi,Role-Playing,t,1998-10-31,0
3171,Earthbound,Role-Playing,t,1995-06-01,0
9840,"Sharin No Kuni, Himawari No Shoujo",Visual Novel,t,2010-10-28,0
8245,Paddington: Adventures In London,Puzzle,t,2015-08-11,0
9545,Samurai Shodown,Fighting,t,1993-08-11,0
6275,Luxor: The King'S Collection,Puzzle,f,2008-05-06,0
238,Ailu De Puzzle,Puzzle,t,2012-07-19,0
1716,Chopper Command,Shooter,t,1982-06-15,0
3976,Funfair Party Games,Party,t,2013-08-22,0
2153,Dai-4-Ji Super Robot Taisen,Strategy,t,1995-03-17,0
8961,Railway Empire,Simulation,f,2018-01-30,0
9546,Samurai Shodown,Fighting,t,1994-11-01,0
10074,Simon The Sorcerer 3d,Adventure,f,2002-04-13,0
8979,Rampage,Action,t,1989-01-01,0
2944,Dragon Quest X,Mmo,t,2014-09-04,0
11688,The Sims: Superstar,Simulation,f,2003-05-12,0
12541,Virtua Tennis 3,Sports,f,2007-03-30,0
11987,Tomb Raider Iii: Adventures Of Lara Croft,Adventure,f,1998-11-30,0
2998,Dreamcast Collection,Misc,f,2011-02-22,0
3340,Eurofighter Typhoon,Simulation,f,2001-07-30,0
10687,Street Fighter X Tekken,Fighting,f,2012-05-11,0
6393,Majesty 2 Collection,Strategy,f,2011-04-19,0
5347,Jewel Quest Ii,Puzzle,f,2007-04-01,0
9402,Rugby 15,Sports,t,2015-01-23,0
9693,Second Sight,Adventure,f,2005-02-18,0
8892,Quantum Break,Action,f,2016-09-29,0
453,Ape Escape: Pumped & Primed,Party,t,2004-10-20,0
3631,Fifa 15,Sports,f,2014-09-23,0
4847,Hitman 2: Silent Assassin,Action,f,2002-10-01,0
2806,Dora The Explorer: Journey To The Purple Planet,Education,t,2005-10-13,0
4403,Guardian'S Crusade,Role-Playing,t,1999-01-31,0
1909,Commando,Action,t,1988-01-01,0
12277,Twinbee,Shooter,t,1986-01-04,0
10647,Stolen Song,Adventure,t,1998-05-21,0
3625,Fierce Tales: Marcus' Memory,Adventure,f,2014-02-03,0
3777,Fishing Derby,Sports,t,1980-01-01,0
12540,Virtua Tennis 2009,Sports,f,2009-06-09,0
1817,Clive Barker'S Undying,Shooter,f,2001-02-21,0
5112,Indy 500,Racing,t,1977-10-01,0
3432,F1 2012,Racing,t,2012-09-18,0
590,Assassin'S Creed Chronicles: China,Action-Adventure,f,2015-04-21,0
9496,Saints Row Iv,Action,f,2013-08-20,0
8813,Prototype 2,Action,f,2012-04-24,0
5338,Jewel Master: Cradle Of Persia,Puzzle,t,2014-07-24,0
3229,Elixir Of Imortality,Misc,f,2015-05-08,0
7678,Nearwood,Adventure,f,2014-04-16,0
9174,Return Fire,Strategy,t,1996-04-12,0
7107,Mortal Kombat,Fighting,t,1993-09-13,0
8849,Putty Squad,Platform,t,2014-04-22,0
5248,Jagged Alliance,Strategy,f,1994-06-02,0
6567,Mdk,Shooter,f,1997-04-30,0
3183,Ecco The Dolphin,Adventure,t,1993-07-29,0
9823,Shadow Warrior,Shooter,f,1997-08-31,0
4326,Grand Theft Auto Iii,Action,f,2002-05-20,0
9033,Rayman Origins,Platform,f,2012-03-29,0
1676,Checkers,Misc,t,1980-07-01,0
8205,P.T.O. Iv: Pacific Theater Of Operations,Strategy,t,2003-02-03,0
10282,Sonic & Sega All-Stars Racing Transformed,Racing,f,2014-01-01,0
10635,Steins;Gate Elite,Visual Novel,t,2019-02-19,0
3014,Driv3r,Racing,f,2005-03-15,0
7363,Mystery Masterpiece: The Moonstone,Puzzle,f,2009-08-01,0
11278,The Bombing Islands,Platform,t,2001-04-26,0
4318,Grand Prix,Racing,t,1982-01-01,0
918,Beatmania Append Gottamix,Simulation,t,1999-05-27,0
3566,Farming Simulator 17: Big Bud,Simulation,f,2017-05-09,0
2422,Defiance,Action,f,2013-04-02,0
3438,F1 2018,Racing,f,2018-08-24,0
7445,Naruto Shippuden Ultimate Ninja Storm 4: Road To Boruto,Fighting,t,2017-02-03,0
3737,Final Fantasy Xiv Online,Mmo,t,2013-08-27,0
4051,Galerians,Adventure,t,2000-03-29,0
12072,Total War: Attila,Strategy,f,2015-02-17,0
8271,Paranormal Pursuit: The Gifted One,Action,f,2015-08-07,0
3526,Famista '89 - Kaimaku Han!!,Sports,t,1989-07-28,0
11635,The Sims,Simulation,f,2000-01-31,0
8115,Operation Flashpoint: Resistance,Shooter,f,2002-07-10,0
5137,Intelligent Qube,Puzzle,t,1997-09-30,0
10066,Simcity 4,Simulation,f,2003-01-12,0
2523,Dexter'S Lab / Powerpuff Girls Bundle,Adventure,t,2003-05-22,0
10003,Shrek 2,Platform,f,2004-05-03,0
4067,Game & Wario,Party,t,2013-06-23,0
1437,Caesar Iii,Strategy,f,1998-09-30,0
12476,Vanark,Shooter,t,2000-03-31,0
11889,Toca Race Driver 3: The Ultimate Racing Simulator,Racing,f,2006-02-24,0
5716,Kidou Senshi Gundam F91: Formula Senki 0122,Strategy,t,1991-07-06,0
11527,The Legend Of The Mystical Ninja,Adventure,t,1992-02-01,0
3437,F1 2017,Racing,f,2017-08-25,0
3592,Fatal Fury,Fighting,t,1993-04-01,0
9817,Shadow Of The Colossus,Action-Adventure,t,2018-02-06,0
8754,Pro Evolution Soccer 2015,Sports,f,2014-11-13,0
11973,Tom Clancy'S Splinter Cell,Action,f,2003-02-19,0
4286,Golf Club 2,Sports,t,2017-06-27,0
11685,The Sims: Livin Large,Misc,f,2000-08-27,0
13055,Xcom: Enemy Unknown,Strategy,f,2012-10-09,0
5714,Kidou Senkan Nadesico,Strategy,t,2020-12-31,0
1941,Contra Iii: The Alien Wars,Shooter,t,1992-04-01,0
1582,Castlevania Iii: Dracula'S Curse,Platform,t,1990-10-01,0
12429,Uta No Prince-Sama: Music 3,Music,t,2016-01-28,0
6646,Mega Man Iv,Platform,t,1993-01-01,0
10801,Super Batter Up,Sports,t,1992-10-01,0
110,9 Clues 2: The Ward,Puzzle,f,2015-07-23,0
5506,Jurassic Park,Action,t,1993-06-01,0
12203,Trivial Pursuit Unhinged,Misc,f,2004-04-28,0
1080,Blazing Dragons,Adventure,t,1996-10-31,0
10359,Space Battleship Yamato: Harukanaru Hoshi Iscandar,Strategy,t,1999-02-04,0
3701,Final Fantasy Adventure,Adventure,t,1991-11-01,0
11560,The Mark,Shooter,f,2007-02-26,0
764,Balloon Fight,Platform,t,1986-06-01,0
11119,Tearaway Unfolded,Platform,t,2015-09-08,0
3415,F-22 Lightning 3,Simulation,f,1999-05-25,0
9194,Rhythm Tengoku,Music,t,2006-08-03,0
12545,Virtual Chess 64,Misc,t,1998-06-10,0
9978,Shogun: Total War,Strategy,f,2000-06-13,0
343,Alter Ego,Simulation,f,1986-01-01,0
8525,Plants Vs. Zombies,Strategy,t,2011-01-18,0
3253,Empire Deluxe,Strategy,f,1993-01-01,0
10721,Stunt Race Fx,Racing,t,1994-01-01,0
8341,Penumbra: Overture,Adventure,f,2007-05-08,0
9252,River Raid Ii,Shooter,t,1988-07-28,0
10998,Syndicate,Shooter,f,1993-01-01,0
10065,Simcity 3000 Unlimited,Simulation,f,2000-05-16,0
10991,Syberia,Adventure,t,2003-07-23,0
8938,Racing Team Manager,Racing,f,2008-07-04,0
12755,Wild Guns Reloaded,Shooter,t,2018-04-17,0
8686,Prey,Shooter,f,2006-07-11,0
12770,Wing Commander Iv: The Price Of Freedom,Simulation,t,1997-05-14,0
9004,Ratchet & Clank Collection,Platform,t,2014-07-29,0
10996,Syberia Iii,Role-Playing,f,2017-04-25,0
4550,Halo Wars 2,Strategy,f,2017-02-21,0
10134,Singularity,Shooter,f,2010-06-29,0
1289,Broken Sword 5: The Serpent'S Curse,Adventure,t,2019-04-26,0
1214,Borderlands 2,Shooter,f,2012-09-18,0
4658,Harvest Moon: More Friends Of Mineral Town,Simulation,t,2005-07-26,0
11768,Theme Hospital,Strategy,f,1997-03-31,0
7694,Need For Speed: Most Wanted (2012),Racing,t,2013-03-19,0
5827,Kirby And The Rainbow Curse,Platform,t,2015-02-20,0
10187,Slot Machine,Action,t,1979-01-01,0
3953,Front Mission Alternative,Strategy,t,1997-12-18,0
7106,Mortal Kombat,Fighting,f,1994-05-25,0
6450,Marble Madness / Klax,Puzzle,t,2005-08-16,0
11379,The Golden Compass,Adventure,f,2007-12-14,0
9197,Richard Burns Rally,Racing,f,2004-09-03,0
12106,Touhou Shinpiroku ~ Urban Legend In Limbo,Fighting,t,2016-12-08,0
3027,Driving Simulator,Racing,f,2010-02-26,0
442,Aokana: Four Rhythm Across The Blue,Visual Novel,t,2020-08-21,0
10827,Super Fire Prowrestling,Fighting,t,1991-12-20,0
3487,Famicom Jump: Eiyuu Retsuden,Role-Playing,t,1989-02-15,0
1177,Bomberman,Puzzle,t,1989-01-01,0
390,Anachronox,Role-Playing,f,2001-06-25,0
4374,Grid: Autosport,Racing,t,2014-06-24,0
83,4 Play Collection: Treasure Hunters,Puzzle,f,2014-08-08,0
6833,Midtown Madness 2,Racing,f,2000-09-21,0
6507,Marvel Vs. Capcom: Infinite,Fighting,f,2017-09-19,0
4757,Heroes Of The Storm,Strategy,f,2014-01-01,0
7895,Nightmares From The Deep: Davy Jones,Puzzle,f,2014-06-17,0
11041,Taiko No Tatsujin: Don Don! Mystery Adventure,Music,t,2016-06-16,0
6738,Messiah,Adventure,f,2000-03-31,0
4850,Hitman: Blood Money,Action,f,2006-05-30,0
3727,Final Fantasy Xi: Online,Mmo,f,2004-09-21,0
10859,Super Puyo Puyo,Puzzle,t,1993-12-10,0
4866,Home Run,Sports,t,1978-01-01,0
577,Arx Fatalis,Role-Playing,f,2002-11-11,0
9347,Romance Of The Three Kingdoms Ii,Strategy,t,1992-05-01,0
6633,Mega Man 8 Anniversary Collector'S Edition,Platform,t,1997-02-28,0
8916,R-Types,Shooter,t,1999-02-28,0
2352,Dead Space 3,Shooter,f,2013-02-05,0
581,Ashes Cricket 2009,Sports,f,2009-08-07,0
432,Another World: 15th Anniversary Edition,Adventure,f,2006-01-01,0
2284,Darksiders Iii,Action,f,2018-11-27,0
6168,Lock'S Quest,Strategy,t,2017-05-30,0
253,Airline Tycoon,Simulation,f,2001-01-22,0
12290,Two Worlds,Role-Playing,f,2007-08-23,0
4401,Gtr 2: Fia Gt Racing Game,Racing,f,2006-09-29,0
5145,International Cricket Captain 2008,Sports,f,2008-06-27,0
13131,You Don'T Know Jack,Misc,f,1995-09-30,0
9143,Resident Evil 4,Action-Adventure,t,2009-07-27,0
3637,Fifa 2000: Major League Soccer,Sports,f,1999-09-30,0
6520,Mass Effect,Role-Playing,f,2008-05-28,0
8298,Patapon Remastered,Music,t,2017-08-01,0
6543,Max Payne,Shooter,f,2001-07-23,0
10760,"Sumikko Gurashi: Koko, Dokonan Desu?",Puzzle,t,2017-07-20,0
4998,I.Q. Remix+: Intelligent Qube,Puzzle,t,2000-03-23,0
4855,Hogs Of War,Role-Playing,f,2000-10-03,0
12112,Tour De France 2014,Sports,t,2014-06-20,0
10067,Simcity 4: Deluxe Edition,Simulation,f,2003-09-22,0
4680,Hatsune Miku: Project Mirai 2,Music,t,2015-05-26,0
6484,Mario Vs. Donkey Kong: Tipping Stars,Puzzle,t,2015-03-05,0
10226,Sniper Elite Iii,Shooter,f,2014-06-27,0
5334,Jewel Link Double Pack: Atlantic Quest / Galactic Quest,Puzzle,t,2014-05-30,0
888,Battlefield: Hardline,Shooter,f,2015-03-17,0
4086,Gameboy Wars,Strategy,t,1991-05-21,0
6369,Mahjong * Dream C Club,Board Game,t,2012-03-29,0
6957,Mobile Suit Gundam,Action,t,1995-12-22,0
3606,Fate/Hollow Ataraxia,Visual Novel,t,2014-11-27,0
4928,Hotel For Dogs,Simulation,f,2009-01-06,0
2319,Dc Universe Online,Mmo,t,2011-01-11,0
2482,Desperados: Wanted Dead Or Alive,Strategy,f,2001-07-23,0
4873,Homeworld: Cataclysm,Strategy,f,2000-09-07,0
1000,Billion Road,Board Game,t,2018-11-29,0
2348,Dead Rising 4: Frank'S Big Package,Action-Adventure,t,2017-12-05,0
5006,Ice Hockey,Sports,t,1981-01-01,0
10415,Spider-Man 3,Platform,f,2007-05-04,0
1692,Chibi Maruko-Chan: Harikiri 365-Nichi No Maki,Misc,t,1991-12-13,0
8795,Project Cars,Racing,t,2015-05-12,0
11452,The Italian Job,Racing,f,2002-08-19,0
4409,Guild Wars: Factions,Role-Playing,f,2006-04-28,0
10094,Simtower,Simulation,f,1994-01-01,0
1378,Bust-A-Move 3000,Puzzle,t,2003-02-12,0
12696,We Sing (2016),Music,t,2016-12-01,0
10528,Star Trek Voyager: Elite Force,Shooter,f,2000-09-20,0
1627,Challenge Me: Word Puzzles,Puzzle,f,2011-05-03,0
6985,Mobile Suit Gundam: Zeonic Front,Simulation,t,2002-01-15,0
6984,Mobile Suit Gundam: Try Age Sp,Strategy,t,2014-07-17,0
12546,Virtual Hydlide,Role-Playing,t,1995-04-27,0
1365,Burnout Paradise: The Ultimate Box,Racing,f,2009-02-05,0
4407,Guild Wars 2 - Path Of Fire,Role-Playing,f,2017-09-22,0
5910,Kowloon'S Gate,Adventure,t,1997-02-28,0
338,Alone In The Dark: The New Nightmare,Adventure,f,2001-06-25,0
11438,The Incredible Hulk,Action,f,2008-06-10,0
12479,Vandal Hearts Ii,Strategy,t,1999-11-30,0
9922,Shining Force Cd,Strategy,t,1994-07-21,0
11871,To Heart 2: Another Days,Visual Novel,t,2009-07-30,0
1581,Castlevania Ii: Simon'S Quest,Platform,t,1988-11-01,0
7371,Mystic Ark,Role-Playing,t,1995-07-14,0
11992,Tomb Raider: The Last Revelation,Action,f,1999-10-31,0
6869,Minecraft,Sandbox,t,2016-06-17,0
7726,Neopets Puzzle Adventure,Puzzle,f,2008-12-01,0
7201,Mr Bean,Platform,f,2009-02-20,0
4645,Harvest Moon Gb,Simulation,t,1998-08-01,0
540,Army Men,Action,f,1998-04-30,0
5272,James Bond 007: Nightfire,Shooter,f,2002-11-28,0
2369,Deal Or No Deal,Misc,f,2006-11-06,0
1778,Civilization Ii,Strategy,t,1998-01-20,0
13001,Wwe Raw,Fighting,f,2002-10-14,0
4618,Harry Potter And The Sorcerer'S Stone,Action,f,2001-11-15,0
11305,The Crew,Racing,f,2014-12-02,0
3413,F-1 Grand Prix,Racing,t,1992-04-28,0
2786,Doom,Shooter,f,1993-12-10,0
3844,Football Manager Live,Sports,f,2009-01-23,0
7761,New Play Control! Pikmin 2,Strategy,t,2012-06-10,0
2944,Dragon Quest X,Mmo,t,2013-03-30,0
1002,Billy Hatcher And The Giant Egg,Platform,f,2006-05-31,0
12968,Wrc 4: Fia World Rally Championship,Racing,t,2014-07-29,0
5982,Laser Blast,Action,t,1981-03-01,0
11519,The Legend Of Heroes: Trails Of Cold Steel Iv,Role-Playing,t,2020-10-27,0
1883,Combat,Action,t,1977-01-01,0
8842,Pure Farming 2018,Simulation,f,2018-03-13,0
6427,Malice: Two Sisters,Misc,f,2015-02-25,0
241,Air-Sea Battle,Shooter,t,1977-01-01,0
7966,Nobunaga'S Ambition: Sphere Of Influence,Strategy,t,2014-05-29,0
2772,Donkey Kong,Platform,t,1982-01-01,0
5174,Invizimals: The Resistance,Simulation,t,2015-01-01,0
9397,Rudra No Hihou,Role-Playing,t,1996-04-05,0
11535,The Liar Princess And The Blind Prince,Platform,t,2019-03-30,0
9314,Rockman & Forte,Platform,t,1998-04-24,0
13123,Yoshi,Puzzle,t,1992-07-01,0
7001,Momotaro Douchuuki,Misc,t,1997-09-25,0
9229,Rise Of Flight: Iron Cross Edition,Simulation,f,2010-07-07,0
1355,Burn Zombie Burn!,Shooter,f,2010-08-12,0
13288,Zoo Keeper,Puzzle,t,2005-01-18,0
6113,Limbo,Platform,f,2011-08-02,0
12542,Virtua Tennis 4,Sports,f,2011-06-24,0
10685,Street Fighter Iv,Fighting,f,2009-07-07,0
6734,Meru Purana,Strategy,t,1996-06-21,0
10673,Street Fighter 30th Anniversary Collection,Fighting,f,2018-05-29,0
8861,Puyo Puyo Tetris,Puzzle,t,2017-04-25,0
11650,The Sims 2: Nightlife,Simulation,f,2005-09-13,0
10629,Steep,Sports,t,2016-12-02,0
6027,Lego Batman 2: Dc Super Heroes,Action-Adventure,f,2012-06-19,0
6239,Lucian Bee'S: Justice Yellow / Evil Violet,Visual Novel,t,2010-05-20,0
568,Art Of Fighting 3: The Path Of The Warrior,Fighting,t,1996-04-26,0
7027,Monopoly,Misc,t,1997-10-31,0
5852,Knockout Kings 2001,Fighting,t,2001-02-05,0
1374,Bust-A-Bloc,Puzzle,t,2003-10-31,0
9375,Rory Mcilroy Pga Tour,Sports,t,2015-07-14,0
10811,Super Bubble Pop,Puzzle,t,2002-12-25,0
6980,Mobile Suit Gundam: Mokuba No Kiseki,Strategy,t,2012-01-26,0
6816,Microsoft Flight Simulator 2004: A Century Of Flight,Simulation,f,2003-07-29,0
82,4 Play Collection - Dark Mysteries,Misc,f,2014-08-18,0
3447,F1 Roc: Race Of Champions,Sports,t,1992-03-01,0
3868,Fortnite,Action,f,2017-07-21,0
1526,Cardfight!! Vanguard G: Stride To Victory!!,Strategy,t,2016-01-14,0
2257,Dark Fall: The Journal,Adventure,f,2003-07-25,0
850,Battle Commander: Hachibushu Shura No Heihou,Strategy,t,1991-12-29,0
8865,Puzzle & Dragons X: God Chapter / Dragon Chapter,Puzzle,t,2016-07-28,0
2794,Doom Ii,Shooter,f,1994-09-30,0
4724,Hello Kitty Kruisers,Racing,t,2014-03-21,0
8091,Oni,Action,f,2001-01-28,0
7697,Need For Speed: Payback,Racing,f,2017-11-10,0
6074,Leisure Suit Larry: Wet Dreams Don'T Dry,Adventure,f,2018-11-07,0
11227,Tetris Worlds,Puzzle,t,2002-03-20,0
10023,Sid Meier'S Civilization Ii,Strategy,f,1996-02-29,0
412,Animal Crossing: Amiibo Festival,Party,t,2015-11-13,0
4605,Hard Truck 2,Racing,f,2001-12-31,0
12761,Wildstar,Mmo,f,2014-06-03,0
10919,Super Street Fighter Iv: Arcade Edition,Fighting,f,2011-07-05,0
8014,Nuclear Strike,Simulation,t,1997-08-31,0
268,Akb1/149: Love Election,Simulation,t,2013-09-12,0
3481,Fallout 76,Role-Playing,f,2018-11-14,0
2281,Darksiders,Action,f,2010-09-23,0
7703,Need For Speed: The Run,Racing,f,2011-11-15,0
492,Arcanum: Of Steamworks And Magick Obscura,Role-Playing,f,2001-08-22,0
1112,Blitzkrieg,Strategy,f,2003-05-12,0
9002,Ratatouille,Platform,f,2007-06-26,0
8098,Onimusha: Warlords,Action-Adventure,t,2019-01-15,0
1155,Boarder Zone,Sports,f,2000-03-09,0
2914,Dragon Ball: Daimaou Fukkatsu,Role-Playing,t,1988-08-12,0
11967,Tom Clancy'S Rainbow Six: Patriots,Shooter,t,2014-01-01,0
13286,Zoo Empire,Simulation,f,2004-08-01,0
7693,Need For Speed: Most Wanted,Racing,f,2005-11-15,0
3079,Dungeon Siege Ii,Role-Playing,f,2005-08-16,0
1199,Bomberman World,Puzzle,t,1998-09-22,0
11830,Time Commando,Action,t,1996-09-30,0
8496,Pirates Of The Burning Sea,Role-Playing,f,2008-01-21,0
5479,Judgment,Action-Adventure,t,2019-06-25,0
1187,Bomberman Hero,Platform,t,1998-09-01,0
10902,Super Robot Wars Og Saga Masou Kishin F: Coffin Of The End,Strategy,t,2014-08-28,0
8471,Pillars Of Eternity,Role-Playing,f,2014-07-01,0
3428,F1 2002,Racing,f,2002-06-13,0
11327,The Elder Scrolls Iii: Morrowind,Role-Playing,f,2002-05-01,0
13055,Xcom: Enemy Unknown,Strategy,t,2012-10-09,0
10734,Sudden Strike,Strategy,f,2001-01-23,0
6452,Marc Ecko'S Getting Up: Contents Under Pressure,Action,f,2006-02-14,0
2273,Dark Tales: Edgar Allan Poe'S The Premature Burial,Adventure,f,2019-03-01,0
2038,Crazy Taxi 3,Racing,f,2020-12-31,0
9847,Shaun White Snowboarding,Sports,f,2008-12-03,0
1933,Conker: Live And Reloaded,Action-Adventure,t,2005-06-21,0
6076,Lemmings Revolution,Puzzle,f,2000-04-30,0
12521,Virtua Fighter,Fighting,t,1995-05-11,0
147,Accel World: Kasoku No Chouten,Adventure,t,2013-01-31,0
174,Advance Wars 2: Black Hole Rising,Strategy,t,2003-06-24,0
10684,Street Fighter Ii': Special Champion Edition (Jp Weekly Sales),Action,t,1993-09-27,0
597,Assassin'S Creed Iv: Black Flag,Action-Adventure,f,2013-11-19,0
7681,Nectaris: Military Madness,Strategy,t,1998-12-31,0
3739,Final Fantasy Xiv: A Realm Reborn,Mmo,t,2014-04-14,0
7399,Namco Museum Vol.1,Misc,t,1996-07-31,0
408,Angry Birds: Star Wars,Puzzle,f,2012-11-08,0
10138,Siren: Blood Curse,Action-Adventure,t,2008-07-24,0
8009,Nox,Role-Playing,f,2000-01-31,0
6820,Middle-Earth: Shadow Of War,Action,f,2017-10-10,0
4353,Gray Matter,Adventure,f,2011-02-22,0
11793,Throne Of Darkness,Role-Playing,f,2001-09-24,0
851,Battle Dodge Ball,Sports,t,1991-07-20,0
3821,Flying Turtle,Misc,f,2009-11-25,0
916,Beatmania Append 3rdmix,Simulation,t,1998-12-23,0
1281,Bridge,Misc,t,1980-12-01,0
598,Assassin'S Creed Odyssey,Action-Adventure,f,2018-10-05,0
11563,The Mighty Quest For Epic Loot,Action,f,2015-02-05,0
8151,Otogirisou,Adventure,t,1992-03-07,0
8260,Panzer Dragoon,Shooter,t,1995-05-11,0
178,Adventure Island,Platform,t,1988-09-01,0
2945,Dragon Quest X: 5000-Nen No Harukanaru Kokyou E Online,Mmo,t,2017-11-16,0
4122,Gegege No Kitarou 2: Youkai Gundan No Chousen,Role-Playing,t,1987-12-22,0
1901,Command & Conquer: Red Alert,Strategy,t,1997-10-31,0
10303,Sonic Mega Collection Plus,Misc,f,2007-03-09,0
5996,Le Tour De France 2017,Simulation,f,2017-06-15,0
5454,John Romero'S Daikatana,Shooter,f,2000-04-14,0
1230,Boxing,Fighting,t,1980-06-17,0
3472,Falcon 4.0: Allied Force,Simulation,f,2005-06-28,0
3845,For Honor,Action,f,2017-02-14,0
11862,Titanic: Adventure Out Of Time,Adventure,f,1996-10-31,0
6478,Mario Party: Star Rush,Party,t,2016-11-04,0
6524,Mass Effect Trilogy,Action,f,2012-11-06,0
11211,Test Drive Unlimited,Racing,f,2007-03-20,0
11154,Tekken 7,Fighting,f,2017-06-02,0
3996,Future Card Buddyfight: Yuujou No Bakunetsu Fight!,Strategy,t,2015-04-16,0
4524,Hakuouki 3d,Adventure,t,2013-09-19,0
9354,Romance Of The Three Kingdoms Vii,Strategy,t,2002-06-25,0
9800,Sesame Street: Once Upon A Monster,Education,t,2011-10-11,0
11521,The Legend Of Korra A New Era Begins,Strategy,t,2014-10-28,0
5521,Just Dance 2017,Music,t,2017-03-03,0
884,Battlefield V,Shooter,f,2018-11-20,0
12665,Wasteland 2,Misc,f,2020-12-31,0
1805,Classic Road,Sports,t,1993-10-29,0
184,Adventures Of Lolo,Puzzle,t,1989-04-01,0
